# File produced by Open Asset Import Library (http://www.assimp.sf.net)
# (assimp v3.1.193236683)

mtllib bucket.mtl

# 2528 vertex positions
v  62.5282 95.0995 -93.5843
v  61.8643 95.1583 -92.5895
v  42.6122 95.1583 -102.88
v  43.0692 95.0995 -103.985
v  79.5841 95.0996 -79.5869
v  78.739 95.1583 -78.7409
v  93.5816 95.0996 -62.5309
v  92.5876 95.1583 -61.8662
v  103.983 95.0996 -43.0719
v  102.878 95.1583 -42.6141
v  110.388 95.0996 -21.9577
v  109.215 95.1583 -21.7244
v  112.55 95.0996 0.000376213
v  111.355 95.1583 0.000253919
v  110.388 95.0996 21.9585
v  109.215 95.1583 21.7249
v  103.983 95.0996 43.0727
v  102.878 95.1583 42.6146
v  93.5816 95.0996 62.5317
v  92.5876 95.1583 61.8668
v  79.5841 95.0996 79.5876
v  78.739 95.1583 78.7414
v  62.5282 95.0996 93.5851
v  61.8643 95.1583 92.5901
v  43.0692 95.0996 103.986
v  42.6122 95.1583 102.881
v  21.9549 95.0996 110.391
v  21.7224 95.1583 109.217
v  21.933 93.5696 -110.284
v  21.9549 95.0995 -110.39
v  2.68337 95.0994 -112.288
v  2.64211 93.5695 -112.184
v  2.7312 95.1578 111.088
v  2.74917 93.6337 109.959
v  21.5029 93.6346 108.112
v  -43.0755 95.0996 103.986
v  -42.6166 95.1582 102.881
v  -21.7269 95.1582 109.217
v  -21.9613 95.0996 110.391
v  -62.5345 95.0996 93.5851
v  -61.8688 95.1582 92.59
v  -79.5905 95.0996 79.5876
v  -78.7434 95.1582 78.7413
v  -93.5879 95.0996 62.5316
v  -92.592 95.1582 61.8667
v  -103.989 95.0996 43.0726
v  -102.882 95.1582 42.6146
v  -110.394 95.0996 21.9584
v  -109.219 95.1582 21.7248
v  -112.557 95.0996 0.000276029
v  -111.359 95.1582 0.0001548
v  -110.394 95.0996 -21.9578
v  -109.219 95.1582 -21.7245
v  -103.989 95.0995 -43.072
v  -102.882 95.1582 -42.6143
v  -93.5878 95.0995 -62.531
v  -92.5919 95.1582 -61.8664
v  -79.5903 95.0995 -79.587
v  -78.7432 95.1582 -78.741
v  -62.5343 95.0995 -93.5844
v  -61.8686 95.1582 -92.5896
v  -43.0753 95.0995 -103.985
v  -42.6164 95.1582 -102.88
v  -21.961 95.0995 -110.39
v  -21.7266 95.1582 -109.217
v  -2.62588 90.535 -111.139
v  -2.64721 93.5627 -112.062
v  -21.9408 93.5696 -110.284
v  -21.7489 90.5352 -109.317
v  2.83984 39.9341 -109.206
v  2.83984 40.9315 -107.297
v  20.9872 40.9315 -105.51
v  21.3595 39.9341 -107.382
v  -21.5066 93.6345 108.112
v  -2.74398 93.6137 109.596
v  -2.72855 95.1376 110.794
v  -16.7776 -139.015 -84.3475
v  -32.9107 -139.015 -79.4537
v  -33.7133 -121.524 -81.3913
v  -17.1868 -121.524 -86.4046
v  -20.987 40.9315 -105.51
v  -41.1677 40.9315 -99.3881
v  -41.7143 52.8429 -100.708
v  -21.2657 52.8429 -106.911
v  -59.7663 40.9315 -89.4469
v  -60.5598 52.8429 -90.6345
v  -76.0682 40.9315 -76.0684
v  -77.0781 52.8429 -77.0783
v  -89.4468 40.9315 -59.7666
v  -90.6343 52.8429 -60.5601
v  -99.3879 40.9315 -41.168
v  -100.707 52.8429 -41.7145
v  -105.51 40.9315 -20.9873
v  -106.911 52.8429 -21.2659
v  -107.577 40.9315 -0.000110545
v  -109.005 52.8429 -0.000113864
v  -105.51 40.9315 20.9871
v  -106.911 52.8429 21.2657
v  -99.388 40.9316 41.1678
v  -100.708 52.8429 41.7143
v  -89.4469 40.9316 59.7664
v  -90.6344 52.8429 60.5599
v  -76.0683 40.9316 76.0682
v  -77.0783 52.8429 77.0781
v  -59.7665 40.9316 89.4468
v  -60.56 52.8429 90.6343
v  -41.1679 40.9316 99.388
v  -41.7145 52.8429 100.708
v  -20.9872 40.9316 105.51
v  -21.2659 52.8429 106.911
v  21.3595 39.9341 107.382
v  20.9872 40.9316 105.51
v  2.84006 40.9316 107.297
v  2.84005 39.9341 109.206
v  -2.84012 40.9316 107.297
v  -2.84012 52.8429 108.725
v  41.1678 40.9316 99.388
v  41.7144 52.8429 100.708
v  21.2658 52.8429 106.911
v  59.7665 40.9316 89.4468
v  60.56 52.8429 90.6344
v  76.0683 40.9316 76.0683
v  77.0782 52.8429 77.0782
v  89.4468 40.9316 59.7665
v  90.6344 52.8429 60.5599
v  99.388 40.9316 41.1678
v  100.708 52.8429 41.7144
v  105.51 40.9315 20.9872
v  106.911 52.8429 21.2658
v  107.577 40.9315 -1.47904e-05
v  109.005 52.8429 -1.68389e-05
v  105.51 40.9315 -20.9872
v  106.911 52.8429 -21.2658
v  99.388 40.9315 -41.1679
v  100.708 52.8429 -41.7144
v  89.4468 40.9315 -59.7665
v  90.6344 52.8429 -60.56
v  76.0683 40.9315 -76.0683
v  77.0782 52.8429 -77.0782
v  59.7665 40.9315 -89.4468
v  60.56 52.8429 -90.6344
v  41.1679 40.9315 -99.388
v  41.7144 52.8429 -100.708
v  21.2658 52.8429 -106.911
v  -20.846 34.9012 -104.801
v  -21.3417 36.0811 -107.293
v  -2.83984 36.0811 -109.115
v  -2.83984 34.9012 -106.574
v  17.2912 -117.067 -86.9287
v  2.83984 -117.067 -88.352
v  2.83984 34.9012 -106.574
v  20.8461 34.9012 -104.801
v  21.7225 95.1582 -109.217
v  -2.83984 -139.015 -85.7203
v  -2.83984 -121.524 -87.8176
v  -2.24708 -116.942 -87.6817
v  -2.83984 -117.067 -88.352
v  -2.24708 35.026 -105.904
v  -47.7789 -139.015 -71.5064
v  -48.9441 -121.524 -73.2503
v  -60.8111 -139.015 -60.8112
v  -62.2941 -121.524 -62.2943
v  -71.5063 -139.015 -47.7791
v  -73.2502 -121.524 -48.9443
v  -79.4536 -139.015 -32.9108
v  -81.3913 -121.524 -33.7135
v  -84.3475 -139.015 -16.7778
v  -86.4045 -121.524 -17.187
v  -86 -139.015 -6.03931e-05
v  -88.0973 -121.524 -6.5268e-05
v  -84.3475 -139.015 16.7777
v  -86.4046 -121.524 17.1869
v  -79.4537 -139.015 32.9107
v  -81.3913 -121.524 33.7133
v  -71.5064 -139.015 47.779
v  -73.2503 -121.524 48.9442
v  -60.8112 -139.015 60.8112
v  -62.2943 -121.524 62.2942
v  -47.7791 -139.015 71.5064
v  -48.9443 -121.524 73.2502
v  -17.2912 -117.067 86.9287
v  -2.84012 -117.067 88.352
v  -2.84013 34.9012 106.574
v  -20.8462 34.9012 104.801
v  -21.3594 39.9341 -107.382
v  -2.83984 40.9315 -107.297
v  -2.83984 39.9341 -109.206
v  -32.9108 -139.015 79.4536
v  -33.7134 -121.524 81.3913
v  2.84006 -139.015 85.7203
v  16.7777 -139.015 84.3476
v  17.1869 -121.524 86.4046
v  2.84006 -121.524 87.8176
v  32.9108 -139.015 79.4537
v  33.7134 -121.524 81.3913
v  47.779 -139.015 71.5064
v  48.9442 -121.524 73.2503
v  60.8112 -139.015 60.8112
v  62.2942 -121.524 62.2942
v  71.5064 -139.015 47.7791
v  73.2503 -121.524 48.9443
v  79.4536 -139.015 32.9108
v  81.3913 -121.524 33.7134
v  84.3475 -139.015 16.7778
v  86.4046 -121.524 17.1869
v  86 -139.015 1.61556e-05
v  88.0973 -121.524 1.31476e-05
v  84.3475 -139.015 -16.7777
v  86.4045 -121.524 -17.1869
v  79.4536 -139.015 -32.9108
v  81.3913 -121.524 -33.7134
v  71.5064 -139.015 -47.779
v  73.2503 -121.524 -48.9442
v  60.8112 -139.015 -60.8112
v  62.2942 -121.524 -62.2942
v  47.779 -139.015 -71.5064
v  48.9442 -121.524 -73.2502
v  -16.7778 -139.015 84.3475
v  -17.187 -121.524 86.4046
v  2.83984 36.0811 -109.115
v  21.3418 36.0811 -107.293
v  -2.84013 36.0812 109.115
v  -21.3419 36.0812 107.293
v  -40.891 34.9012 -98.72
v  -41.8633 36.0811 -101.067
v  -21.7997 57.8425 -109.595
v  -21.4067 58.8732 -107.62
v  -2.83989 58.8732 -109.448
v  -2.83987 57.8425 -111.463
v  -59.3646 34.9012 -88.8457
v  -60.7762 36.0811 -90.9584
v  -41.8981 39.9341 -101.151
v  -75.5569 34.9012 -75.5571
v  -77.3535 36.0811 -77.3537
v  -60.8267 39.9341 -91.0339
v  -88.8455 34.9012 -59.3649
v  -90.9582 36.0811 -60.7765
v  -77.4178 39.9341 -77.418
v  -98.7199 34.9012 -40.8913
v  -101.067 36.0811 -41.8636
v  -91.0337 39.9341 -60.827
v  -104.801 34.9012 -20.8462
v  -107.293 36.0811 -21.3419
v  -101.151 39.9341 -41.8984
v  -106.854 34.9012 -0.000108864
v  -109.395 36.0812 -0.000110827
v  -107.382 39.9341 -21.3597
v  -104.801 34.9012 20.846
v  -107.293 36.0812 21.3417
v  -109.485 39.9341 -0.000111648
v  -98.72 34.9012 40.8911
v  -101.067 36.0812 41.8634
v  -107.382 39.9341 21.3594
v  -88.8456 34.9012 59.3647
v  -90.9583 36.0812 60.7763
v  -101.151 39.9341 41.8982
v  -75.557 34.9012 75.5569
v  -77.3537 36.0812 77.3536
v  -91.0339 39.9341 60.8268
v  -59.3648 34.9012 88.8456
v  -60.7764 36.0812 90.9582
v  -77.418 39.9341 77.4178
v  -40.8912 34.9012 98.7199
v  -41.8635 36.0812 101.067
v  -60.8269 39.9341 91.0338
v  -41.8983 39.9341 101.151
v  20.8461 34.9012 104.801
v  21.3418 36.0812 107.293
v  2.84005 36.0812 109.115
v  2.84006 34.9012 106.574
v  -21.3596 39.9341 107.382
v  -2.84013 39.9341 109.206
v  2.84005 52.8429 108.725
v  40.8911 34.9012 98.72
v  41.8635 36.0812 101.067
v  -21.5064 93.6345 -108.112
v  -2.73878 93.6177 -109.393
v  59.3647 34.9012 88.8456
v  60.7764 36.0812 90.9583
v  41.8982 39.9341 101.151
v  75.557 34.9012 75.557
v  77.3536 36.0812 77.3536
v  60.8269 39.9341 91.0338
v  88.8456 34.9012 59.3647
v  90.9583 36.0812 60.7763
v  77.4179 39.9341 77.4179
v  98.72 34.9012 40.8911
v  101.067 36.0812 41.8635
v  91.0338 39.9341 60.8268
v  104.801 34.9012 20.8461
v  107.293 36.0812 21.3418
v  101.151 39.9341 41.8982
v  106.854 34.9012 -1.37534e-05
v  109.395 36.0812 -1.34548e-05
v  107.382 39.9341 21.3595
v  104.801 34.9012 -20.8461
v  107.293 36.0811 -21.3418
v  109.485 39.9341 -1.4195e-05
v  98.72 34.9012 -40.8911
v  101.067 36.0811 -41.8635
v  107.382 39.9341 -21.3596
v  88.8456 34.9012 -59.3647
v  90.9583 36.0811 -60.7764
v  101.151 39.9341 -41.8983
v  75.557 34.9012 -75.557
v  77.3536 36.0811 -77.3536
v  91.0338 39.9341 -60.8269
v  59.3647 34.9012 -88.8456
v  60.7764 36.0811 -90.9583
v  77.4179 39.9341 -77.4179
v  40.8911 34.9012 -98.72
v  41.8635 36.0811 -101.067
v  60.8269 39.9341 -91.0338
v  41.8983 39.9341 -101.151
v  -2.83984 52.8429 -108.725
v  2.83984 52.8429 -108.725
v  2.83984 54.051 -111.376
v  21.783 54.051 -109.51
v  -2.84013 54.051 111.376
v  -21.783 54.051 109.51
v  -42.7287 54.051 -103.157
v  -21.7828 54.051 -109.51
v  -62.0325 54.051 -92.8385
v  -42.7618 57.8425 -103.237
v  -41.991 58.8732 -101.376
v  -78.9525 54.051 -78.9527
v  -62.0806 57.8425 -92.9105
v  -60.9616 58.8732 -91.2357
v  -92.8384 54.051 -62.0328
v  -79.0137 57.8425 -79.014
v  -77.5894 58.8732 -77.5896
v  -103.157 54.051 -42.729
v  -92.9104 57.8426 -62.0809
v  -91.2355 58.8732 -60.9618
v  -109.51 54.051 -21.7831
v  -103.237 57.8426 -42.7621
v  -101.376 58.8732 -41.9913
v  -111.656 54.051 -0.000115922
v  -109.595 57.8425 -21.8
v  -107.62 58.8732 -21.407
v  -109.51 54.051 21.7829
v  -111.742 57.8426 -0.000116726
v  -109.728 58.8732 -0.000115545
v  -103.157 54.051 42.7288
v  -109.595 57.8426 21.7998
v  -107.62 58.8732 21.4068
v  -92.8385 54.051 62.0326
v  -103.237 57.8426 42.7619
v  -101.376 58.8732 41.991
v  -78.9527 54.051 78.9526
v  -92.9105 57.8426 62.0807
v  -91.2356 58.8732 60.9616
v  -62.0327 54.051 92.8384
v  -79.0139 57.8426 79.0138
v  -77.5895 58.8732 77.5894
v  -42.7289 54.051 103.157
v  -62.0808 57.8426 92.9104
v  -60.9617 58.8732 91.2355
v  -42.762 57.8426 103.237
v  -41.9912 58.8732 101.376
v  21.7829 54.051 109.51
v  2.84005 54.051 111.376
v  -21.7999 57.8426 109.595
v  -21.4069 58.8732 107.62
v  -2.84012 58.8732 109.448
v  2.84005 58.8732 109.448
v  21.4069 58.8732 107.62
v  42.7288 54.051 103.157
v  21.4932 36.9619 -108.053
v  2.83984 36.9619 -109.891
v  62.0327 54.051 92.8384
v  42.762 57.8426 103.237
v  41.9911 58.8732 101.376
v  21.7998 57.8426 109.595
v  78.9526 54.051 78.9526
v  62.0808 57.8426 92.9104
v  60.9617 58.8732 91.2356
v  92.8384 54.051 62.0327
v  79.0138 57.8426 79.0138
v  77.5895 58.8732 77.5895
v  103.157 54.051 42.7288
v  92.9105 57.8426 62.0808
v  91.2356 58.8732 60.9617
v  109.51 54.051 21.783
v  103.237 57.8426 42.762
v  101.376 58.8732 41.9911
v  111.656 54.051 -1.65369e-05
v  109.595 57.8426 21.7998
v  107.62 58.8732 21.4069
v  109.51 54.051 -21.783
v  111.742 57.8426 -1.72638e-05
v  109.728 58.8732 -1.78759e-05
v  103.157 54.051 -42.7288
v  109.595 57.8426 -21.7999
v  107.62 58.8732 -21.4069
v  92.8384 54.051 -62.0327
v  103.237 57.8426 -42.762
v  101.376 58.8732 -41.9911
v  78.9526 54.051 -78.9526
v  92.9105 57.8425 -62.0808
v  91.2356 58.8732 -60.9617
v  62.0327 54.051 -92.8384
v  79.0138 57.8426 -79.0138
v  77.5895 58.8732 -77.5895
v  42.7288 54.051 -103.157
v  62.0808 57.8425 -92.9104
v  60.9617 58.8732 -91.2356
v  42.762 57.8425 -103.237
v  41.9911 58.8732 -101.376
v  21.4069 58.8732 -107.62
v  2.83988 58.8732 -109.448
v  2.74901 93.6337 -109.959
v  21.5029 93.6346 -108.112
v  21.7999 57.8425 -109.595
v  -15.9463 -139.015 -80.1679
v  -4.58118 -139.015 -81.2872
v  -3.92972 -138.89 -80.5505
v  2.90996 -139.015 -81.4518
v  15.9464 -139.015 -80.1678
v  31.28 -139.015 -75.5164
v  45.4114 -139.015 -67.963
v  57.7978 -139.015 -57.7978
v  67.963 -139.015 -45.4114
v  75.5165 -139.015 -31.2799
v  80.1679 -139.015 -15.9464
v  81.7384 -139.015 1.69213e-05
v  80.1679 -139.015 15.9464
v  75.5165 -139.015 31.28
v  67.963 -139.015 45.4115
v  57.7978 -139.015 57.7978
v  45.4114 -139.015 67.9631
v  31.2799 -139.015 75.5165
v  15.9464 -139.015 80.1679
v  2.89949 -139.015 81.4529
v  -2.50541 -139.015 80.7681
v  -3.67701 -139.015 81.3763
v  -15.9464 -139.015 80.1679
v  -31.28 -139.015 75.5165
v  -45.4115 -139.015 67.963
v  -57.7978 -139.015 57.7978
v  -67.9631 -139.015 45.4114
v  -75.5165 -139.015 31.2799
v  -80.1679 -139.015 15.9463
v  -81.7384 -139.015 -5.65805e-05
v  -80.1678 -139.015 -15.9464
v  -75.5164 -139.015 -31.28
v  -67.963 -139.015 -45.4115
v  -57.7977 -139.015 -57.7979
v  -45.4114 -139.015 -67.9631
v  -31.2798 -139.015 -75.5165
v  -61.2074 36.9619 91.6033
v  -42.1604 36.9619 101.784
v  61.2074 36.9619 -91.6033
v  42.1604 36.9619 -101.784
v  -21.4947 39.0681 -108.062
v  -42.1635 39.0681 -101.792
v  -2.83984 36.9619 -109.891
v  -21.493 36.9619 -108.053
v  -61.212 39.0681 -91.6105
v  -42.1602 36.9619 -101.784
v  -77.9081 39.0681 -77.9083
v  -61.2072 36.9619 -91.6034
v  -91.6103 39.0681 -61.2122
v  -77.9021 36.9619 -77.9023
v  -101.792 39.0681 -42.1637
v  -91.6032 36.9619 -61.2075
v  -108.062 39.0681 -21.4949
v  -101.784 36.9619 -42.1605
v  -110.179 39.0681 -0.00011195
v  -108.053 36.9619 -21.4933
v  -108.062 39.0681 21.4947
v  -110.17 36.9619 -0.00011153
v  -101.792 39.0681 42.1635
v  -108.053 36.9619 21.4931
v  -91.6104 39.0681 61.212
v  -101.784 36.9619 42.1603
v  -77.9083 39.0681 77.9081
v  -91.6033 36.9619 61.2073
v  -61.2121 39.0681 91.6103
v  -77.9023 36.9619 77.9021
v  -42.1637 39.0681 101.792
v  -21.4949 39.0681 108.062
v  -2.84013 39.0681 109.899
v  2.84005 39.0681 109.899
v  21.4948 39.0681 108.062
v  21.9331 54.909 -110.265
v  2.83984 54.909 -112.146
v  -21.4932 36.9619 108.053
v  -2.84013 36.9619 109.891
v  42.1636 39.0681 101.792
v  2.84005 36.9619 109.891
v  21.4931 36.9619 108.053
v  61.2121 39.0681 91.6103
v  42.1603 36.9619 101.784
v  77.9082 39.0681 77.9082
v  61.2074 36.9619 91.6033
v  91.6104 39.0681 61.2121
v  77.9022 36.9619 77.9022
v  101.792 39.0681 42.1636
v  91.6033 36.9619 61.2073
v  108.062 39.0681 21.4948
v  101.784 36.9619 42.1603
v  110.179 39.0681 -1.38796e-05
v  108.053 36.9619 21.4932
v  108.062 39.0681 -21.4948
v  110.17 36.9619 -1.34663e-05
v  101.792 39.0681 -42.1636
v  108.053 36.9619 -21.4932
v  91.6104 39.0681 -61.2121
v  101.784 36.9619 -42.1604
v  77.9082 39.0681 -77.9082
v  91.6033 36.9619 -61.2074
v  61.2121 39.0681 -91.6104
v  77.9022 36.9619 -77.9022
v  42.1636 39.0681 -101.792
v  21.4948 39.0681 -108.062
v  2.83984 39.0681 -109.899
v  -2.83984 39.0681 -109.899
v  43.0234 54.909 -103.868
v  -62.4604 54.909 93.4784
v  -43.0234 54.909 103.868
v  62.4603 54.909 -93.4784
v  -21.9341 57.0006 -110.271
v  -43.0254 57.0007 -103.873
v  -2.83984 54.909 -112.146
v  -2.83984 54.051 -111.376
v  -21.933 54.909 -110.265
v  -62.4633 57.0007 -93.4833
v  -43.0232 54.909 -103.868
v  -79.5008 57.0007 -79.501
v  -62.4602 54.909 -93.4785
v  -93.4831 57.0007 -62.4636
v  -79.4968 54.909 -79.497
v  -103.873 57.0007 -43.0257
v  -93.4784 54.909 -62.4604
v  -110.271 57.0007 -21.9344
v  -103.868 54.909 -43.0235
v  -112.431 57.0007 -0.000117029
v  -110.265 54.909 -21.9333
v  -110.271 57.0007 21.9341
v  -112.426 54.909 -0.000116614
v  -103.873 57.0007 43.0255
v  -110.265 54.909 21.933
v  -93.4832 57.0007 62.4634
v  -103.868 54.909 43.0233
v  -79.501 57.0007 79.5009
v  -93.4785 54.909 62.4602
v  -62.4635 57.0007 93.4831
v  -79.4969 54.909 79.4968
v  -43.0256 57.0007 103.873
v  -21.9343 57.0007 110.271
v  -2.84013 57.0007 112.152
v  -2.84013 57.8426 111.463
v  2.84005 57.8426 111.463
v  2.84005 57.0007 112.152
v  21.9342 57.0007 110.271
v  21.7402 90.5352 -109.317
v  2.61843 90.5351 -111.2
v  -21.9332 54.909 110.265
v  -2.84013 54.909 112.146
v  43.0256 57.0007 103.873
v  2.84005 54.909 112.146
v  21.9331 54.909 110.265
v  62.4635 57.0007 93.4832
v  43.0234 54.909 103.868
v  79.5009 57.0007 79.5009
v  62.4603 54.909 93.4784
v  93.4832 57.0007 62.4635
v  79.4969 54.909 79.4969
v  103.873 57.0007 43.0256
v  93.4785 54.909 62.4603
v  110.271 57.0007 21.9342
v  103.868 54.909 43.0234
v  112.431 57.0007 -1.6957e-05
v  110.265 54.909 21.9331
v  110.271 57.0007 -21.9343
v  112.426 54.909 -1.65473e-05
v  103.873 57.0007 -43.0256
v  110.265 54.909 -21.9332
v  93.4832 57.0007 -62.4635
v  103.868 54.909 -43.0234
v  79.5009 57.0007 -79.5009
v  93.4784 54.909 -62.4603
v  62.4635 57.0007 -93.4832
v  79.4969 54.909 -79.4969
v  43.0256 57.0006 -103.873
v  21.9343 57.0006 -110.271
v  2.83986 57.0007 -112.152
v  2.83987 57.8425 -111.463
v  -2.83986 57.0007 -112.152
v  -2.24708 40.0589 -108.535
v  -2.24708 39.1929 -109.229
v  -77.9461 93.6345 77.9444
v  -91.6546 93.6344 61.2406
v  -91.6545 93.6344 -61.2403
v  -77.9459 93.6345 -77.9441
v  108.11 93.6347 -21.5046
v  110.228 93.6347 0.000207968
v  42.1813 93.6346 101.839
v  -101.841 93.6344 42.1833
v  42.1813 93.6346 -101.839
v  -61.2421 93.6345 -91.6526
v  108.11 93.6347 21.505
v  -108.114 93.6344 21.5049
v  61.2386 93.6346 -91.6525
v  -42.1848 93.6345 -101.839
v  101.837 93.6347 42.1833
v  -110.232 93.6344 0.000109853
v  77.9424 93.6347 -77.944
v  91.6509 93.6347 61.2406
v  -42.185 93.6345 101.839
v  -108.114 93.6344 -21.5047
v  91.6509 93.6347 -61.2402
v  77.9424 93.6347 77.9444
v  -61.2423 93.6345 91.6529
v  -101.841 93.6344 -42.183
v  101.837 93.6347 -42.1829
v  61.2386 93.6346 91.653
v  2.73104 95.1578 -111.087
v  78.8092 90.5352 -78.8131
v  79.5069 93.5696 -79.5104
v  62.4673 93.5696 -93.4944
v  61.919 90.5352 -92.6745
v  -43.0348 93.5696 -103.886
v  -42.6579 90.5352 -102.974
v  -42.6581 90.5352 102.976
v  -43.035 93.5696 103.886
v  -21.941 93.5696 110.285
v  -21.7491 90.5352 109.318
v  92.6706 90.5352 -61.9229
v  93.4909 93.5696 -62.4708
v  -61.928 90.5352 92.6755
v  -62.4753 93.5696 93.4954
v  102.971 90.5352 -42.6531
v  103.882 93.5696 -43.0305
v  42.6492 90.5352 -102.974
v  43.027 93.5696 -103.885
v  -78.8181 90.5352 78.8141
v  -79.5149 93.5696 79.5113
v  109.313 90.5352 -21.7441
v  110.281 93.5696 -21.9365
v  -92.6795 90.5352 61.924
v  -93.4989 93.5696 62.4717
v  111.455 90.5352 0.000542963
v  112.441 93.5696 0.000482078
v  -102.979 90.5352 42.6541
v  -103.89 93.5696 43.0314
v  109.313 90.5352 21.7452
v  110.281 93.5696 21.9375
v  -109.322 90.5352 21.7451
v  -110.289 93.5696 21.9374
v  102.971 90.5352 42.6542
v  103.882 93.5696 43.0315
v  -111.464 90.5352 0.000443754
v  -112.449 93.5696 0.00038199
v  92.6706 90.5352 61.924
v  93.4909 93.5696 62.4718
v  -109.322 90.5352 -21.7442
v  -110.289 93.5696 -21.9366
v  78.8092 90.5352 78.8142
v  79.5069 93.5696 79.5114
v  -102.979 90.5352 -42.6532
v  -103.89 93.5696 -43.0306
v  61.919 90.5352 92.6756
v  62.4673 93.5696 93.4954
v  -92.6794 90.5352 -61.923
v  -93.4988 93.5696 -62.4709
v  42.6492 90.5352 102.976
v  43.027 93.5696 103.886
v  -78.818 90.5352 -78.8132
v  -79.5147 93.5696 -79.5105
v  21.7402 90.5352 109.318
v  21.933 93.5696 110.285
v  2.61858 90.5352 111.202
v  2.64226 93.5696 112.185
v  -61.9278 90.5352 -92.6746
v  -62.4751 93.5696 -93.4945
v  -2.65026 93.5686 112.185
v  -2.62753 90.5349 111.202
v  -2.72323 95.1388 -110.582
v  2.68353 95.0995 112.289
v  -2.68703 95.0931 112.168
v  -2.6824 95.0843 -111.979
v  -2.24708 -138.89 -85.0499
v  -2.24708 -121.399 -87.1472
v  -1.72578 -121.524 87.2391
v  -2.84012 -121.524 87.8176
v  -2.84012 -139.015 85.7203
v  -1.72578 -139.015 85.1418
v  -2.24708 41.0564 -106.627
v  -2.24708 52.9677 -108.055
v  -1.72579 34.9012 105.996
v  -1.72578 -117.067 87.7736
v  -1.72579 52.8429 108.147
v  -1.72579 40.9316 106.719
v  -1.72579 36.0812 108.536
v  -1.72579 36.9619 109.312
v  -2.24708 37.0867 -109.22
v  -2.24708 36.206 -108.445
v  -1.72579 39.0681 109.321
v  -1.72579 39.9341 108.627
v  -2.24708 57.9674 -110.792
v  -2.24708 57.1255 -111.481
v  -1.72579 54.051 110.798
v  -1.72579 54.909 111.567
v  -2.24708 55.0338 -111.475
v  -2.24708 54.1758 -110.706
v  -1.72579 57.0007 111.573
v  -1.72579 57.8426 110.884
v  -2.24708 58.998 -108.778
v  -1.72579 58.8732 108.87
v  -2.17697 93.7481 -109.234
v  -2.16368 95.2716 -110.38
v  -1.66295 95.156 110.517
v  -1.67325 93.6313 109.382
v  -2.12833 95.2127 -111.626
v  -2.09768 93.6825 -111.56
v  -1.61197 93.5688 111.646
v  -1.63564 95.0984 111.736
v  -2.07979 90.6495 -110.581
v  -1.59835 90.5349 110.667
v  -17.2911 -117.067 -86.9287
v  -33.9178 -117.067 -81.8851
v  42.8756 96.723 -103.514
v  62.2464 96.723 -93.1604
v  63.4237 96.5519 -94.9239
v  43.6861 96.5519 -105.474
v  79.225 96.723 -79.2264
v  80.7237 96.5519 -80.7261
v  93.1591 96.723 -62.2477
v  94.9215 96.5519 -63.426
v  103.513 96.723 -42.8769
v  105.471 96.5519 -43.6885
v  109.889 96.723 -21.8584
v  111.968 96.5519 -22.272
v  112.042 96.723 0.000172376
v  114.162 96.5519 0.000318721
v  109.889 96.723 21.8587
v  111.968 96.5519 22.2727
v  103.513 96.723 42.8773
v  105.471 96.5519 43.6891
v  93.1591 96.723 62.2481
v  94.9215 96.5519 63.4267
v  79.225 96.723 79.2268
v  80.7237 96.5519 80.7267
v  62.2464 96.723 93.1608
v  63.4236 96.5519 94.9245
v  42.8756 96.723 103.515
v  43.6861 96.5519 105.474
v  21.857 96.723 109.891
v  22.2697 96.552 111.971
v  2.71235 96.5487 -113.9
v  22.2697 96.5519 -111.97
v  22.2647 94.1459 -111.951
v  2.62746 94.1399 -113.882
v  21.4695 94.4463 107.94
v  2.80633 94.4473 109.782
v  2.77066 96.7241 111.774
v  -21.8602 96.723 109.891
v  -42.8787 96.723 103.515
v  -43.6915 96.552 105.474
v  -22.2751 96.552 111.971
v  -62.2495 96.723 93.1608
v  -63.4291 96.552 94.9245
v  -79.2282 96.723 79.2267
v  -80.7291 96.552 80.7267
v  -93.1622 96.723 62.2481
v  -94.9269 96.552 63.4266
v  -103.516 96.723 42.8772
v  -105.477 96.552 43.6891
v  -109.892 96.7229 21.8587
v  -111.973 96.552 22.2726
v  -112.045 96.7229 7.21253e-05
v  -114.167 96.552 0.000217717
v  -109.892 96.7229 -21.8585
v  -111.973 96.552 -22.2722
v  -103.516 96.7229 -42.8771
v  -105.477 96.552 -43.6886
v  -93.1621 96.7229 -62.2479
v  -94.9268 96.552 -63.4261
v  -79.228 96.7229 -79.2265
v  -80.729 96.5519 -80.7262
v  -62.2493 96.7229 -93.1605
v  -63.4289 96.5519 -94.924
v  -42.8785 96.723 -103.514
v  -43.6913 96.5519 -105.474
v  -21.8599 96.723 -109.89
v  -22.2749 96.5519 -111.97
v  -22.2723 94.1459 -111.951
v  -2.12512 94.0756 -113.757
v  -2.05046 90.556 -112.436
v  -22.0097 90.556 -110.628
v  20.6795 40.065 -103.962
v  2.85472 40.0537 -105.726
v  2.84269 38.5586 -108.045
v  21.1338 38.5556 -106.247
v  -3.08774 94.4398 109.501
v  -21.4718 94.4463 107.94
v  -2.84672 96.7227 111.559
v  -20.5656 35.9851 -103.391
v  -16.5369 -137.705 -83.1371
v  -3.32204 -137.804 -84.4796
v  -3.53238 35.9833 -105.313
v  -41.1659 53.9322 -99.3837
v  -40.564 40.065 -97.9305
v  -20.6793 40.065 -103.962
v  -20.9861 53.9322 -105.505
v  -59.7637 53.9322 -89.443
v  -58.8899 40.065 -88.1352
v  -76.0649 53.9322 -76.0651
v  -74.9526 40.065 -74.9529
v  -89.4429 53.9322 -59.764
v  -88.135 40.065 -58.8901
v  -99.3836 53.9322 -41.1662
v  -97.9304 40.065 -40.5643
v  -105.505 53.9322 -20.9864
v  -103.962 40.065 -20.6796
v  -107.572 53.9322 -0.000114042
v  -105.999 40.065 -0.000110403
v  -105.505 53.9322 20.9862
v  -103.962 40.065 20.6794
v  -99.3837 53.9322 41.166
v  -97.9305 40.065 40.564
v  -89.443 53.9322 59.7638
v  -88.1351 40.065 58.8899
v  -76.065 53.9322 76.0649
v  -74.9528 40.065 74.9527
v  -59.7639 53.9322 89.4429
v  -58.89 40.065 88.135
v  -41.1661 53.9322 99.3837
v  -40.5642 40.065 97.9304
v  -20.9863 53.9322 105.505
v  -20.6795 40.065 103.962
v  2.86258 40.061 105.722
v  20.6794 40.065 103.962
v  21.1337 38.5556 106.247
v  2.85637 38.5572 108.047
v  -3.12017 53.979 107.358
v  -3.15885 40.0137 105.782
v  41.1661 53.9322 99.3837
v  40.5641 40.065 97.9305
v  20.9862 53.9322 105.505
v  59.7639 53.9322 89.4429
v  58.89 40.065 88.1351
v  76.065 53.9322 76.0649
v  74.9527 40.065 74.9527
v  89.4429 53.9322 59.7639
v  88.1351 40.065 58.89
v  99.3837 53.9322 41.1661
v  97.9304 40.065 40.5641
v  105.505 53.9322 20.9862
v  103.962 40.065 20.6794
v  107.572 53.9322 -1.70163e-05
v  105.999 40.065 -1.46492e-05
v  105.505 53.9322 -20.9863
v  103.962 40.065 -20.6795
v  99.3837 53.9322 -41.1661
v  97.9304 40.065 -40.5641
v  89.4429 53.9322 -59.7639
v  88.1351 40.065 -58.89
v  76.065 53.9322 -76.065
v  74.9527 40.065 -74.9527
v  59.7639 53.9322 -89.4429
v  58.89 40.065 -88.1351
v  41.1661 53.9322 -99.3837
v  40.5641 40.065 -97.9305
v  20.9863 53.9322 -105.505
v  -3.40488 37.4171 -108.049
v  -21.1286 37.512 -106.222
v  20.5658 35.9851 -103.391
v  16.537 -137.705 -83.1371
v  32.4385 -137.705 -78.3134
v  40.3412 35.9851 -97.3923
v  21.857 96.723 -109.89
v  -40.3411 35.9851 -97.3923
v  -32.4384 -137.705 -78.3134
v  -58.5663 35.9851 -87.6508
v  -47.0933 -137.705 -70.4803
v  -74.5407 35.9851 -74.5409
v  -59.9384 -137.705 -59.9386
v  -87.6507 35.9851 -58.5665
v  -70.4802 -137.705 -47.0934
v  -97.3923 35.9851 -40.3413
v  -78.3134 -137.705 -32.4385
v  -103.391 35.9851 -20.5659
v  -83.1371 -137.705 -16.5371
v  -105.417 35.9851 -0.000109041
v  -84.7658 -137.705 -6.06066e-05
v  -103.391 35.9851 20.5657
v  -83.1371 -137.705 16.537
v  -97.3923 35.9851 40.3411
v  -78.3135 -137.705 32.4385
v  -87.6508 35.9851 58.5663
v  -70.4803 -137.705 47.0934
v  -74.5409 35.9851 74.5408
v  -59.9385 -137.705 59.9385
v  -58.5664 35.9851 87.6507
v  -47.0934 -137.705 70.4802
v  -40.3413 35.9851 97.3923
v  -32.4386 -137.705 78.3135
v  -20.5658 35.9851 103.391
v  -16.537 -137.705 83.1371
v  -3.37478 39.9245 -105.904
v  -21.1336 38.5556 -106.247
v  -3.2748 38.6353 -108.038
v  -3.12127 36.0312 105.201
v  -3.09149 -137.771 84.4443
v  40.3412 35.9851 97.3923
v  32.4385 -137.705 78.3135
v  16.537 -137.705 83.1371
v  20.5658 35.9851 103.391
v  58.5664 35.9851 87.6508
v  47.0934 -137.705 70.4803
v  74.5408 35.9851 74.5408
v  59.9385 -137.705 59.9385
v  87.6508 35.9851 58.5664
v  70.4802 -137.705 47.0934
v  97.3923 35.9851 40.3412
v  78.3135 -137.705 32.4385
v  103.391 35.9851 20.5658
v  83.1371 -137.705 16.5371
v  105.417 35.9851 -1.393e-05
v  84.7658 -137.705 1.59421e-05
v  103.391 35.9851 -20.5658
v  83.1371 -137.705 -16.537
v  97.3923 35.9851 -40.3412
v  78.3135 -137.705 -32.4384
v  87.6508 35.9851 -58.5664
v  70.4802 -137.705 -47.0933
v  74.5408 35.9851 -74.5408
v  59.9385 -137.705 -59.9385
v  58.5664 35.9851 -87.6508
v  47.0934 -137.705 -70.4802
v  2.85742 -137.71 84.481
v  2.86033 35.989 105.14
v  21.1288 37.512 -106.222
v  2.87505 37.5109 -108.022
v  2.87785 35.985 -105.137
v  -21.1288 37.512 106.222
v  -3.06711 37.4814 108.007
v  -41.4455 37.512 -100.059
v  -3.37043 57.8565 -108.061
v  -21.0998 57.9995 -106.076
v  -21.5765 56.453 -108.473
v  -3.27033 56.5321 -110.306
v  -60.1695 37.512 -90.0504
v  -41.4552 38.5556 -100.082
v  -76.5814 37.512 -76.5816
v  -60.1837 38.5556 -90.0716
v  -90.0502 37.512 -60.1698
v  -76.5995 38.5556 -76.5997
v  -100.059 37.512 -41.4457
v  -90.0714 38.5556 -60.184
v  -106.222 37.512 -21.1289
v  -100.082 38.5556 -41.4555
v  -108.303 37.512 -0.00011106
v  -106.247 38.5556 -21.1339
v  -106.222 37.512 21.1287
v  -108.328 38.5556 -0.000111424
v  -100.059 37.512 41.4455
v  -106.247 38.5556 21.1337
v  -90.0504 37.512 60.1696
v  -100.082 38.5556 41.4553
v  -76.5816 37.512 76.5814
v  -90.0715 38.5556 60.1838
v  -60.1697 37.512 90.0503
v  -76.5996 38.5556 76.5995
v  -41.4457 37.512 100.059
v  -60.1839 38.5556 90.0714
v  -41.4554 38.5556 100.082
v  2.85549 37.5104 108.021
v  21.1288 37.512 106.222
v  -21.1338 38.5556 106.247
v  -3.07755 38.5871 108.036
v  2.86027 53.9361 107.295
v  41.4456 37.512 100.059
v  -21.4716 94.4463 -107.94
v  -3.47133 94.3841 -109.382
v  60.1697 37.512 90.0503
v  41.4554 38.5556 100.082
v  76.5815 37.512 76.5815
v  60.1839 38.5556 90.0715
v  90.0503 37.512 60.1697
v  76.5995 38.5556 76.5995
v  100.059 37.5121 41.4456
v  90.0715 38.5556 60.1838
v  106.222 37.5121 21.1288
v  100.082 38.5556 41.4554
v  108.303 37.5121 -1.3688e-05
v  106.247 38.5556 21.1338
v  106.222 37.512 -21.1288
v  108.328 38.5556 -1.39704e-05
v  100.059 37.512 -41.4456
v  106.247 38.5556 -21.1338
v  90.0503 37.512 -60.1697
v  100.082 38.5556 -41.4554
v  76.5815 37.512 -76.5815
v  90.0715 38.5556 -60.1839
v  60.1697 37.512 -90.0503
v  76.5995 38.5556 -76.5996
v  41.4456 37.512 -100.059
v  60.1839 38.5556 -90.0715
v  41.4554 38.5556 -100.082
v  -3.53117 53.9316 -107.47
v  21.5722 55.4907 -108.451
v  2.87499 55.4896 -110.295
v  2.87785 53.9321 -107.293
v  -21.5723 55.4907 108.451
v  -3.06519 55.4603 110.279
v  -21.5721 55.4907 -108.451
v  -42.3153 55.4907 -102.158
v  -61.4323 55.4907 -91.9403
v  -41.3888 57.9995 -99.9218
v  -42.324 56.453 -102.18
v  -78.1885 55.4907 -78.1888
v  -60.0873 57.9995 -89.9272
v  -61.445 56.453 -91.9593
v  -91.9401 55.4907 -61.4326
v  -76.4767 57.9995 -76.4769
v  -78.2047 56.453 -78.2049
v  -102.158 55.4907 -42.3155
v  -89.9271 57.9995 -60.0875
v  -91.9591 56.453 -61.4453
v  -108.451 55.4907 -21.5724
v  -99.9216 57.9995 -41.3891
v  -102.179 56.453 -42.3243
v  -110.575 55.4907 -0.000116157
v  -106.076 57.9995 -21.1
v  -108.473 56.453 -21.5768
v  -108.451 55.4907 21.5721
v  -108.154 57.9995 -0.000115403
v  -110.598 56.453 -0.0001165
v  -102.158 55.4907 42.3153
v  -106.076 57.9995 21.0998
v  -108.473 56.453 21.5766
v  -91.9402 55.4907 61.4324
v  -99.9217 57.9995 41.3889
v  -102.18 56.453 42.3241
v  -78.1887 55.4907 78.1886
v  -89.9272 57.9995 60.0873
v  -91.9592 56.453 61.4451
v  -61.4325 55.4907 91.9401
v  -76.4768 57.9995 76.4767
v  -78.2049 56.453 78.2048
v  -42.3155 55.4907 102.158
v  -60.0875 57.9995 89.9271
v  -61.4452 56.453 91.9591
v  -41.389 57.9995 99.9217
v  -42.3242 56.453 102.179
v  2.85532 55.4891 110.294
v  21.5722 55.4907 108.451
v  -21.1 57.9995 106.076
v  -21.5767 56.453 108.473
v  -3.1578 57.9473 107.938
v  21.0999 57.9995 106.076
v  2.86252 57.9954 107.877
v  42.3154 55.4907 102.158
v  2.86868 38.0184 -108.979
v  21.3153 38.0105 -107.159
v  61.4325 55.4907 91.9402
v  41.3889 57.9995 99.9217
v  42.3241 56.453 102.18
v  21.5766 56.453 108.473
v  78.1886 55.4907 78.1886
v  60.0874 57.9995 89.9271
v  61.4451 56.453 91.9592
v  91.9402 55.4907 61.4325
v  76.4768 57.9995 76.4768
v  78.2048 56.453 78.2048
v  102.158 55.4907 42.3154
v  89.9271 57.9995 60.0874
v  91.9592 56.453 61.4451
v  108.451 55.4907 21.5722
v  99.9217 57.9995 41.3889
v  102.18 56.453 42.3241
v  110.575 55.4907 -1.67715e-05
v  106.076 57.9995 21.0999
v  108.473 56.453 21.5767
v  108.451 55.4907 -21.5723
v  108.154 57.9995 -1.77336e-05
v  110.598 56.453 -1.70375e-05
v  102.158 55.4907 -42.3154
v  106.076 57.9995 -21.0999
v  108.473 56.453 -21.5767
v  91.9402 55.4907 -61.4325
v  99.9217 57.9995 -41.389
v  102.18 56.453 -42.3242
v  78.1886 55.4907 -78.1886
v  89.9271 57.9995 -60.0874
v  91.9592 56.453 -61.4451
v  61.4325 55.4907 -91.9402
v  76.4768 57.9995 -76.4768
v  78.2048 56.453 -78.2048
v  42.3154 55.4907 -102.158
v  60.0874 57.9995 -89.9271
v  61.4451 56.453 -91.9592
v  41.389 57.9995 -99.9217
v  42.3242 56.453 -102.18
v  2.82077 94.4439 -109.78
v  2.85461 57.9882 -107.881
v  21.0999 57.9995 -106.076
v  21.4696 94.4463 -107.94
v  21.5767 56.453 -108.473
v  -2.73521 -137.701 -83.7905
v  -1.94552 -137.749 83.8809
v  2.86098 -137.707 -84.4843
v  -21.3154 38.0105 107.159
v  -3.14709 38.0079 109.005
v  -21.3152 38.0105 -107.159
v  -41.8113 38.0105 -100.942
v  -60.7008 38.0105 -90.8454
v  -77.2575 38.0105 -77.2577
v  -90.8452 38.0105 -60.701
v  -100.942 38.0105 -41.8116
v  -107.159 38.0105 -21.3155
v  -109.259 38.0105 -0.00011234
v  -107.159 38.0105 21.3153
v  -100.942 38.0105 41.8114
v  -90.8453 38.0105 60.7008
v  -77.2576 38.0105 77.2575
v  -60.7009 38.0105 90.8452
v  -41.8115 38.0105 100.942
v  2.864 38.0103 108.979
v  21.3153 38.0105 107.159
v  2.86868 55.9574 -111.245
v  21.7573 55.9493 -109.381
v  2.84234 56.456 -110.315
v  41.8115 38.0105 100.942
v  60.7009 38.0105 90.8453
v  77.2576 38.0105 77.2576
v  90.8453 38.0105 60.7009
v  100.942 38.0105 41.8115
v  107.159 38.0105 21.3153
v  109.259 38.0105 -1.34861e-05
v  107.159 38.0105 -21.3154
v  100.942 38.0105 -41.8115
v  90.8453 38.0105 -60.7009
v  77.2576 38.0105 -77.2576
v  60.7009 38.0105 -90.8453
v  41.8115 38.0105 -100.942
v  -3.40862 38.0293 -109.072
v  -21.7574 55.9494 109.381
v  -3.14676 55.9469 111.271
v  -21.7571 55.9493 -109.381
v  -42.6783 55.9493 -103.035
v  -61.9594 55.9494 -92.729
v  -78.8593 55.9494 -78.8595
v  -92.7288 55.9494 -61.9596
v  -103.035 55.9494 -42.6785
v  -109.381 55.9494 -21.7574
v  -111.524 55.9494 -0.000117428
v  -109.381 55.9494 21.7572
v  -103.035 55.9494 42.6783
v  -92.7289 55.9494 61.9594
v  -78.8595 55.9494 78.8594
v  -61.9595 55.9494 92.7288
v  -42.6785 55.9494 103.035
v  2.864 55.9492 111.244
v  21.7573 55.9494 109.381
v  22.0007 90.556 -110.628
v  2.58501 90.556 -112.537
v  2.85615 56.4546 110.317
v  -3.07546 56.4843 110.305
v  42.6784 55.9494 103.035
v  61.9594 55.9494 92.7289
v  78.8594 55.9494 78.8594
v  92.7289 55.9494 61.9594
v  103.035 55.9494 42.6784
v  109.381 55.9494 21.7573
v  111.524 55.9494 -1.65659e-05
v  109.381 55.9494 -21.7573
v  103.035 55.9494 -42.6784
v  92.7289 55.9494 -61.9595
v  78.8594 55.9494 -78.8594
v  61.9594 55.9494 -92.7289
v  42.6784 55.9493 -103.035
v  -3.40307 55.3957 -110.321
v  -3.40774 55.9685 -111.337
v  -77.8218 94.4462 77.8207
v  -91.5085 94.4462 61.1433
v  -91.5084 94.4462 -61.1432
v  -77.8216 94.4462 -77.8206
v  107.939 94.4464 -21.4706
v  110.054 94.4465 0.000118219
v  42.1151 94.4464 101.678
v  -101.679 94.4461 42.1163
v  42.1151 94.4464 -101.677
v  -61.1442 94.4462 -91.5073
v  107.939 94.4464 21.4708
v  -107.941 94.4461 21.4707
v  61.1421 94.4464 -91.5072
v  -42.1172 94.4462 -101.677
v  101.676 94.4464 42.1163
v  -110.056 94.4461 1.88757e-05
v  77.8195 94.4464 -77.8205
v  91.5062 94.4464 61.1434
v  -42.1174 94.4462 101.678
v  -107.941 94.4461 -21.4707
v  91.5062 94.4464 -61.1431
v  77.8195 94.4464 77.8207
v  -61.1444 94.4462 91.5074
v  -101.679 94.4461 -42.1162
v  101.676 94.4464 -42.1161
v  61.1421 94.4464 91.5075
v  2.79259 96.7236 -111.773
v  63.4117 94.1459 -94.9077
v  80.7089 94.1459 -80.7123
v  79.7538 90.556 -79.7578
v  62.6612 90.556 -93.7854
v  -43.6852 94.1459 -105.456
v  -43.1694 90.556 -104.209
v  -22.2725 94.1459 111.952
v  -43.6854 94.1459 105.457
v  -43.1696 90.556 104.21
v  -22.0099 90.556 110.629
v  94.9043 94.1459 -63.4151
v  93.7814 90.556 -62.6652
v  -63.4196 94.1459 94.9087
v  -62.6704 90.556 93.7865
v  105.452 94.1459 -43.681
v  104.205 90.556 -43.1644
v  43.6775 94.1459 -105.456
v  43.1603 90.556 -104.209
v  -80.7167 94.1459 80.7132
v  -79.763 90.556 79.7589
v  111.948 94.1459 -22.2681
v  110.624 90.556 -22.0047
v  -94.9122 94.1459 63.4161
v  -93.7906 90.556 62.6663
v  114.141 94.1459 0.000473201
v  112.791 90.556 0.000562651
v  -105.46 94.1459 43.6818
v  -104.214 90.556 43.1654
v  111.948 94.1459 22.2691
v  110.624 90.556 22.0058
v  -111.956 94.1459 22.269
v  -110.633 90.556 22.0058
v  105.452 94.1459 43.6819
v  104.205 90.556 43.1655
v  -114.149 94.1459 0.000372987
v  -112.8 90.556 0.000463728
v  94.9043 94.1459 63.4161
v  93.7814 90.556 62.6663
v  -111.956 94.1459 -22.2682
v  -110.633 90.556 -22.0048
v  80.7089 94.1459 80.7133
v  79.7538 90.556 79.759
v  -105.46 94.1459 -43.6811
v  -104.214 90.556 -43.1645
v  63.4117 94.1459 94.9087
v  62.6612 90.556 93.7865
v  -94.912 94.1459 -63.4152
v  -93.7905 90.556 -62.6653
v  43.6775 94.1459 105.457
v  43.1603 90.556 104.21
v  -80.7166 94.1459 -80.7124
v  -79.7629 90.556 -79.7579
v  22.2647 94.1459 111.952
v  22.0007 90.556 110.629
v  2.6244 94.1442 113.884
v  2.58779 90.556 112.538
v  -63.4194 94.1459 -94.9078
v  -62.6702 90.556 -93.7855
v  -2.36881 94.1183 113.849
v  -2.30656 90.556 112.508
v  -3.07927 96.7028 -111.416
v  2.69573 96.55 113.899
v  -2.54202 96.5152 113.825
v  -2.39919 96.4642 -113.632
v  -2.79542 35.9779 -104.478
v  -2.76938 40.3564 -105.053
v  -2.79487 53.924 -106.632
v  -1.98562 35.8815 104.508
v  -1.98524 53.8278 106.663
v  -1.99606 40.1655 105.112
v  -3.02339 38.0525 -108.485
v  -2.77537 37.6275 -107.475
v  -2.58047 38.6301 -107.493
v  -1.91591 37.5493 107.513
v  -2.08758 38.0179 108.437
v  -1.92926 38.518 107.535
v  -3.02537 55.9892 -110.751
v  -2.77174 55.6062 -109.747
v  -2.57344 56.5275 -109.763
v  -1.91366 55.5276 109.786
v  -2.0883 55.9567 110.703
v  -1.92663 56.4157 109.806
v  -2.76867 58.2924 -107.207
v  -1.99568 58.1011 107.267
v  -2.76356 94.4678 -109.084
v  -2.63723 96.7293 -110.983
v  -1.83262 96.6691 111.118
v  -1.9644 94.3763 109.184
v  -2.17055 96.7506 -113.16
v  -1.5445 94.3432 -113.176
v  -1.32507 94.1974 113.333
v  -1.56472 96.6121 113.288
v  -1.46492 90.6709 -111.804
v  -1.30302 90.556 111.98
v  33.9179 -117.067 -81.885
v  2.84006 -117.067 88.352
v  2.83984 -139.015 -85.7203
v  2.83984 -121.524 -87.8176
v  17.2912 -117.067 86.9287
v  49.2412 -117.067 -73.6946
v  62.6721 -117.067 -62.6721
v  73.6946 -117.067 -49.2411
v  81.8851 -117.067 -33.9179
v  86.9287 -117.067 -17.2912
v  88.6317 -117.067 1.23811e-05
v  86.9287 -117.067 17.2912
v  81.8851 -117.067 33.9179
v  73.6946 -117.067 49.2412
v  62.6721 -117.067 62.6721
v  49.2411 -117.067 73.6946
v  33.9179 -117.067 81.8851
v  -33.9179 -117.067 81.8851
v  -49.2412 -117.067 73.6946
v  -62.6721 -117.067 62.6721
v  -73.6946 -117.067 49.2411
v  -81.8851 -117.067 33.9179
v  -86.9287 -117.067 17.2911
v  -88.6317 -117.067 -6.65101e-05
v  -86.9287 -117.067 -17.2913
v  -81.885 -117.067 -33.918
v  -73.6945 -117.067 -49.2412
v  -62.672 -117.067 -62.6722
v  -49.2411 -117.067 -73.6946
v  32.9108 -139.015 -79.4536
v  33.7134 -121.524 -81.3913
v  16.7778 -139.015 -84.3475
v  17.1869 -121.524 -86.4045
v  2.88351 -120.757 -89.2136
v  17.4617 -120.757 -87.7778
v  34.2508 -120.757 -82.6849
v  -1.74469 -117.673 88.7249
v  2.87459 -117.673 89.3101
v  -2.87207 -117.673 89.3101
v  -1.7497 -120.756 88.6265
v  2.88374 -120.756 89.2136
v  -2.27871 -120.63 -88.5333
v  -2.88053 -120.756 89.2136
v  -2.88024 -120.757 -89.2136
v  -2.27208 -117.547 -88.632
v  2.87436 -117.674 -89.3102
v  17.4617 -120.756 87.7778
v  -17.4775 -117.673 87.8716
v  -34.2846 -117.673 82.7732
v  49.7237 -120.757 -74.4144
v  49.7766 -117.674 -74.494
v  63.3532 -117.674 -63.3519
v  63.2859 -120.757 -63.2843
v  74.4953 -117.674 -49.7753
v  74.416 -120.757 -49.7221
v  82.7746 -117.674 -34.2858
v  82.6865 -120.757 -34.2492
v  87.8729 -117.674 -17.4788
v  87.7794 -120.756 -17.4601
v  89.5944 -117.674 -1.71747e-05
v  89.4991 -120.756 -2.45028e-05
v  87.8729 -117.674 17.4787
v  87.7794 -120.756 17.4601
v  82.7746 -117.673 34.2858
v  82.6865 -120.756 34.2492
v  74.4953 -117.673 49.7753
v  74.416 -120.756 49.7221
v  63.3532 -117.673 63.3519
v  63.2859 -120.756 63.2842
v  49.7766 -117.673 74.494
v  49.7237 -120.756 74.4144
v  34.2871 -117.673 82.7733
v  34.2508 -120.756 82.6849
v  17.48 -117.673 87.8716
v  -17.4585 -120.756 87.7778
v  -34.2476 -120.756 82.6848
v  -49.774 -117.673 74.4939
v  -49.7205 -120.756 74.4144
v  -63.3507 -117.673 63.3519
v  -63.2827 -120.756 63.2842
v  -74.4927 -117.673 49.7752
v  -74.4128 -120.756 49.722
v  -82.772 -117.673 34.2857
v  -82.6833 -120.756 34.2491
v  -87.8704 -117.674 17.4787
v  -87.7762 -120.756 17.46
v  -89.5918 -117.674 -9.69218e-05
v  -89.4958 -120.756 -0.000104165
v  -87.8703 -117.674 -17.4789
v  -87.7761 -120.756 -17.4602
v  -82.7719 -117.674 -34.2859
v  -82.6832 -120.757 -34.2493
v  -74.4926 -117.674 -49.7754
v  -74.4127 -120.757 -49.7222
v  -63.3505 -117.674 -63.352
v  -63.2825 -120.757 -63.2843
v  -49.7739 -117.674 -74.494
v  -49.7204 -120.757 -74.4145
v  -34.2844 -117.674 -82.7733
v  -34.2474 -120.757 -82.6849
v  -2.87178 -117.674 -89.3102
v  -17.4583 -120.757 -87.7778
v  17.4801 -117.674 -87.8716
v  -17.4773 -117.674 -87.8717
v  34.2871 -117.674 -82.7733
v  17.5913 -118.533 -88.4266
v  2.89669 -118.533 -89.8739
v  34.5045 -118.533 -83.296
v  2.9017 -119.904 89.852
v  -1.75953 -119.904 89.2615
v  -2.89715 -119.904 89.852
v  2.89692 -118.533 89.8738
v  -1.75692 -118.533 89.2842
v  -2.28826 -118.406 -89.1906
v  -2.89273 -118.533 89.8738
v  -2.89244 -118.533 -89.8739
v  2.90147 -119.904 -89.8521
v  -2.29171 -119.776 -89.1677
v  17.5912 -118.533 88.4265
v  -34.4919 -119.904 83.2763
v  -17.5827 -119.904 88.4056
v  50.0917 -118.533 -74.9644
v  63.7392 -119.904 -63.7369
v  50.0801 -119.904 -74.9467
v  63.7541 -118.533 -63.752
v  74.949 -119.904 -50.0778
v  74.9665 -118.533 -50.0896
v  83.2786 -119.904 -34.4942
v  83.2981 -118.533 -34.5024
v  88.4079 -119.904 -17.585
v  88.4287 -118.533 -17.5892
v  90.1399 -119.904 -4.00708e-05
v  90.161 -118.533 -3.62039e-05
v  88.408 -119.904 17.5849
v  88.4287 -118.533 17.5891
v  83.2786 -119.904 34.4941
v  83.2981 -118.533 34.5023
v  74.949 -119.904 50.0777
v  74.9665 -118.533 50.0896
v  63.7392 -119.904 63.7369
v  63.7541 -118.533 63.752
v  50.0801 -119.904 74.9467
v  50.0917 -118.533 74.9644
v  34.4965 -119.904 83.2763
v  34.5044 -118.533 83.296
v  17.5873 -119.904 88.4056
v  -17.587 -118.533 88.4265
v  -34.5002 -118.533 83.296
v  -50.0755 -119.904 74.9466
v  -50.0875 -118.533 74.9644
v  -63.7346 -119.904 63.7368
v  -63.7499 -118.533 63.7519
v  -74.9444 -119.904 50.0777
v  -74.9623 -118.533 50.0895
v  -83.274 -119.904 34.4941
v  -83.2939 -118.533 34.5022
v  -88.4034 -119.904 17.5849
v  -88.4244 -118.533 17.589
v  -90.1353 -119.904 -0.000120309
v  -90.1568 -118.533 -0.000116461
v  -88.4033 -119.904 -17.5851
v  -88.4244 -118.533 -17.5893
v  -83.274 -119.904 -34.4943
v  -83.2938 -118.533 -34.5025
v  -74.9443 -119.904 -50.0779
v  -74.9622 -118.533 -50.0897
v  -63.7345 -119.904 -63.737
v  -63.7498 -118.533 -63.7521
v  -50.0754 -119.904 -74.9468
v  -50.0874 -118.533 -74.9645
v  -34.4917 -119.904 -83.2764
v  -34.5001 -118.533 -83.2961
v  -2.89686 -119.904 -89.8521
v  -17.5869 -118.533 -88.4266
v  17.5873 -119.904 -88.4057
v  -17.5825 -119.904 -88.4057
v  34.4965 -119.904 -83.2763
v  -6.73295 104.3 -113.533
v  -6.70834 103.021 -113.875
v  -17.7274 102.494 -112.744
v  -17.7438 103.774 -112.403
v  -6.67791 105.239 -112.602
v  -17.6663 104.714 -111.474
v  -6.5581 105.586 -111.331
v  -17.5159 105.062 -110.207
v  -6.40577 105.249 -110.061
v  -17.333 104.726 -108.941
v  -6.26173 104.32 -109.133
v  -17.1667 103.798 -108.016
v  -6.16443 103.047 -108.794
v  -17.0612 102.526 -107.678
v  -6.13979 101.771 -109.133
v  -17.0447 101.249 -108.016
v  -6.19444 100.832 -110.061
v  -17.1217 100.31 -108.941
v  -6.3139 100.482 -111.331
v  -17.2717 99.958 -110.207
v  -6.46627 100.816 -112.602
v  -17.4547 100.29 -111.474
v  -6.6107 101.746 -113.533
v  -17.6215 101.219 -112.403
v  -32.2997 101.797 -109.842
v  -32.2721 103.079 -109.51
v  -32.0746 104.024 -108.605
v  -31.7604 104.38 -107.37
v  -31.4139 104.053 -106.137
v  -31.1279 103.13 -105.236
v  -30.9787 101.86 -104.906
v  -31.006 100.582 -105.236
v  -31.2026 99.6358 -106.137
v  -31.5162 99.2765 -107.37
v  -31.863 99.6011 -108.605
v  -32.1499 100.524 -109.51
v  -46.369 101.124 -105.06
v  -46.299 102.407 -104.743
v  -45.9856 103.359 -103.878
v  -45.5132 103.722 -102.697
v  -45.0087 103.402 -101.517
v  -44.6073 102.485 -100.655
v  -44.4159 101.217 -100.34
v  -44.4854 99.9366 -100.655
v  -44.7974 98.9854 -101.517
v  -45.269 98.6185 -102.697
v  -45.7739 98.9355 -103.878
v  -46.1768 99.8525 -104.743
v  -59.6946 100.486 -98.4813
v  -59.5844 101.772 -98.1842
v  -59.1611 102.728 -97.3728
v  -58.5389 103.099 -96.2656
v  -57.8849 102.786 -95.16
v  -57.3741 101.874 -94.3518
v  -57.1427 100.608 -94.0562
v  -57.2522 99.3257 -94.3518
v  -57.6736 98.3693 -95.16
v  -58.2947 97.9952 -96.2656
v  -58.9495 98.3051 -97.3728
v  -59.4621 99.2168 -98.1842
v  -72.0484 99.895 -90.2173
v  -71.9009 101.182 -89.9451
v  -71.3759 102.144 -89.2018
v  -70.6148 102.521 -88.1875
v  -69.8221 102.215 -87.1747
v  -69.2099 101.308 -86.4343
v  -68.9414 100.044 -86.1635
v  -69.088 98.7594 -86.4343
v  -69.6108 97.7981 -87.1747
v  -70.3706 97.4174 -88.1875
v  -71.1643 97.7206 -89.2018
v  -71.7787 98.6275 -89.9451
v  -83.2192 99.3605 -80.4097
v  -83.0379 100.65 -80.167
v  -82.4209 101.615 -79.5045
v  -81.5342 101.999 -78.6005
v  -80.6161 101.699 -77.6978
v  -79.9122 100.796 -77.0379
v  -79.6102 99.5332 -76.7966
v  -79.7903 98.2474 -77.0379
v  -80.4047 97.2817 -77.6978
v  -81.29 96.895 -78.6005
v  -82.2093 97.1922 -79.5045
v  -82.9157 98.0947 -80.167
v  -93.0156 98.8918 -69.2262
v  -92.8048 100.182 -69.0173
v  -92.107 101.152 -68.4469
v  -91.1102 101.541 -67.6687
v  -90.0821 101.246 -66.8915
v  -89.2979 100.347 -66.3234
v  -88.9664 99.0855 -66.1156
v  -89.1759 97.7983 -66.3234
v  -89.8708 96.8288 -66.8915
v  -90.866 96.4368 -67.6687
v  -91.8954 96.7288 -68.4469
v  -92.6826 97.6274 -69.0173
v  -101.27 98.4969 -56.8583
v  -101.034 99.7885 -56.6867
v  -100.269 100.761 -56.2182
v  -99.179 101.155 -55.579
v  -98.0583 100.864 -54.9407
v  -97.2063 99.9685 -54.4741
v  -96.8501 98.7083 -54.3034
v  -97.0843 97.4199 -54.4741
v  -97.847 96.4472 -54.9407
v  -98.9348 96.0508 -55.579
v  -100.057 96.3383 -56.2182
v  -100.912 97.2336 -56.6867
v  -107.842 98.1824 -43.5174
v  -107.586 99.4751 -43.3861
v  -106.766 100.451 -43.0276
v  -105.603 100.847 -42.5383
v  -104.408 100.56 -42.0498
v  -103.502 99.6673 -41.6926
v  -103.126 98.4081 -41.562
v  -103.38 97.1187 -41.6926
v  -104.197 96.1434 -42.0498
v  -105.358 95.7434 -42.5383
v  -106.555 96.0274 -43.0276
v  -107.464 96.9201 -43.3861
v  -112.618 97.9539 -29.432
v  -112.348 99.2472 -29.3432
v  -111.488 100.225 -29.1007
v  -110.271 100.624 -28.7698
v  -109.023 100.339 -28.4394
v  -108.078 99.4483 -28.1978
v  -107.688 98.1898 -28.1095
v  -107.956 96.8998 -28.1978
v  -108.812 95.9226 -28.4394
v  -110.027 95.5201 -28.7698
v  -111.277 95.8014 -29.1007
v  -112.225 96.6923 -29.3432
v  -115.516 97.8153 -14.843
v  -115.237 99.109 -14.7982
v  -114.354 100.087 -14.6759
v  -113.105 100.488 -14.5091
v  -111.824 100.205 -14.3424
v  -110.855 99.3155 -14.2206
v  -110.456 98.0574 -14.1761
v  -110.733 96.7669 -14.2206
v  -111.612 95.7886 -14.3424
v  -112.86 95.3845 -14.5091
v  -114.143 95.6643 -14.6759
v  -115.115 96.5541 -14.7982
v  -116.488 97.7688 -1.59286e-05
v  -116.206 99.0626 -1.61393e-05
v  -115.315 100.042 -1.62988e-05
v  -114.054 100.443 -1.63642e-05
v  -112.763 100.16 -1.63182e-05
v  -111.786 99.2709 -1.61733e-05
v  -111.384 98.013 -1.59683e-05
v  -111.664 96.7224 -1.57581e-05
v  -112.551 95.7436 -1.55986e-05
v  -113.81 95.3391 -1.55327e-05
v  -115.103 95.6184 -1.55782e-05
v  -116.084 96.5077 -1.57231e-05
v  -13.8673 101.398 -126.72
v  -13.9271 102.676 -126.403
v  -13.9895 103.953 -126.72
v  -14.0378 104.887 -127.587
v  -14.059 105.227 -128.77
v  -14.0475 104.884 -129.95
v  -14.0064 103.949 -130.814
v  -13.9468 102.675 -131.129
v  -13.8845 101.401 -130.814
v  -13.8362 100.467 -129.95
v  -13.8148 100.123 -128.77
v  -13.8262 100.464 -127.587
v  -3.84744 104.435 -127.957
v  -1.62119 104.542 -126.11
v  -1.24032 103.283 -126.254
v  -3.60905 103.17 -128.235
v  -1.49925 101.993 -126.11
v  -3.7255 101.887 -127.957
v  -5.48053 100.863 -125.146
v  -4.79833 100.896 -124.645
v  -5.74941 101.787 -124.232
v  -5.99822 101.775 -124.406
v  -4.3769 105.346 -127.197
v  -2.54741 105.434 -125.718
v  -5.05377 105.658 -126.167
v  -3.78702 105.719 -125.185
v  -4.16558 100.929 -127.197
v  -2.33608 101.017 -125.718
v  -3.54282 100.615 -125.185
v  -4.80957 100.554 -126.167
v  -6.2308 103.044 -124.137
v  -6.14001 103.048 -124.075
v  -5.87167 104.342 -124.232
v  -6.12046 104.33 -124.406
v  -5.69216 105.287 -125.146
v  -5.00998 105.319 -124.645
v  -9.65794 105.438 -128.117
v  -8.95174 105.127 -129.192
v  -3.92891 103.154 -119.964
v  -3.9114 103.155 -117.919
v  -3.65516 104.448 -117.79
v  -3.67522 104.447 -120.1
v  -9.41374 100.334 -128.117
v  -10.1209 100.641 -127.04
v  -8.15777 102.952 -130.266
v  -8.28107 101.669 -129.978
v  -8.7404 100.711 -129.192
v  -8.40301 104.217 -129.978
v  -10.7941 104.106 -126.25
v  -10.3326 105.064 -127.04
v  -10.9183 102.82 -125.961
v  -10.6718 101.551 -126.25
v  -2.83315 105.423 -117.439
v  -2.86045 105.422 -120.473
v  0.505332 102.089 -121.861
v  0.561368 102.092 -116.131
v  -0.257599 101.116 -116.481
v  -0.305728 101.114 -121.49
v  0.757299 103.378 -121.997
v  0.816252 103.381 -116.003
v  -1.70419 105.818 -120.982
v  -1.66664 105.82 -116.96
v  -0.468925 105.533 -116.481
v  -0.517055 105.531 -121.49
v  -3.55298 101.892 -120.1
v  -3.53291 101.893 -117.79
v  -1.45999 100.715 -120.982
v  -1.42244 100.716 -116.96
v  -2.62152 101 -117.439
v  -2.64882 100.999 -120.473
v  -5.90256 101.779 -113.91
v  -6.3047 103.041 -114.08
v  0.43943 104.64 -116.131
v  0.383394 104.638 -121.861
v  -3.63978 100.61 -112.975
v  -4.92179 100.89 -113.492
v  -1.58582 101.989 -112.106
v  -2.42401 101.013 -112.472
v  -2.63535 105.43 -112.472
v  -1.70774 104.538 -112.106
v  -5.13342 105.313 -113.492
v  -3.88398 105.714 -112.975
v  -1.3265 103.279 -111.971
v  -6.02481 104.334 -113.91
v  -17.7274 102.494 112.744
v  -6.70834 103.021 113.874
v  -6.73295 104.3 113.533
v  -17.7438 103.774 112.403
v  -6.67791 105.239 112.602
v  -17.6663 104.714 111.474
v  -6.5581 105.586 111.331
v  -17.5159 105.062 110.207
v  -6.40577 105.249 110.061
v  -17.333 104.726 108.941
v  -6.26173 104.32 109.133
v  -17.1667 103.798 108.016
v  -6.16443 103.047 108.794
v  -17.0612 102.526 107.678
v  -6.13979 101.771 109.133
v  -17.0447 101.25 108.016
v  -6.19444 100.832 110.061
v  -17.1217 100.31 108.941
v  -6.3139 100.482 111.331
v  -17.2717 99.958 110.207
v  -6.46627 100.816 112.602
v  -17.4547 100.29 111.474
v  -6.6107 101.746 113.533
v  -17.6215 101.219 112.403
v  -32.2997 101.797 109.842
v  -32.2721 103.079 109.51
v  -32.0746 104.024 108.605
v  -31.7604 104.38 107.37
v  -31.4139 104.053 106.137
v  -31.1279 103.13 105.236
v  -30.9787 101.86 104.906
v  -31.006 100.582 105.236
v  -31.2026 99.6358 106.137
v  -31.5162 99.2765 107.37
v  -31.863 99.6011 108.605
v  -32.1499 100.524 109.51
v  -46.369 101.124 105.06
v  -46.299 102.407 104.743
v  -45.9856 103.359 103.878
v  -45.5132 103.722 102.697
v  -45.0087 103.402 101.517
v  -44.6073 102.485 100.655
v  -44.4159 101.217 100.34
v  -44.4854 99.9366 100.655
v  -44.7974 98.9854 101.517
v  -45.269 98.6185 102.697
v  -45.7739 98.9355 103.878
v  -46.1768 99.8525 104.743
v  -59.6946 100.486 98.4813
v  -59.5844 101.772 98.1842
v  -59.1611 102.728 97.3728
v  -58.5389 103.099 96.2656
v  -57.8849 102.786 95.16
v  -57.3741 101.874 94.3518
v  -57.1427 100.608 94.0562
v  -57.2522 99.3258 94.3518
v  -57.6736 98.3693 95.16
v  -58.2947 97.9953 96.2656
v  -58.9495 98.3051 97.3728
v  -59.4621 99.2168 98.1842
v  -72.0484 99.895 90.2173
v  -71.9009 101.182 89.9451
v  -71.3759 102.144 89.2018
v  -70.6148 102.521 88.1875
v  -69.8221 102.215 87.1747
v  -69.2099 101.308 86.4343
v  -68.9414 100.044 86.1635
v  -69.088 98.7595 86.4343
v  -69.6108 97.7982 87.1747
v  -70.3706 97.4175 88.1875
v  -71.1643 97.7207 89.2018
v  -71.7787 98.6276 89.9451
v  -83.2192 99.3605 80.4096
v  -83.0379 100.65 80.167
v  -82.4209 101.615 79.5045
v  -81.5342 101.999 78.6005
v  -80.6161 101.699 77.6978
v  -79.9122 100.796 77.0379
v  -79.6102 99.5332 76.7965
v  -79.7903 98.2474 77.0379
v  -80.4047 97.2817 77.6978
v  -81.29 96.895 78.6005
v  -82.2093 97.1922 79.5045
v  -82.9157 98.0947 80.167
v  -93.0156 98.8918 69.2262
v  -92.8048 100.182 69.0173
v  -92.107 101.152 68.4469
v  -91.1102 101.541 67.6686
v  -90.0821 101.246 66.8915
v  -89.2979 100.347 66.3233
v  -88.9664 99.0856 66.1156
v  -89.1759 97.7983 66.3233
v  -89.8708 96.8288 66.8915
v  -90.866 96.4369 67.6686
v  -91.8954 96.7288 68.4469
v  -92.6826 97.6274 69.0173
v  -101.27 98.4969 56.8582
v  -101.034 99.7885 56.6867
v  -100.269 100.761 56.2182
v  -99.179 101.155 55.579
v  -98.0583 100.864 54.9407
v  -97.2063 99.9685 54.474
v  -96.8501 98.7084 54.3034
v  -97.0843 97.42 54.474
v  -97.847 96.4472 54.9407
v  -98.9348 96.0508 55.579
v  -100.057 96.3383 56.2182
v  -100.912 97.2336 56.6867
v  -107.842 98.1825 43.5174
v  -107.586 99.4751 43.3861
v  -106.766 100.451 43.0275
v  -105.603 100.847 42.5383
v  -104.408 100.56 42.0497
v  -103.502 99.6673 41.6926
v  -103.126 98.4081 41.562
v  -103.38 97.1187 41.6926
v  -104.197 96.1434 42.0497
v  -105.358 95.7435 42.5383
v  -106.555 96.0274 43.0275
v  -107.464 96.9202 43.3861
v  -112.618 97.9539 29.4319
v  -112.348 99.2473 29.3431
v  -111.488 100.225 29.1006
v  -110.271 100.624 28.7698
v  -109.023 100.339 28.4393
v  -108.078 99.4484 28.1978
v  -107.688 98.1898 28.1095
v  -107.956 96.8998 28.1978
v  -108.812 95.9226 28.4393
v  -110.027 95.5201 28.7698
v  -111.277 95.8015 29.1006
v  -112.225 96.6923 29.3431
v  -115.516 97.8153 14.843
v  -115.237 99.109 14.7982
v  -114.354 100.087 14.6759
v  -113.105 100.488 14.509
v  -111.824 100.205 14.3424
v  -110.855 99.3155 14.2206
v  -110.456 98.0574 14.176
v  -110.733 96.7669 14.2206
v  -111.612 95.7886 14.3424
v  -112.86 95.3845 14.509
v  -114.143 95.6643 14.6759
v  -115.115 96.5541 14.7982
v  -13.9895 103.953 126.72
v  -13.9271 102.676 126.403
v  -13.8673 101.398 126.72
v  -13.8262 100.464 127.587
v  -13.8148 100.123 128.77
v  -13.8362 100.467 129.95
v  -13.8845 101.401 130.814
v  -13.9468 102.675 131.129
v  -14.0064 103.949 130.814
v  -14.0475 104.884 129.95
v  -14.059 105.227 128.77
v  -14.0378 104.887 127.587
v  -1.24032 103.283 126.254
v  -1.62119 104.542 126.11
v  -3.84744 104.435 127.956
v  -3.60905 103.17 128.235
v  -1.49925 101.993 126.11
v  -3.7255 101.887 127.956
v  -5.74941 101.787 124.232
v  -4.79833 100.896 124.645
v  -5.48053 100.863 125.146
v  -5.99822 101.775 124.406
v  -2.54741 105.434 125.718
v  -4.3769 105.346 127.197
v  -3.78702 105.719 125.185
v  -5.05377 105.658 126.167
v  -3.54282 100.615 125.185
v  -2.33608 101.017 125.718
v  -4.16558 100.929 127.197
v  -4.80957 100.554 126.167
v  -5.87167 104.342 124.232
v  -6.14001 103.048 124.075
v  -6.2308 103.044 124.137
v  -6.12046 104.33 124.406
v  -5.00998 105.319 124.645
v  -5.69216 105.287 125.146
v  -8.95174 105.127 129.192
v  -9.65794 105.438 128.117
v  -3.65516 104.448 117.79
v  -3.9114 103.155 117.919
v  -3.92891 103.154 119.964
v  -3.67522 104.447 120.1
v  -10.1209 100.641 127.04
v  -9.41374 100.334 128.117
v  -8.28107 101.669 129.978
v  -8.15777 102.952 130.266
v  -8.7404 100.711 129.192
v  -8.40301 104.217 129.978
v  -10.3326 105.065 127.04
v  -10.7941 104.106 126.25
v  -10.9183 102.82 125.961
v  -10.6718 101.551 126.25
v  -2.83315 105.423 117.439
v  -2.86045 105.422 120.473
v  -0.257599 101.116 116.481
v  0.561368 102.092 116.131
v  0.505332 102.089 121.861
v  -0.305728 101.114 121.49
v  0.816252 103.381 116.003
v  0.757299 103.378 121.997
v  -0.468925 105.533 116.481
v  -1.66664 105.82 116.96
v  -1.70419 105.819 120.982
v  -0.517055 105.531 121.49
v  -3.53291 101.893 117.79
v  -3.55298 101.892 120.1
v  -2.62152 101 117.439
v  -1.42244 100.716 116.96
v  -1.45999 100.715 120.982
v  -2.64882 100.999 120.473
v  -5.90256 101.779 113.91
v  -6.3047 103.041 114.08
v  0.43943 104.64 116.131
v  0.383394 104.638 121.861
v  -3.63978 100.61 112.975
v  -4.92179 100.89 113.492
v  -1.58582 101.989 112.105
v  -2.42401 101.013 112.472
v  -2.63535 105.43 112.472
v  -1.70774 104.538 112.105
v  -5.13342 105.313 113.492
v  -3.88398 105.714 112.975
v  -1.3265 103.279 111.971
v  -6.02481 104.334 113.91
v  -1.71265 78.9663 -111.959
v  -1.71265 77.2575 -112.17
v  9.76615 77.4929 -111.064
v  9.39528 87.0164 -111.185
v  2.14321 84.4156 -111.362
v  -24.0157 80.9763 -107.856
v  -24.2291 78.1899 -107.79
v  -13.1914 77.4929 -111.064
v  -12.8205 87.0164 -111.185
v  -17.0555 87.2838 -109.929
v  -21.7642 85.605 -108.529
v  -5.56851 84.4156 -111.362
v  -13.5622 67.9694 -110.944
v  -5.5935 70.3318 -112.249
v  -1.71265 75.5487 -112.382
v  -22.918 70.5363 -108.17
v  -18.5105 68.2818 -109.476
v  -24.4424 75.4034 -107.723
v  20.8038 78.1899 -107.789
v  20.5905 80.9764 -107.856
v  18.3389 85.605 -108.529
v  13.6303 87.2838 -109.929
v  10.137 67.9694 -110.944
v  15.0853 68.2819 -109.475
v  19.4927 70.5363 -108.17
v  21.0172 75.4034 -107.723
v  2.16819 70.3318 -112.249
v  -1.71265 84.4156 -111.362
v  10.1346 77.5318 -113.149
v  -1.71265 77.328 -114.287
v  -1.71265 79.0839 -114.066
v  2.2072 84.564 -113.465
v  9.76365 87.0491 -113.273
v  -13.5598 77.5318 -113.149
v  -24.8284 78.1876 -109.809
v  -24.6151 80.9741 -109.876
v  -22.3635 85.6028 -110.549
v  -17.6549 87.2816 -111.948
v  -13.1889 87.0491 -113.273
v  -5.6325 84.5641 -113.465
v  -5.7302 70.3407 -114.356
v  -14.0008 68.0041 -113.011
v  -1.71265 75.588 -114.503
v  -19.1099 68.2796 -111.495
v  -23.5173 70.5341 -110.19
v  -25.0418 75.4012 -109.743
v  21.4032 78.1876 -109.809
v  14.2297 87.2816 -111.948
v  18.9383 85.6028 -110.549
v  21.1898 80.9741 -109.875
v  15.6846 68.2796 -111.495
v  10.5756 68.0041 -113.011
v  21.6165 75.4012 -109.743
v  20.0921 70.5341 -110.19
v  2.30489 70.3407 -114.356
v  -1.71265 84.5641 -113.465
v  9.39529 107.009 -116.383
v  9.39529 101.204 -116.387
v  9.76365 101.558 -118.419
v  9.76366 107.685 -118.359
v  2.14321 92.7975 -116.567
v  9.39528 95.3983 -116.39
v  5.45601 102.296 -116.465
v  2.80172 100.452 -116.527
v  -13.1889 101.558 -118.419
v  -12.8205 101.204 -116.387
v  -12.8205 107.009 -116.383
v  -13.1889 107.685 -118.359
v  -1.71265 94.4597 -116.558
v  -1.71265 92.7975 -116.567
v  1.90382 100.988 -116.524
v  0.0822343 98.9739 -116.535
v  -6.22238 100.451 -116.527
v  -5.56851 92.7975 -116.567
v  -3.5061 98.9749 -116.535
v  -5.32353 100.987 -116.524
v  2.20721 113.937 -118.415
v  2.87869 105.962 -118.512
v  1.96986 105.414 -118.519
v  0.0989851 107.451 -118.494
v  -1.71264 111.953 -118.439
v  -1.71264 113.937 -118.415
v  2.14322 113.147 -116.461
v  -5.5685 113.147 -116.461
v  -1.71264 113.147 -116.461
v  -5.63249 113.937 -118.415
v  -5.6325 92.946 -118.67
v  -13.1889 95.431 -118.478
v  -12.8205 95.3983 -116.39
v  9.76365 95.431 -118.478
v  2.2072 92.946 -118.67
v  -1.71265 92.946 -118.67
v  -14.6651 80.0751 -109.647
v  -13.7195 79.856 -109.984
v  -14.9167 79.9836 -113.361
v  -15.8622 80.2027 -113.023
v  -17.1381 78.7001 -108.78
v  -16.4841 79.46 -109.006
v  -17.6812 79.5876 -112.382
v  -18.3352 78.8276 -112.157
v  -17.5084 77.7493 -108.657
v  -18.7055 77.8769 -112.033
v  -17.5504 76.7225 -108.652
v  -18.7474 76.8501 -112.028
v  -17.2588 75.7434 -108.764
v  -18.4559 75.871 -112.14
v  -16.669 74.9301 -108.981
v  -17.8661 75.0577 -112.357
v  -15.852 74.3809 -109.276
v  -17.0492 74.5085 -112.652
v  -14.9064 74.1617 -109.613
v  -16.1036 74.2893 -112.99
v  -13.9463 74.2992 -109.953
v  -15.1435 74.4268 -113.329
v  -13.0874 74.7768 -110.254
v  -14.2845 74.9044 -113.63
v  -12.4334 75.5368 -110.479
v  -13.6305 75.6644 -113.855
v  -12.0631 76.4875 -110.602
v  -13.2601 76.6151 -113.978
v  -12.0212 77.5143 -110.608
v  -13.2182 77.6419 -113.984
v  -12.3127 78.4934 -110.496
v  -13.5098 78.621 -113.872
v  -12.9025 79.3067 -110.279
v  -14.0996 79.4343 -113.655
v  -15.6252 79.9376 -109.307
v  -16.8224 80.0652 -112.683
v  11.6313 78.5877 -114.413
v  12.1494 78.9519 -114.296
v  12.7579 79.1124 -114.159
v  13.3834 79.05 -114.019
v  13.9503 78.7722 -113.892
v  14.3904 78.3124 -113.794
v  14.6505 77.726 -113.736
v  14.6993 77.084 -113.726
v  14.5309 76.4636 -113.765
v  14.1656 75.9397 -113.847
v  13.6475 75.5755 -113.964
v  13.039 75.4149 -114.101
v  12.4135 75.4773 -114.241
v  11.8466 75.7552 -114.368
v  11.4065 76.215 -114.466
v  11.1464 76.8013 -114.524
v  11.0975 77.4434 -114.534
v  11.266 78.0638 -114.495
v  11.5357 80.2673 -109.55
v  12.5338 80.1677 -109.326
v  13.4122 80.1265 -112.896
v  12.4142 80.2262 -113.12
v  9.15483 78.5938 -110.086
v  9.7378 79.4298 -109.955
v  10.6163 79.3887 -113.524
v  10.0333 78.5527 -113.656
v  8.88608 77.6038 -110.148
v  9.76456 77.5626 -113.718
v  8.96396 76.5791 -110.132
v  9.84242 76.538 -113.702
v  9.37908 75.6435 -110.04
v  10.2575 75.6024 -113.61
v  10.0814 74.9097 -109.883
v  10.9598 74.8686 -113.453
v  10.9861 74.4663 -109.681
v  11.8646 74.4252 -113.251
v  11.9842 74.3667 -109.457
v  12.8627 74.3256 -113.027
v  12.9553 74.6229 -109.239
v  13.8337 74.5818 -112.809
v  13.7822 75.2041 -109.053
v  14.6606 75.163 -112.623
v  14.3651 76.0402 -108.921
v  15.2436 75.999 -112.491
v  14.6339 77.0302 -108.859
v  15.5124 76.9891 -112.429
v  14.556 78.0548 -108.875
v  15.4345 78.0137 -112.445
v  14.1409 78.9905 -108.967
v  15.0193 78.9493 -112.537
v  13.4386 79.7243 -109.124
v  14.317 79.6831 -112.694
v  10.5647 80.011 -109.768
v  11.4431 79.9699 -113.338
v  -16.2707 79.1375 114.042
v  -16.8723 79.0514 113.829
v  -17.4106 78.7521 113.64
v  -17.8204 78.2759 113.499
v  -18.0525 77.6801 113.422
v  -18.0787 77.0367 113.418
v  -17.896 76.4231 113.488
v  -17.5264 75.9135 113.624
v  -17.0145 75.5693 113.809
v  -16.4219 75.432 114.021
v  -15.8203 75.5182 114.234
v  -15.2821 75.8174 114.422
v  -14.8722 76.2937 114.563
v  -14.6402 76.8894 114.64
v  -14.6139 77.5329 114.644
v  -14.7966 78.1464 114.574
v  -15.1662 78.656 114.438
v  -15.6781 79.0002 114.253
v  -6.22238 105.493 -116.501
v  -5.32352 104.957 -116.503
v  -3.50609 106.969 -116.493
v  -1.71264 111.484 -116.469
v  5.52531 102.754 -118.497
v  2.87869 100.921 -118.573
v  -6.30865 105.962 -118.512
v  -8.95657 102.754 -118.497
v  0.0822384 106.97 -116.493
v  1.90382 104.956 -116.503
v  2.80172 105.493 -116.501
v  -3.52567 107.452 -118.494
v  -5.40076 105.413 -118.519
v  -1.71265 94.9295 -118.646
v  0.0989795 99.4318 -118.591
v  1.96986 101.469 -118.566
v  -3.52568 99.4308 -118.591
v  -5.40076 101.47 -118.566
v  -8.87533 102.297 -116.465
v  -6.30865 100.921 -118.573
v  9.76615 77.4929 111.064
v  -1.71265 77.2576 112.17
v  -1.71265 78.9664 111.959
v  2.14321 84.4156 111.362
v  9.39528 87.0164 111.185
v  -13.1914 77.4929 111.064
v  -24.2291 78.1899 107.789
v  -24.0157 80.9764 107.856
v  -21.7642 85.605 108.529
v  -17.0555 87.2838 109.929
v  -12.8205 87.0164 111.185
v  -5.56851 84.4156 111.362
v  -5.5935 70.3318 112.249
v  -13.5622 67.9694 110.944
v  -1.71265 75.5487 112.382
v  -18.5105 68.2819 109.475
v  -22.918 70.5364 108.17
v  -24.4424 75.4035 107.723
v  20.8038 78.1899 107.789
v  13.6303 87.2839 109.929
v  18.3389 85.605 108.529
v  20.5905 80.9764 107.856
v  15.0853 68.2819 109.475
v  10.137 67.9694 110.944
v  21.0172 75.4035 107.723
v  19.4927 70.5364 108.17
v  2.16819 70.3318 112.249
v  -1.71265 84.4156 111.362
v  -1.71265 79.0839 114.066
v  -1.71265 77.328 114.287
v  10.1346 77.5319 113.149
v  9.76365 87.0491 113.273
v  2.2072 84.5641 113.465
v  -24.6151 80.9741 109.875
v  -24.8284 78.1877 109.809
v  -13.5598 77.5319 113.149
v  -13.1889 87.0491 113.273
v  -17.6549 87.2816 111.948
v  -22.3635 85.6028 110.549
v  -5.6325 84.5641 113.465
v  -14.0008 68.0042 113.011
v  -5.7302 70.3408 114.356
v  -1.71265 75.588 114.503
v  -23.5173 70.5341 110.19
v  -19.1099 68.2796 111.495
v  -25.0418 75.4012 109.743
v  21.4032 78.1877 109.809
v  21.1898 80.9741 109.875
v  18.9383 85.6028 110.549
v  14.2297 87.2816 111.948
v  10.5756 68.0042 113.011
v  15.6846 68.2796 111.495
v  20.0921 70.5341 110.19
v  21.6165 75.4012 109.743
v  2.30489 70.3408 114.356
v  -1.71265 84.5641 113.465
v  9.76365 101.558 118.419
v  9.39529 101.204 116.387
v  9.39529 107.009 116.383
v  9.76366 107.685 118.359
v  9.39528 95.3984 116.39
v  2.14321 92.7975 116.567
v  2.80172 100.452 116.527
v  5.45601 102.296 116.465
v  -12.8205 107.009 116.383
v  -12.8205 101.204 116.387
v  -13.1889 101.558 118.419
v  -13.1889 107.685 118.359
v  -1.71265 92.7976 116.567
v  -1.71265 94.4597 116.558
v  0.0822343 98.9739 116.535
v  1.90382 100.988 116.524
v  -5.56851 92.7976 116.567
v  -6.22238 100.451 116.527
v  -5.32353 100.987 116.524
v  -3.5061 98.9749 116.535
v  1.96986 105.414 118.519
v  2.87869 105.962 118.512
v  2.20721 113.937 118.415
v  -1.71264 113.937 118.415
v  -1.71264 111.953 118.439
v  0.0989851 107.451 118.494
v  2.14322 113.147 116.461
v  -1.71264 113.147 116.461
v  -5.5685 113.147 116.461
v  -5.63249 113.937 118.415
v  -5.6325 92.9461 118.67
v  -13.1889 95.4311 118.478
v  -12.8205 95.3984 116.39
v  9.76365 95.4311 118.478
v  2.2072 92.946 118.67
v  -1.71265 92.946 118.67
v  -14.9167 79.9836 113.361
v  -13.7195 79.856 109.984
v  -14.6651 80.0751 109.647
v  -15.8622 80.2027 113.023
v  -17.6812 79.5877 112.382
v  -16.4841 79.4601 109.006
v  -17.1381 78.7001 108.78
v  -18.3352 78.8277 112.157
v  -17.5084 77.7493 108.657
v  -18.7055 77.8769 112.033
v  -17.5504 76.7225 108.652
v  -18.7474 76.8501 112.028
v  -17.2588 75.7434 108.764
v  -18.4559 75.871 112.14
v  -16.669 74.9302 108.98
v  -17.8661 75.0578 112.357
v  -15.852 74.3809 109.275
v  -17.0492 74.5085 112.652
v  -14.9064 74.1618 109.613
v  -16.1036 74.2894 112.99
v  -13.9463 74.2993 109.953
v  -15.1435 74.4269 113.329
v  -13.0874 74.7768 110.254
v  -14.2845 74.9044 113.63
v  -12.4334 75.5368 110.479
v  -13.6305 75.6644 113.855
v  -12.0631 76.4875 110.602
v  -13.2601 76.6151 113.978
v  -12.0212 77.5144 110.608
v  -13.2182 77.642 113.984
v  -12.3127 78.4935 110.496
v  -13.5098 78.621 113.872
v  -12.9025 79.3067 110.279
v  -14.0996 79.4343 113.655
v  -15.6252 79.9376 109.307
v  -16.8224 80.0652 112.683
v  12.7579 79.1125 114.159
v  12.1494 78.9519 114.296
v  11.6313 78.5877 114.413
v  11.266 78.0638 114.495
v  11.0975 77.4434 114.534
v  11.1464 76.8014 114.524
v  11.4065 76.215 114.466
v  11.8466 75.7552 114.368
v  12.4135 75.4774 114.241
v  13.039 75.4149 114.101
v  13.6475 75.5755 113.964
v  14.1656 75.9397 113.847
v  14.5309 76.4636 113.765
v  14.6993 77.084 113.726
v  14.6505 77.7261 113.736
v  14.3904 78.3124 113.794
v  13.9503 78.7722 113.892
v  13.3834 79.0501 114.019
v  13.4122 80.1266 112.896
v  12.5338 80.1677 109.326
v  11.5357 80.2673 109.55
v  12.4142 80.2262 113.12
v  10.6163 79.3887 113.524
v  9.7378 79.4299 109.955
v  9.15483 78.5938 110.086
v  10.0333 78.5527 113.656
v  8.88608 77.6038 110.148
v  9.76456 77.5627 113.718
v  8.96396 76.5792 110.132
v  9.84242 76.538 113.702
v  9.37908 75.6435 110.04
v  10.2575 75.6024 113.61
v  10.0814 74.9098 109.883
v  10.9598 74.8686 113.453
v  10.9861 74.4663 109.681
v  11.8646 74.4252 113.25
v  11.9842 74.3667 109.457
v  12.8627 74.3256 113.027
v  12.9553 74.623 109.239
v  13.8337 74.5818 112.809
v  13.7822 75.2042 109.053
v  14.6606 75.163 112.623
v  14.3651 76.0402 108.921
v  15.2436 75.9991 112.491
v  14.6339 77.0302 108.859
v  15.5124 76.9891 112.429
v  14.556 78.0549 108.875
v  15.4345 78.0137 112.445
v  14.1409 78.9905 108.967
v  15.0193 78.9494 112.537
v  13.4386 79.7243 109.124
v  14.317 79.6832 112.694
v  10.5647 80.0111 109.768
v  11.4431 79.9699 113.338
v  -5.32352 104.957 116.503
v  -6.22238 105.493 116.501
v  -1.71264 111.484 116.469
v  -3.50609 106.969 116.493
v  5.52531 102.754 118.497
v  2.87869 100.921 118.573
v  -8.95657 102.754 118.497
v  -6.30865 105.962 118.512
v  0.0822384 106.97 116.493
v  2.80172 105.493 116.501
v  1.90382 104.956 116.503
v  -5.40076 105.413 118.519
v  -3.52567 107.452 118.494
v  -1.71265 94.9296 118.646
v  1.96986 101.469 118.566
v  0.0989795 99.4318 118.591
v  -5.40076 101.47 118.566
v  -3.52568 99.4308 118.591
v  -8.87533 102.297 116.465
v  -6.30865 100.921 118.573
v  -16.9875 79.7843 -113.443
v  -16.1324 79.9067 -113.746
v  -16.8723 79.0513 -113.829
v  -16.2707 79.1375 -114.042
v  -17.7525 79.3589 -113.175
v  -17.4106 78.7521 -113.64
v  -18.335 78.6821 -112.974
v  -17.8204 78.2759 -113.499
v  -18.6648 77.8353 -112.865
v  -18.0525 77.6801 -113.422
v  -18.7021 76.9208 -112.86
v  -18.0787 77.0366 -113.418
v  -18.4425 76.0487 -112.959
v  -17.896 76.4231 -113.488
v  -17.9172 75.3244 -113.152
v  -17.5264 75.9135 -113.624
v  -17.1895 74.8352 -113.415
v  -17.0145 75.5693 -113.809
v  -16.3474 74.6401 -113.716
v  -16.4219 75.432 -114.021
v  -15.4922 74.7625 -114.019
v  -15.8203 75.5182 -114.234
v  -14.7273 75.1879 -114.287
v  -15.2821 75.8174 -114.422
v  -14.1447 75.8647 -114.487
v  -14.8722 76.2936 -114.563
v  -13.8149 76.7115 -114.597
v  -14.6402 76.8894 -114.64
v  -13.7776 77.626 -114.602
v  -14.6139 77.5329 -114.644
v  -14.0372 78.498 -114.502
v  -14.7966 78.1464 -114.574
v  -14.5626 79.2224 -114.309
v  -15.1662 78.656 -114.438
v  -15.2902 79.7116 -114.047
v  -15.6781 79.0002 -114.253
v  11.7577 79.6667 -114.056
v  12.6226 79.8949 -113.862
v  11.0213 79.149 -114.222
v  10.502 78.4044 -114.34
v  10.2627 77.5227 -114.394
v  10.332 76.6101 -114.38
v  10.7018 75.7768 -114.298
v  11.3272 75.1232 -114.159
v  12.1331 74.7283 -113.978
v  13.022 74.6396 -113.779
v  13.8869 74.8678 -113.585
v  14.6233 75.3855 -113.419
v  15.1426 76.1301 -113.302
v  15.3819 77.0118 -113.247
v  15.3126 77.9244 -113.261
v  14.9428 78.7577 -113.343
v  14.3173 79.4113 -113.482
v  13.5115 79.8062 -113.663
v  -16.9875 79.7843 113.443
v  -16.1324 79.9068 113.746
v  -17.7525 79.359 113.175
v  -18.335 78.6821 112.974
v  -18.6648 77.8353 112.865
v  -18.7021 76.9208 112.859
v  -18.4425 76.0488 112.959
v  -17.9172 75.3245 113.152
v  -17.1895 74.8353 113.415
v  -16.3474 74.6401 113.716
v  -15.4922 74.7626 114.019
v  -14.7273 75.1879 114.286
v  -14.1447 75.8647 114.487
v  -13.8149 76.7115 114.597
v  -13.7776 77.6261 114.602
v  -14.0372 78.4981 114.502
v  -14.5626 79.2224 114.309
v  -15.2902 79.7116 114.047
v  11.7577 79.6667 114.056
v  12.6226 79.8949 113.862
v  11.0213 79.1491 114.222
v  10.502 78.4045 114.34
v  10.2627 77.5227 114.394
v  10.332 76.6101 114.38
v  10.7018 75.7768 114.298
v  11.3272 75.1233 114.159
v  12.1331 74.7283 113.978
v  13.022 74.6396 113.779
v  13.8869 74.8678 113.585
v  14.6233 75.3855 113.419
v  15.1426 76.1301 113.302
v  15.3819 77.0118 113.247
v  15.3125 77.9244 113.261
v  14.9428 78.7578 113.343
v  14.3173 79.4113 113.482
v  13.5115 79.8062 113.663
v  -75.511 -142.7 -31.2777
v  -80.1624 -142.7 -15.9442
v  60.8166 -142.7 60.8135
v  47.7845 -142.7 71.5087
v  -81.733 -142.7 0.00221629
v  71.5118 -142.7 47.7813
v  -80.1624 -142.7 15.9486
v  79.4591 -142.7 32.9131
v  -75.5111 -142.7 31.2822
v  84.353 -142.7 16.7801
v  -67.9576 -142.7 45.4137
v  86.0054 -142.7 0.00228903
v  -57.7924 -142.7 57.8001
v  84.353 -142.7 -16.7755
v  -45.406 -142.7 67.9653
v  -2.24163 -142.575 -85.0476
v  2.84528 -142.7 -85.718
v  79.4591 -142.7 -32.9085
v  -31.2745 -142.7 75.5188
v  71.5118 -142.7 -47.7767
v  -15.941 -142.7 80.1702
v  -2.83439 -142.7 -85.718
v  60.8166 -142.7 -60.8089
v  15.9518 -142.7 80.1702
v  31.2854 -142.7 75.5188
v  47.7845 -142.7 -71.5041
v  45.4169 -142.7 67.9653
v  32.9162 -142.7 -79.4513
v  -32.9052 -142.7 -79.4514
v  -16.7722 -142.7 -84.3453
v  57.8032 -142.7 57.8001
v  16.7832 -142.7 -84.3452
v  67.9685 -142.7 45.4137
v  -47.7735 -142.7 -71.5042
v  75.5219 -142.7 31.2822
v  -60.8057 -142.7 -60.809
v  -3.67157 -142.7 81.3786
v  -2.83467 -142.7 85.7226
v  -16.7724 -142.7 84.3498
v  80.1733 -142.7 15.9487
v  -71.5009 -142.7 -47.7768
v  2.90493 -142.7 81.4552
v  31.2854 -142.7 -75.5142
v  15.9518 -142.7 -80.1656
v  45.4169 -142.7 -67.9607
v  57.8032 -142.7 -57.7955
v  67.9685 -142.7 -45.4091
v  75.5219 -142.7 -31.2777
v  80.1733 -142.7 -15.9441
v  81.7439 -142.7 0.00228979
v  32.9162 -142.7 79.4559
v  16.7832 -142.7 84.3498
v  -32.9054 -142.7 79.4559
v  -47.7736 -142.7 71.5087
v  -60.8058 -142.7 60.8134
v  -71.501 -142.7 47.7813
v  -79.4482 -142.7 32.913
v  -84.3421 -142.7 16.78
v  -85.9946 -142.7 0.00221248
v  -84.3421 -142.7 -16.7756
v  -79.4482 -142.7 -32.9086
v  -67.9575 -142.7 -45.4092
v  -57.7923 -142.7 -57.7956
v  -45.4059 -142.7 -67.9608
v  -31.2744 -142.7 -75.5142
v  -15.9408 -142.7 -80.1656
v  -3.92428 -142.575 -80.5482
v  -4.57573 -142.7 -81.2849
v  2.9154 -142.7 -81.4495
v  -2.49996 -142.7 80.7704
v  -1.72034 -142.7 85.1441
v  2.84551 -142.7 85.7226

# 3198 UV coordinates
vt 0.435697 0.922996 0
vt 0.43525 0.921242 0
vt 0.467122 0.912754 0
vt 0.46761 0.914501 0
vt 0.403687 0.930749 0
vt 0.40328 0.928991 0
vt 0.371615 0.937788 0
vt 0.371247 0.936028 0
vt 0.339531 0.944151 0
vt 0.3392 0.942393 0
vt 0.307505 0.9498 0
vt 0.30722 0.948084 0
vt 0.275362 0.954827 0
vt 0.275104 0.953055 0
vt 0.242904 0.959231 0
vt 0.242679 0.957444 0
vt 0.210215 0.963057 0
vt 0.210022 0.961258 0
vt 0.177324 0.966278 0
vt 0.177165 0.964468 0
vt 0.144247 0.968878 0
vt 0.144122 0.967058 0
vt 0.110994 0.970852 0
vt 0.110904 0.969023 0
vt 0.0775821 0.972196 0
vt 0.0775273 0.970358 0
vt 0.0440363 0.972894 0
vt 0.0440204 0.971051 0
vt 0.50008 0.90752 0
vt 0.499391 0.905265 0
vt 0.527327 0.896631 0
vt 0.528092 0.898821 0
vt 0.0145904 0.971044 0
vt 0.0147025 0.968051 0
vt 0.0439904 0.968173 0
vt 0.93576 0.693335 0
vt 0.93477 0.691922 0
vt 0.96014 0.673747 0
vt 0.961139 0.675103 0
vt 0.909756 0.711169 0
vt 0.908788 0.709726 0
vt 0.883223 0.728605 0
vt 0.882278 0.727134 0
vt 0.856187 0.745595 0
vt 0.855267 0.744095 0
vt 0.828625 0.762097 0
vt 0.827732 0.760567 0
vt 0.800502 0.778163 0
vt 0.799614 0.776568 0
vt 0.771974 0.793655 0
vt 0.77114 0.792082 0
vt 0.743225 0.808494 0
vt 0.742428 0.806906 0
vt 0.714158 0.822669 0
vt 0.713396 0.821063 0
vt 0.684747 0.836221 0
vt 0.684019 0.834596 0
vt 0.654972 0.849176 0
vt 0.654276 0.84753 0
vt 0.624811 0.861554 0
vt 0.624146 0.859887 0
vt 0.594234 0.873361 0
vt 0.593602 0.87167 0
vt 0.56325 0.884399 0
vt 0.562664 0.882766 0
vt 0.537389 0.900862 0
vt 0.536342 0.896049 0
vt 0.564039 0.886679 0
vt 0.565663 0.89134 0
vt 0.497506 0.808004 0
vt 0.498417 0.811001 0
vt 0.472902 0.819599 0
vt 0.471968 0.816657 0
vt 0.958531 0.671583 0
vt 0.979831 0.654805 0
vt 0.981641 0.656851 0
vt 0.446726 0.540154 0
vt 0.470396 0.532358 0
vt 0.479192 0.556763 0
vt 0.454147 0.564756 0
vt 0.533803 0.800147 0
vt 0.563731 0.789687 0
vt 0.569842 0.806028 0
vt 0.539544 0.816382 0
vt 0.592816 0.778937 0
vt 0.599236 0.795029 0
vt 0.621351 0.767643 0
vt 0.628094 0.783468 0
vt 0.649444 0.755737 0
vt 0.656522 0.771326 0
vt 0.677147 0.743211 0
vt 0.684562 0.758583 0
vt 0.704482 0.730073 0
vt 0.712231 0.745234 0
vt 0.73146 0.71634 0
vt 0.739529 0.731293 0
vt 0.758089 0.702043 0
vt 0.766453 0.71679 0
vt 0.78439 0.687209 0
vt 0.793054 0.701775 0
vt 0.810363 0.671841 0
vt 0.819323 0.686216 0
vt 0.836003 0.655954 0
vt 0.845241 0.670133 0
vt 0.861311 0.639575 0
vt 0.870806 0.653565 0
vt 0.886299 0.622732 0
vt 0.896036 0.636566 0
vt 0.910957 0.605458 0
vt 0.92095 0.619236 0
vt 0.0426711 0.877691 0
vt 0.0426477 0.88092 0
vt 0.0143552 0.880751 0
vt 0.0141946 0.877312 0
vt 0.932281 0.590342 0
vt 0.942232 0.603841 0
vt 0.0746996 0.880837 0
vt 0.0751928 0.898739 0
vt 0.0428226 0.899157 0
vt 0.106392 0.88012 0
vt 0.107245 0.897844 0
vt 0.137849 0.878727 0
vt 0.13907 0.896328 0
vt 0.169128 0.876661 0
vt 0.170714 0.894162 0
vt 0.200253 0.873937 0
vt 0.202197 0.891348 0
vt 0.231235 0.87057 0
vt 0.233531 0.887896 0
vt 0.262075 0.866565 0
vt 0.264728 0.883811 0
vt 0.29277 0.861908 0
vt 0.295796 0.879081 0
vt 0.323297 0.856579 0
vt 0.326691 0.873637 0
vt 0.353638 0.850588 0
vt 0.357401 0.867535 0
vt 0.383781 0.84393 0
vt 0.387926 0.860764 0
vt 0.413708 0.83658 0
vt 0.418259 0.853293 0
vt 0.443403 0.828495 0
vt 0.448392 0.845099 0
vt 0.478309 0.836248 0
vt 0.529046 0.785729 0
vt 0.530333 0.789755 0
vt 0.504288 0.798093 0
vt 0.502313 0.793646 0
vt 0.406873 0.587447 0
vt 0.427034 0.582374 0
vt 0.493378 0.797291 0
vt 0.468497 0.805917 0
vt 0.498865 0.903527 0
vt 0.427122 0.545805 0
vt 0.433391 0.571156 0
vt 0.434643 0.581417 0
vt 0.435958 0.580453 0
vt 0.500522 0.793708 0
vt 0.493762 0.523959 0
vt 0.503101 0.548021 0
vt 0.516704 0.515119 0
vt 0.526461 0.538751 0
vt 0.539211 0.505843 0
vt 0.549408 0.529019 0
vt 0.561257 0.496107 0
vt 0.571959 0.518822 0
vt 0.582839 0.485891 0
vt 0.594098 0.508164 0
vt 0.603973 0.47516 0
vt 0.615748 0.497171 0
vt 0.624802 0.4638 0
vt 0.637081 0.485547 0
vt 0.6455 0.451768 0
vt 0.658445 0.473338 0
vt 0.666105 0.439109 0
vt 0.67968 0.46055 0
vt 0.686616 0.425883 0
vt 0.700763 0.447215 0
vt 0.70704 0.412126 0
vt 0.721709 0.433376 0
vt 0.769001 0.412054 0
vt 0.786543 0.399206 0
vt 0.923843 0.578702 0
vt 0.902834 0.594003 0
vt 0.532836 0.797232 0
vt 0.506784 0.808763 0
vt 0.506331 0.805314 0
vt 0.72741 0.397863 0
vt 0.742551 0.419058 0
vt 0.0203078 0.59738 0
vt 0.042448 0.597492 0
vt 0.0428615 0.625164 0
vt 0.0203118 0.625552 0
vt 0.0685902 0.597287 0
vt 0.069425 0.624461 0
vt 0.0943996 0.596531 0
vt 0.0957291 0.623428 0
vt 0.120046 0.595211 0
vt 0.121896 0.621987 0
vt 0.145649 0.593346 0
vt 0.148007 0.620106 0
vt 0.171314 0.590982 0
vt 0.174121 0.617785 0
vt 0.197088 0.588159 0
vt 0.200294 0.615017 0
vt 0.22298 0.584956 0
vt 0.226665 0.611708 0
vt 0.248802 0.581449 0
vt 0.252961 0.608111 0
vt 0.274356 0.577622 0
vt 0.278845 0.60405 0
vt 0.299628 0.573431 0
vt 0.304478 0.599602 0
vt 0.324654 0.568847 0
vt 0.329888 0.594779 0
vt 0.349468 0.563872 0
vt 0.355078 0.589588 0
vt 0.747778 0.383116 0
vt 0.763361 0.404223 0
vt 0.495042 0.801243 0
vt 0.46971 0.809708 0
vt 0.926503 0.58176 0
vt 0.905125 0.59724 0
vt 0.558878 0.775911 0
vt 0.560205 0.779748 0
vt 0.543434 0.827912 0
vt 0.544471 0.830979 0
vt 0.517106 0.839756 0
vt 0.516557 0.836133 0
vt 0.587715 0.765505 0
vt 0.589117 0.769244 0
vt 0.562685 0.786743 0
vt 0.615962 0.754448 0
vt 0.617447 0.758121 0
vt 0.591724 0.77606 0
vt 0.643761 0.742738 0
vt 0.64533 0.746357 0
vt 0.620199 0.764816 0
vt 0.671172 0.730388 0
vt 0.672823 0.733958 0
vt 0.648231 0.752952 0
vt 0.698224 0.717417 0
vt 0.699955 0.720941 0
vt 0.675872 0.740464 0
vt 0.724929 0.703848 0
vt 0.726736 0.707327 0
vt 0.703147 0.727361 0
vt 0.751299 0.689708 0
vt 0.753179 0.693144 0
vt 0.730066 0.713664 0
vt 0.777348 0.675026 0
vt 0.779298 0.67842 0
vt 0.756641 0.699401 0
vt 0.803076 0.659811 0
vt 0.805094 0.663163 0
vt 0.782888 0.684599 0
vt 0.828478 0.644078 0
vt 0.830564 0.647388 0
vt 0.808809 0.669264 0
vt 0.853562 0.627849 0
vt 0.85571 0.631118 0
vt 0.834398 0.65341 0
vt 0.87834 0.611151 0
vt 0.880548 0.61438 0
vt 0.859659 0.637064 0
vt 0.884602 0.620252 0
vt 0.0427879 0.865794 0
vt 0.0427181 0.870006 0
vt 0.0142727 0.869393 0
vt 0.0146739 0.864864 0
vt 0.90923 0.603004 0
vt 0.930774 0.587752 0
vt 0.0144392 0.899478 0
vt 0.0745511 0.865979 0
vt 0.0745744 0.870111 0
vt 0.561746 0.880137 0
vt 0.53411 0.888824 0
vt 0.105919 0.865406 0
vt 0.106036 0.869498 0
vt 0.0746677 0.877657 0
vt 0.137053 0.864108 0
vt 0.137261 0.868174 0
vt 0.106293 0.87697 0
vt 0.168018 0.862118 0
vt 0.168315 0.866163 0
vt 0.137683 0.875597 0
vt 0.198838 0.859462 0
vt 0.19922 0.86349 0
vt 0.168895 0.873548 0
vt 0.22952 0.856161 0
vt 0.229985 0.860171 0
vt 0.199955 0.870839 0
vt 0.26006 0.852223 0
vt 0.260609 0.856214 0
vt 0.230873 0.867486 0
vt 0.290447 0.84764 0
vt 0.291082 0.85161 0
vt 0.261649 0.863495 0
vt 0.320664 0.842394 0
vt 0.321385 0.846342 0
vt 0.292278 0.858853 0
vt 0.350696 0.836494 0
vt 0.351503 0.840416 0
vt 0.322738 0.853542 0
vt 0.380522 0.829935 0
vt 0.381417 0.833829 0
vt 0.353013 0.847571 0
vt 0.410116 0.822694 0
vt 0.411103 0.826556 0
vt 0.383088 0.840933 0
vt 0.439447 0.814722 0
vt 0.440536 0.818551 0
vt 0.412943 0.833604 0
vt 0.442561 0.825542 0
vt 0.512469 0.824872 0
vt 0.504032 0.827991 0
vt 0.505539 0.832047 0
vt 0.479523 0.840225 0
vt 0.944954 0.606981 0
vt 0.9233 0.622581 0
vt 0.571268 0.810008 0
vt 0.540909 0.820533 0
vt 0.600736 0.798919 0
vt 0.573805 0.816932 0
vt 0.574938 0.820024 0
vt 0.629669 0.787294 0
vt 0.603392 0.805681 0
vt 0.604571 0.808705 0
vt 0.658174 0.775098 0
vt 0.63245 0.793945 0
vt 0.633683 0.796921 0
vt 0.686295 0.762304 0
vt 0.66109 0.781656 0
vt 0.662382 0.784591 0
vt 0.714044 0.748906 0
vt 0.689349 0.768775 0
vt 0.690703 0.771671 0
vt 0.741419 0.734915 0
vt 0.717237 0.75529 0
vt 0.718653 0.758148 0
vt 0.768414 0.720364 0
vt 0.744746 0.74121 0
vt 0.746222 0.744028 0
vt 0.795086 0.705307 0
vt 0.771861 0.726574 0
vt 0.773389 0.729354 0
vt 0.821426 0.689702 0
vt 0.798655 0.711443 0
vt 0.800239 0.714192 0
vt 0.847412 0.673572 0
vt 0.82512 0.695758 0
vt 0.82676 0.69847 0
vt 0.873038 0.656958 0
vt 0.851222 0.679544 0
vt 0.852914 0.682218 0
vt 0.89832 0.639916 0
vt 0.876954 0.662846 0
vt 0.878693 0.665483 0
vt 0.902323 0.645722 0
vt 0.9041 0.64832 0
vt 0.0428581 0.903498 0
vt 0.0143221 0.903872 0
vt 0.927328 0.628261 0
vt 0.929129 0.630822 0
vt 0.950691 0.615544 0
vt 0.0146853 0.914795 0
vt 0.0430179 0.91438 0
vt 0.0752707 0.903035 0
vt 0.470235 0.811323 0
vt 0.495631 0.802842 0
vt 0.107398 0.902105 0
vt 0.075452 0.910509 0
vt 0.0755231 0.913845 0
vt 0.042978 0.911031 0
vt 0.139307 0.900563 0
vt 0.107706 0.909526 0
vt 0.107834 0.91284 0
vt 0.171037 0.898374 0
vt 0.139761 0.907938 0
vt 0.139953 0.911234 0
vt 0.202606 0.89554 0
vt 0.17164 0.90571 0
vt 0.171898 0.908988 0
vt 0.234025 0.892069 0
vt 0.203357 0.902839 0
vt 0.203681 0.906101 0
vt 0.265306 0.887967 0
vt 0.234922 0.899334 0
vt 0.23531 0.902581 0
vt 0.296465 0.883219 0
vt 0.26635 0.895202 0
vt 0.266804 0.898436 0
vt 0.327452 0.87775 0
vt 0.297668 0.890425 0
vt 0.298193 0.893648 0
vt 0.35825 0.871624 0
vt 0.328814 0.884909 0
vt 0.329411 0.88811 0
vt 0.388866 0.864828 0
vt 0.359765 0.87874 0
vt 0.36043 0.881923 0
vt 0.419296 0.85733 0
vt 0.39054 0.871902 0
vt 0.391276 0.875068 0
vt 0.449524 0.849107 0
vt 0.421136 0.86436 0
vt 0.421946 0.867506 0
vt 0.45153 0.856084 0
vt 0.452415 0.859206 0
vt 0.482599 0.850191 0
vt 0.508627 0.841968 0
vt 0.525668 0.892046 0
vt 0.498044 0.900809 0
vt 0.481649 0.84709 0
vt 0.167264 0.177813 0
vt 0.193303 0.171673 0
vt 0.195606 0.173074 0
vt 0.211651 0.171745 0
vt 0.241527 0.174607 0
vt 0.275531 0.184885 0
vt 0.306542 0.201081 0
vt 0.333901 0.222615 0
vt 0.356825 0.248838 0
vt 0.37455 0.278942 0
vt 0.386431 0.311953 0
vt 0.392006 0.346746 0
vt 0.391066 0.382069 0
vt 0.383748 0.416577 0
vt 0.369667 0.449566 0
vt 0.34895 0.480281 0
vt 0.321918 0.507286 0
vt 0.289247 0.529279 0
vt 0.25198 0.54506 0
vt 0.219467 0.551998 0
vt 0.205321 0.551943 0
vt 0.202357 0.553165 0
vt 0.176049 0.549858 0
vt 0.142529 0.539889 0
vt 0.112153 0.524401 0
vt 0.0852848 0.503836 0
vt 0.0625874 0.478709 0
vt 0.0447731 0.449676 0
vt 0.0325051 0.417518 0
vt 0.0263645 0.383105 0
vt 0.0268691 0.347358 0
vt 0.0345457 0.31122 0
vt 0.0491134 0.276404 0
vt 0.0702557 0.244585 0
vt 0.0975547 0.216761 0
vt 0.13036 0.194073 0
vt 0.85663 0.632503 0
vt 0.881492 0.615748 0
vt 0.411531 0.828197 0
vt 0.441007 0.820179 0
vt 0.532295 0.795632 0
vt 0.562136 0.7852 0
vt 0.505035 0.799642 0
vt 0.530928 0.79155 0
vt 0.591147 0.774556 0
vt 0.530928 0.79155 0
vt 0.56078 0.781378 0
vt 0.619591 0.763338 0
vt 0.589723 0.770832 0
vt 0.619591 0.763339 0
vt 0.64759 0.751496 0
vt 0.618087 0.75968 0
vt 0.675198 0.739028 0
vt 0.646005 0.747893 0
vt 0.675198 0.739028 0
vt 0.702442 0.725944 0
vt 0.673533 0.735473 0
vt 0.702442 0.725944 0
vt 0.729331 0.712265 0
vt 0.700698 0.722436 0
vt 0.729331 0.712265 0
vt 0.755876 0.69802 0
vt 0.727511 0.708803 0
vt 0.782095 0.683236 0
vt 0.727511 0.708803 0
vt 0.753985 0.694601 0
vt 0.807989 0.667918 0
vt 0.780134 0.679859 0
vt 0.807989 0.667918 0
vt 0.833551 0.652081 0
vt 0.805959 0.664584 0
vt 0.858787 0.635752 0
vt 0.831457 0.648791 0
vt 0.883708 0.618957 0
vt 0.831456 0.648791 0
vt 0.85663 0.632503 0
vt 0.908332 0.601742 0
vt 0.929934 0.586388 0
vt 0.0141951 0.875558 0
vt 0.0426787 0.875997 0
vt 0.480021 0.841823 0
vt 0.506054 0.833602 0
vt 0.906089 0.598593 0
vt 0.927606 0.583111 0
vt 0.0426787 0.875997 0
vt 0.0746457 0.875992 0
vt 0.0142368 0.871231 0
vt 0.0427042 0.871798 0
vt 0.106235 0.875321 0
vt 0.0745947 0.871868 0
vt 0.137589 0.873959 0
vt 0.106095 0.871238 0
vt 0.168766 0.871918 0
vt 0.106095 0.871238 0
vt 0.137359 0.869903 0
vt 0.199792 0.869217 0
vt 0.137359 0.869903 0
vt 0.168449 0.867883 0
vt 0.199792 0.869217 0
vt 0.230676 0.865872 0
vt 0.19939 0.865201 0
vt 0.230676 0.865872 0
vt 0.261419 0.861888 0
vt 0.19939 0.865201 0
vt 0.230191 0.861875 0
vt 0.292013 0.857255 0
vt 0.260851 0.857909 0
vt 0.292013 0.857255 0
vt 0.322439 0.851953 0
vt 0.29136 0.853297 0
vt 0.322439 0.851953 0
vt 0.352679 0.845991 0
vt 0.3217 0.848018 0
vt 0.352679 0.845991 0
vt 0.382718 0.839365 0
vt 0.351854 0.842082 0
vt 0.382718 0.839365 0
vt 0.412537 0.832048 0
vt 0.381806 0.835483 0
vt 0.442113 0.823998 0
vt 0.381806 0.835483 0
vt 0.471469 0.81512 0
vt 0.496976 0.806534 0
vt 0.506137 0.803594 0
vt 0.449986 0.850715 0
vt 0.480021 0.841823 0
vt 0.87394 0.658316 0
vt 0.899242 0.641255 0
vt 0.41972 0.85895 0
vt 0.542896 0.826353 0
vt 0.57325 0.815423 0
vt 0.515217 0.83059 0
vt 0.514472 0.829108 0
vt 0.541505 0.822287 0
vt 0.57325 0.815423 0
vt 0.602811 0.804206 0
vt 0.571851 0.811604 0
vt 0.602811 0.804206 0
vt 0.631842 0.792495 0
vt 0.571851 0.811604 0
vt 0.601347 0.800478 0
vt 0.660453 0.780226 0
vt 0.601347 0.800478 0
vt 0.630309 0.788827 0
vt 0.660453 0.780226 0
vt 0.688682 0.767364 0
vt 0.658846 0.776609 0
vt 0.688682 0.767364 0
vt 0.71654 0.753898 0
vt 0.658846 0.776609 0
vt 0.686998 0.763796 0
vt 0.74402 0.739837 0
vt 0.71478 0.750378 0
vt 0.74402 0.739837 0
vt 0.771109 0.72522 0
vt 0.71478 0.750378 0
vt 0.742186 0.736366 0
vt 0.771109 0.72522 0
vt 0.797876 0.710105 0
vt 0.742186 0.736366 0
vt 0.769208 0.721796 0
vt 0.824314 0.694438 0
vt 0.795908 0.706722 0
vt 0.850391 0.678242 0
vt 0.795908 0.706721 0
vt 0.822277 0.691098 0
vt 0.8761 0.661563 0
vt 0.84829 0.674949 0
vt 0.90145 0.644456 0
vt 0.84829 0.674949 0
vt 0.90145 0.644456 0
vt 0.926457 0.627033 0
vt 0.926457 0.627033 0
vt 0.948317 0.611529 0
vt 0.949127 0.612849 0
vt 0.0144794 0.911316 0
vt 0.0144394 0.909677 0
vt 0.0429511 0.909392 0
vt 0.501454 0.91208 0
vt 0.529522 0.90346 0
vt 0.924236 0.623901 0
vt 0.946022 0.608291 0
vt 0.0754116 0.90888 0
vt 0.0143524 0.905571 0
vt 0.0428849 0.905238 0
vt 0.0754116 0.90888 0
vt 0.107638 0.907907 0
vt 0.0753115 0.904758 0
vt 0.107638 0.907907 0
vt 0.139662 0.90633 0
vt 0.107468 0.903816 0
vt 0.139662 0.90633 0
vt 0.171508 0.90411 0
vt 0.139412 0.902263 0
vt 0.203193 0.901247 0
vt 0.139412 0.902263 0
vt 0.171176 0.900065 0
vt 0.234726 0.89775 0
vt 0.171176 0.900065 0
vt 0.202779 0.897222 0
vt 0.266122 0.893624 0
vt 0.202779 0.897223 0
vt 0.234231 0.893744 0
vt 0.297405 0.888853 0
vt 0.265546 0.889634 0
vt 0.297405 0.888853 0
vt 0.328517 0.883348 0
vt 0.296742 0.88488 0
vt 0.328517 0.883348 0
vt 0.359434 0.877188 0
vt 0.327766 0.8794 0
vt 0.390175 0.87036 0
vt 0.327766 0.8794 0
vt 0.358599 0.873264 0
vt 0.420734 0.862827 0
vt 0.389252 0.866459 0
vt 0.420734 0.862827 0
vt 0.451092 0.854562 0
vt 0.389252 0.866459 0
vt 0.41972 0.85895 0
vt 0.481193 0.845608 0
vt 0.481193 0.845608 0
vt 0.507272 0.837325 0
vt 0.507748 0.838798 0
vt 0.516352 0.834472 0
vt 0.542896 0.826353 0
vt 0.505487 0.80633 0
vt 0.505078 0.804422 0
vt 0.506137 0.803594 0
vt 0.8808 0.724838 0
vt 0.853829 0.741757 0
vt 0.682887 0.832056 0
vt 0.653195 0.844959 0
vt 0.306764 0.945346 0
vt 0.274698 0.950286 0
vt 0.0774368 0.967488 0
vt 0.826335 0.758181 0
vt 0.466365 0.910024 0
vt 0.623115 0.857282 0
vt 0.242323 0.954653 0
vt 0.798255 0.774128 0
vt 0.434558 0.918502 0
vt 0.592623 0.869033 0
vt 0.209717 0.958447 0
vt 0.769842 0.789627 0
vt 0.40265 0.926244 0
vt 0.176912 0.961641 0
vt 0.933222 0.68972 0
vt 0.741188 0.804426 0
vt 0.370676 0.933278 0
vt 0.143923 0.964216 0
vt 0.907273 0.707475 0
vt 0.712212 0.818555 0
vt 0.338687 0.939645 0
vt 0.110759 0.966165 0
vt 0.526697 0.894908 0
vt 0.405267 0.93763 0
vt 0.404216 0.933023 0
vt 0.436278 0.925264 0
vt 0.437435 0.929861 0
vt 0.595055 0.875545 0
vt 0.596705 0.879975 0
vt 0.939643 0.698848 0
vt 0.937037 0.695161 0
vt 0.962456 0.676884 0
vt 0.965186 0.680568 0
vt 0.373045 0.944676 0
vt 0.372095 0.940064 0
vt 0.913551 0.716803 0
vt 0.911005 0.713037 0
vt 0.340815 0.951038 0
vt 0.339962 0.946427 0
vt 0.46951 0.921341 0
vt 0.468244 0.916761 0
vt 0.886928 0.73435 0
vt 0.884442 0.730509 0
vt 0.308675 0.956827 0
vt 0.307889 0.952108 0
vt 0.859792 0.75145 0
vt 0.857373 0.747535 0
vt 0.276382 0.961763 0
vt 0.275692 0.957121 0
vt 0.832126 0.768067 0
vt 0.829776 0.764075 0
vt 0.243798 0.966221 0
vt 0.243193 0.961544 0
vt 0.803824 0.784122 0
vt 0.801609 0.780148 0
vt 0.210981 0.970094 0
vt 0.210461 0.965385 0
vt 0.775225 0.799803 0
vt 0.773055 0.795685 0
vt 0.177958 0.973357 0
vt 0.177526 0.96862 0
vt 0.746334 0.814705 0
vt 0.744258 0.810544 0
vt 0.144746 0.975997 0
vt 0.144405 0.971233 0
vt 0.71713 0.828949 0
vt 0.715146 0.824743 0
vt 0.111358 0.978007 0
vt 0.111107 0.973219 0
vt 0.687589 0.842576 0
vt 0.685692 0.83832 0
vt 0.0778072 0.979382 0
vt 0.0776495 0.974573 0
vt 0.657689 0.85561 0
vt 0.655876 0.851301 0
vt 0.0441142 0.980112 0
vt 0.0440527 0.975284 0
vt 0.0142161 0.980121 0
vt 0.0143342 0.975197 0
vt 0.627408 0.868072 0
vt 0.625675 0.863708 0
vt 0.98446 0.660019 0
vt 0.98709 0.663604 0
vt 0.53488 0.891828 0
vt 0.014478 0.972885 0
vt 0.983073 0.658303 0
vt 0.535666 0.893902 0
vt 0.425946 0.546225 0
vt 0.432041 0.571161 0
vt 0.0128095 0.62466 0
vt 0.0108531 0.624963 0
vt 0.0106275 0.59745 0
vt 0.0127088 0.59738 0
vt 0.505851 0.809591 0
vt 0.511068 0.824925 0
vt 0.00750837 0.863215 0
vt 0.00482539 0.863509 0
vt 0.00996233 0.636729 0
vt 0.0127532 0.636956 0
vt 0.00760109 0.898723 0
vt 0.00580365 0.899083 0
vt 0.00510595 0.881574 0
vt 0.00706277 0.881724 0
vt 0.00623078 0.868375 0
vt 0.0059707 0.870716 0
vt 0.505078 0.804422 0
vt 0.503714 0.799836 0
vt 0.495631 0.802841 0
vt 0.502976 0.797943 0
vt 0.0060639 0.876138 0
vt 0.0063721 0.8783 0
vt 0.51573 0.837161 0
vt 0.515318 0.83531 0
vt 0.00376503 0.875997 0
vt 0.0060639 0.876138 0
vt 0.00421033 0.877975 0
vt 0.00394145 0.86887 0
vt 0.00359585 0.871024 0
vt 0.00699473 0.903157 0
vt 0.0143524 0.905571 0
vt 0.00677999 0.905246 0
vt 0.507272 0.837325 0
vt 0.513936 0.830785 0
vt 0.506054 0.833602 0
vt 0.51321 0.82896 0
vt 0.513936 0.830785 0
vt 0.00684229 0.910248 0
vt 0.0144394 0.909677 0
vt 0.00708378 0.912228 0
vt 0.00472136 0.91005 0
vt 0.00684229 0.910248 0
vt 0.00507397 0.91185 0
vt 0.00503937 0.903606 0
vt 0.00677999 0.905246 0
vt 0.00468178 0.905503 0
vt 0.516132 0.840685 0
vt 0.00766138 0.915692 0
vt 0.00580273 0.915434 0
vt 0.53318 0.889224 0
vt 0.533969 0.891957 0
vt 0.00762183 0.970301 0
vt 0.0059397 0.97046 0
vt 0.00605667 0.967433 0
vt 0.00779898 0.967397 0
vt 0.534642 0.893847 0
vt 0.535239 0.896248 0
vt 0.00751255 0.974901 0
vt 0.00571141 0.97488 0
vt 0.00557232 0.972545 0
vt 0.00745717 0.972311 0
vt 0.536221 0.900856 0
vt 0.00779656 0.979552 0
vt 0.00615103 0.979708 0
vt 0.457223 0.574643 0
vt 0.482413 0.565917 0
vt 0.473422 0.935548 0
vt 0.44101 0.944119 0
vt 0.440219 0.940974 0
vt 0.472557 0.932414 0
vt 0.408511 0.951918 0
vt 0.407794 0.948767 0
vt 0.375973 0.958972 0
vt 0.375326 0.95582 0
vt 0.34345 0.965313 0
vt 0.342869 0.962167 0
vt 0.311035 0.971 0
vt 0.310521 0.967915 0
vt 0.278522 0.976128 0
vt 0.278051 0.972963 0
vt 0.245689 0.980705 0
vt 0.245274 0.977512 0
vt 0.212606 0.984679 0
vt 0.212249 0.981463 0
vt 0.179309 0.988032 0
vt 0.179012 0.984796 0
vt 0.14582 0.990754 0
vt 0.145584 0.9875 0
vt 0.112151 0.992841 0
vt 0.111977 0.98957 0
vt 0.0783142 0.994282 0
vt 0.0782036 0.990996 0
vt 0.0443388 0.995056 0
vt 0.0442908 0.991761 0
vt 0.532744 0.91423 0
vt 0.504747 0.923084 0
vt 0.503697 0.919572 0
vt 0.531774 0.910794 0
vt 0.85463 0.465048 0
vt 0.865019 0.475715 0
vt 0.863384 0.47746 0
vt 0.852901 0.466648 0
vt 0.973381 0.691647 0
vt 0.947738 0.710252 0
vt 0.945951 0.707736 0
vt 0.971581 0.689227 0
vt 0.921466 0.728462 0
vt 0.91972 0.72589 0
vt 0.894652 0.746243 0
vt 0.892947 0.743618 0
vt 0.867313 0.763578 0
vt 0.865653 0.760901 0
vt 0.839431 0.780449 0
vt 0.837818 0.777715 0
vt 0.810924 0.796836 0
vt 0.809336 0.793996 0
vt 0.781966 0.81258 0
vt 0.780475 0.80976 0
vt 0.752771 0.827606 0
vt 0.751347 0.824759 0
vt 0.723288 0.841989 0
vt 0.721925 0.839113 0
vt 0.693481 0.855766 0
vt 0.692176 0.852857 0
vt 0.663325 0.86896 0
vt 0.662077 0.866017 0
vt 0.632799 0.881591 0
vt 0.631604 0.878612 0
vt 0.601885 0.893689 0
vt 0.600738 0.890665 0
vt 0.570543 0.905328 0
vt 0.569505 0.902297 0
vt 0.568241 0.898708 0
vt 0.539411 0.908182 0
vt 0.537513 0.902963 0
vt 0.566282 0.89308 0
vt 0.771193 0.252043 0
vt 0.766388 0.239486 0
vt 0.768303 0.238737 0
vt 0.773062 0.251316 0
vt 0.679586 0.00234723 0
vt 0.679283 0.0155523 0
vt 0.677131 0.0155677 0
vt 0.677421 0.00200215 0
vt 0.76593 0.220507 0
vt 0.884902 0.175439 0
vt 0.888111 0.183519 0
vt 0.770559 0.232626 0
vt 0.745669 0.210707 0
vt 0.755364 0.207662 0
vt 0.760304 0.222477 0
vt 0.750641 0.225785 0
vt 0.741029 0.195848 0
vt 0.750764 0.193014 0
vt 0.736714 0.181013 0
vt 0.746444 0.17838 0
vt 0.732729 0.166202 0
vt 0.74245 0.163701 0
vt 0.729174 0.151397 0
vt 0.738919 0.149022 0
vt 0.725915 0.13648 0
vt 0.735694 0.134353 0
vt 0.722974 0.121475 0
vt 0.732856 0.119693 0
vt 0.720388 0.106382 0
vt 0.730321 0.104892 0
vt 0.718121 0.091075 0
vt 0.728107 0.0898493 0
vt 0.716181 0.0757761 0
vt 0.726214 0.074803 0
vt 0.714643 0.0605951 0
vt 0.724643 0.0597706 0
vt 0.713436 0.045422 0
vt 0.723409 0.0446988 0
vt 0.712619 0.0302352 0
vt 0.722616 0.0296488 0
vt 0.712005 0.0150395 0
vt 0.722066 0.0146676 0
vt 0.898141 0.44464 0
vt 0.888562 0.434432 0
vt 0.89009 0.432997 0
vt 0.899812 0.443148 0
vt 0.71172 0.00201808 0
vt 0.721807 0.00193481 0
vt 0.869744 0.42953 0
vt 0.877742 0.422591 0
vt 0.880557 0.441703 0
vt 0.859213 0.417306 0
vt 0.867319 0.410659 0
vt 0.84909 0.405087 0
vt 0.857274 0.398612 0
vt 0.83941 0.392661 0
vt 0.847633 0.386367 0
vt 0.830083 0.379961 0
vt 0.8384 0.373854 0
vt 0.821011 0.367055 0
vt 0.829483 0.361144 0
vt 0.812278 0.353942 0
vt 0.820987 0.348322 0
vt 0.803857 0.340512 0
vt 0.812771 0.335226 0
vt 0.795757 0.326819 0
vt 0.804831 0.321769 0
vt 0.788077 0.312939 0
vt 0.797254 0.308152 0
vt 0.780721 0.298963 0
vt 0.790036 0.294384 0
vt 0.773908 0.284785 0
vt 0.783238 0.280408 0
vt 0.767501 0.270415 0
vt 0.776994 0.266262 0
vt 0.761532 0.255829 0
vt 0.768033 0.233342 0
vt 0.763781 0.221278 0
vt 0.776716 0.249888 0
vt 0.894597 0.199287 0
vt 0.899603 0.210277 0
vt 0.78242 0.263947 0
vt 0.505686 0.926195 0
vt 0.761074 0.205804 0
vt 0.880974 0.164324 0
vt 0.75641 0.191284 0
vt 0.877321 0.1531 0
vt 0.752077 0.176771 0
vt 0.873943 0.141779 0
vt 0.748105 0.16223 0
vt 0.870842 0.13037 0
vt 0.744537 0.147715 0
vt 0.868019 0.118886 0
vt 0.74135 0.133186 0
vt 0.865475 0.107333 0
vt 0.738531 0.118658 0
vt 0.86321 0.0957203 0
vt 0.736097 0.103969 0
vt 0.861224 0.0840528 0
vt 0.733942 0.0890496 0
vt 0.859517 0.0723348 0
vt 0.732015 0.0741348 0
vt 0.858091 0.0605728 0
vt 0.730432 0.0592243 0
vt 0.856948 0.0487755 0
vt 0.729217 0.0442875 0
vt 0.856092 0.0369516 0
vt 0.728372 0.0293829 0
vt 0.855525 0.0251097 0
vt 0.727868 0.0145098 0
vt 0.855249 0.0132517 0
vt 0.764743 0.23499 0
vt 0.762154 0.221854 0
vt 0.766573 0.234066 0
vt 0.727614 0.00182458 0
vt 0.855306 0.00339593 0
vt 0.882342 0.418461 0
vt 0.979314 0.331872 0
vt 0.987463 0.340862 0
vt 0.893093 0.430169 0
vt 0.871936 0.406708 0
vt 0.97137 0.322671 0
vt 0.861935 0.394817 0
vt 0.963644 0.313271 0
vt 0.852375 0.382727 0
vt 0.956144 0.303683 0
vt 0.84324 0.37036 0
vt 0.948879 0.293915 0
vt 0.834404 0.357787 0
vt 0.941851 0.283975 0
vt 0.825976 0.345102 0
vt 0.935065 0.273872 0
vt 0.817906 0.332096 0
vt 0.928526 0.263614 0
vt 0.810077 0.318756 0
vt 0.922233 0.253205 0
vt 0.80253 0.305299 0
vt 0.91619 0.242656 0
vt 0.795363 0.291683 0
vt 0.910401 0.231976 0
vt 0.788643 0.277876 0
vt 0.904871 0.221179 0
vt 0.994371 0.348093 0
vt 0.902878 0.440074 0
vt 0.774524 0.250748 0
vt 0.769844 0.238205 0
vt 0.772204 0.237463 0
vt 0.725551 0.0145768 0
vt 0.725335 0.00162846 0
vt 0.75879 0.20654 0
vt 0.749234 0.240523 0
vt 0.744889 0.227739 0
vt 0.746831 0.227102 0
vt 0.751175 0.239585 0
vt 0.754173 0.191967 0
vt 0.757271 0.207032 0
vt 0.749876 0.177399 0
vt 0.752662 0.192428 0
vt 0.745868 0.162814 0
vt 0.748343 0.177834 0
vt 0.742301 0.148241 0
vt 0.744355 0.163205 0
vt 0.739112 0.133654 0
vt 0.740788 0.148591 0
vt 0.73628 0.119073 0
vt 0.737599 0.133965 0
vt 0.733819 0.104334 0
vt 0.734804 0.119341 0
vt 0.73161 0.0893672 0
vt 0.732256 0.10458 0
vt 0.729718 0.0743965 0
vt 0.730058 0.0895774 0
vt 0.72817 0.0594358 0
vt 0.728166 0.0745738 0
vt 0.726919 0.0444516 0
vt 0.726595 0.0595818 0
vt 0.726079 0.0294926 0
vt 0.725365 0.044558 0
vt 0.72453 0.0295618 0
vt 0.901009 0.442015 0
vt 0.891326 0.431838 0
vt 0.724039 0.014618 0
vt 0.723714 0.00166869 0
vt 0.889995 0.45205 0
vt 0.880504 0.420109 0
vt 0.718781 0.235849 0
vt 0.723116 0.248897 0
vt 0.870107 0.408271 0
vt 0.879279 0.421206 0
vt 0.860114 0.396298 0
vt 0.868871 0.409327 0
vt 0.850493 0.384174 0
vt 0.858845 0.397328 0
vt 0.841323 0.371751 0
vt 0.849237 0.385134 0
vt 0.83246 0.35912 0
vt 0.840006 0.3727 0
vt 0.824 0.346383 0
vt 0.831143 0.360017 0
vt 0.815882 0.333332 0
vt 0.822702 0.347219 0
vt 0.807981 0.319958 0
vt 0.814492 0.334175 0
vt 0.80044 0.306426 0
vt 0.806585 0.320757 0
vt 0.793282 0.292736 0
vt 0.799028 0.307187 0
vt 0.786507 0.278879 0
vt 0.791832 0.293468 0
vt 0.780263 0.264874 0
vt 0.78506 0.279553 0
vt 0.778802 0.265494 0
vt 0.755132 0.238214 0
vt 0.759261 0.256719 0
vt 0.754374 0.243781 0
vt 0.756799 0.243007 0
vt 0.709637 0.0151071 0
vt 0.709355 0.00181298 0
vt 0.748407 0.226563 0
vt 0.743341 0.211458 0
vt 0.738712 0.196554 0
vt 0.739861 0.212581 0
vt 0.741854 0.211934 0
vt 0.7344 0.181669 0
vt 0.735251 0.197595 0
vt 0.737234 0.196998 0
vt 0.730416 0.166798 0
vt 0.730953 0.182627 0
vt 0.7329 0.182086 0
vt 0.726813 0.15194 0
vt 0.726957 0.167672 0
vt 0.72894 0.167172 0
vt 0.723576 0.136955 0
vt 0.723361 0.152726 0
vt 0.725353 0.152275 0
vt 0.720653 0.121899 0
vt 0.72006 0.137673 0
vt 0.722063 0.137266 0
vt 0.718016 0.106774 0
vt 0.717131 0.122547 0
vt 0.719177 0.12217 0
vt 0.715733 0.0914081 0
vt 0.714472 0.107355 0
vt 0.716502 0.107021 0
vt 0.713797 0.0760494 0
vt 0.712118 0.0919081 0
vt 0.714163 0.0916227 0
vt 0.712268 0.0608201 0
vt 0.710259 0.0764487 0
vt 0.712299 0.0762159 0
vt 0.711063 0.0455922 0
vt 0.708759 0.0611335 0
vt 0.710755 0.0609548 0
vt 0.710207 0.0303481 0
vt 0.70752 0.0458257 0
vt 0.70955 0.0456929 0
vt 0.706662 0.0305065 0
vt 0.708694 0.0304172 0
vt 0.888088 0.453816 0
vt 0.878708 0.44338 0
vt 0.706076 0.0152114 0
vt 0.708134 0.0151521 0
vt 0.705776 0.00213915 0
vt 0.875908 0.44591 0
vt 0.885274 0.456297 0
vt 0.867847 0.431202 0
vt 0.769056 0.238469 0
vt 0.773803 0.251028 0
vt 0.857266 0.418936 0
vt 0.864974 0.433725 0
vt 0.866598 0.432296 0
vt 0.877509 0.444461 0
vt 0.84719 0.406616 0
vt 0.854422 0.421323 0
vt 0.856061 0.419945 0
vt 0.837452 0.394156 0
vt 0.844332 0.408898 0
vt 0.845958 0.407599 0
vt 0.828049 0.381421 0
vt 0.834517 0.396377 0
vt 0.8362 0.395105 0
vt 0.81897 0.368438 0
vt 0.825053 0.383564 0
vt 0.826772 0.382337 0
vt 0.81023 0.355267 0
vt 0.815925 0.370506 0
vt 0.817671 0.369322 0
vt 0.801744 0.34181 0
vt 0.807121 0.357279 0
vt 0.808927 0.35611 0
vt 0.793604 0.328059 0
vt 0.79856 0.343762 0
vt 0.800372 0.342648 0
vt 0.785865 0.314129 0
vt 0.790384 0.329909 0
vt 0.792228 0.328846 0
vt 0.778548 0.300058 0
vt 0.782608 0.315883 0
vt 0.784473 0.314875 0
vt 0.771645 0.285837 0
vt 0.775285 0.301696 0
vt 0.777142 0.300763 0
vt 0.765228 0.271374 0
vt 0.768303 0.287383 0
vt 0.77022 0.286498 0
vt 0.761833 0.27281 0
vt 0.763781 0.271988 0
vt 0.724486 0.253966 0
vt 0.750843 0.245109 0
vt 0.755816 0.258062 0
vt 0.729262 0.268281 0
vt 0.757794 0.257293 0
vt 0.49896 0.422586 0
vt 0.49743 0.423196 0
vt 0.477505 0.409778 0
vt 0.456256 0.388529 0
vt 0.43956 0.363542 0
vt 0.42806 0.335778 0
vt 0.422197 0.306305 0
vt 0.422197 0.276253 0
vt 0.42806 0.24678 0
vt 0.43956 0.219016 0
vt 0.456256 0.194029 0
vt 0.477505 0.17278 0
vt 0.502491 0.156084 0
vt 0.530255 0.144584 0
vt 0.559729 0.138721 0
vt 0.58978 0.138721 0
vt 0.619254 0.144584 0
vt 0.641813 0.153961 0
vt 0.64316 0.155837 0
vt 0.651333 0.158974 0
vt 0.672005 0.17278 0
vt 0.693254 0.194029 0
vt 0.709949 0.219016 0
vt 0.72145 0.24678 0
vt 0.727312 0.276254 0
vt 0.727312 0.306305 0
vt 0.72145 0.335778 0
vt 0.709949 0.363542 0
vt 0.693254 0.388529 0
vt 0.672004 0.409778 0
vt 0.647018 0.426474 0
vt 0.619254 0.437974 0
vt 0.58978 0.443837 0
vt 0.559729 0.443837 0
vt 0.530255 0.437974 0
vt 0.507295 0.428464 0
vt 0.724795 0.0145976 0
vt 0.724524 0.00163036 0
vt 0.763047 0.221539 0
vt 0.758032 0.206785 0
vt 0.753418 0.192198 0
vt 0.749099 0.17762 0
vt 0.745112 0.163011 0
vt 0.741545 0.148417 0
vt 0.738356 0.13381 0
vt 0.735542 0.119207 0
vt 0.733049 0.104455 0
vt 0.730834 0.0894724 0
vt 0.728942 0.0744854 0
vt 0.727372 0.0595104 0
vt 0.726143 0.0445057 0
vt 0.725305 0.029528 0
vt 0.900405 0.442578 0
vt 0.890717 0.432409 0
vt 0.753598 0.244041 0
vt 0.758527 0.257007 0
vt 0.752858 0.244305 0
vt 0.879893 0.420657 0
vt 0.86949 0.408799 0
vt 0.859472 0.396821 0
vt 0.849856 0.384661 0
vt 0.840675 0.372219 0
vt 0.831802 0.359569 0
vt 0.823351 0.346801 0
vt 0.815197 0.333746 0
vt 0.807283 0.320357 0
vt 0.799735 0.306807 0
vt 0.792548 0.293108 0
vt 0.785784 0.279216 0
vt 0.779534 0.265185 0
vt 0.767162 0.233326 0
vt 0.708875 0.0151297 0
vt 0.70856 0.00181798 0
vt 0.74769 0.226812 0
vt 0.742598 0.211696 0
vt 0.737973 0.196775 0
vt 0.733661 0.181874 0
vt 0.729678 0.166985 0
vt 0.726072 0.15211 0
vt 0.722831 0.137108 0
vt 0.719904 0.122036 0
vt 0.717259 0.106896 0
vt 0.714949 0.0915154 0
vt 0.71306 0.076132 0
vt 0.711512 0.0608878 0
vt 0.710307 0.0456427 0
vt 0.70945 0.0303827 0
vt 0.887517 0.45432 0
vt 0.878108 0.44392 0
vt 0.502025 0.913991 0
vt 0.530166 0.905341 0
vt 0.886957 0.454836 0
vt 0.707767 0.00185658 0
vt 0.867224 0.431748 0
vt 0.856674 0.419433 0
vt 0.846575 0.407107 0
vt 0.836827 0.394631 0
vt 0.827411 0.381879 0
vt 0.818321 0.36888 0
vt 0.809569 0.355694 0
vt 0.801069 0.342222 0
vt 0.792917 0.328452 0
vt 0.78517 0.314502 0
vt 0.777846 0.30041 0
vt 0.770933 0.286168 0
vt 0.764505 0.271681 0
vt 0.752601 0.238898 0
vt 0.75175 0.238853 0
vt 0.681655 0.0632062 0
vt 0.683155 0.0792114 0
vt 0.700758 0.174675 0
vt 0.704912 0.190164 0
vt 0.774558 0.358403 0
vt 0.783426 0.372311 0
vt 0.843277 0.452311 0
vt 0.685073 0.0952974 0
vt 0.735665 0.284154 0
vt 0.709371 0.205539 0
vt 0.792611 0.386076 0
vt 0.687504 0.111448 0
vt 0.74265 0.299616 0
vt 0.714054 0.220769 0
vt 0.802093 0.399654 0
vt 0.690372 0.127512 0
vt 0.750089 0.314743 0
vt 0.811871 0.413041 0
vt 0.67972 0.0313437 0
vt 0.693481 0.143384 0
vt 0.75792 0.329587 0
vt 0.821957 0.426253 0
vt 0.680515 0.047254 0
vt 0.696946 0.159092 0
vt 0.766107 0.344164 0
vt 0.8324 0.439341 0
vt 0.727033 0.269114 0
vt 0.722106 0.254628 0
vt 0.439332 0.937424 0
vt 0.406989 0.945211 0
vt 0.405709 0.939563 0
vt 0.437921 0.931789 0
vt 0.599451 0.887255 0
vt 0.597401 0.88183 0
vt 0.96953 0.686452 0
vt 0.943934 0.704901 0
vt 0.940734 0.700395 0
vt 0.966298 0.682064 0
vt 0.3746 0.952262 0
vt 0.373444 0.946611 0
vt 0.917748 0.722991 0
vt 0.914619 0.718384 0
vt 0.342216 0.958615 0
vt 0.341175 0.952971 0
vt 0.471585 0.928877 0
vt 0.470041 0.923262 0
vt 0.891023 0.740661 0
vt 0.88797 0.735961 0
vt 0.309924 0.96433 0
vt 0.308987 0.9587 0
vt 0.863779 0.757885 0
vt 0.860807 0.753093 0
vt 0.277515 0.969389 0
vt 0.276668 0.963709 0
vt 0.835997 0.774636 0
vt 0.833111 0.769745 0
vt 0.2448 0.973909 0
vt 0.244051 0.968183 0
vt 0.807598 0.790884 0
vt 0.804807 0.785883 0
vt 0.211842 0.977835 0
vt 0.211198 0.972069 0
vt 0.7788 0.806579 0
vt 0.776139 0.801531 0
vt 0.178674 0.981145 0
vt 0.178138 0.975344 0
vt 0.749747 0.821548 0
vt 0.747206 0.81645 0
vt 0.145314 0.983829 0
vt 0.144888 0.977995 0
vt 0.720394 0.835868 0
vt 0.717964 0.830714 0
vt 0.111777 0.985879 0
vt 0.111462 0.980015 0
vt 0.690711 0.849575 0
vt 0.688387 0.844361 0
vt 0.0780746 0.987289 0
vt 0.077873 0.981399 0
vt 0.660675 0.862695 0
vt 0.658453 0.857417 0
vt 0.0442302 0.988038 0
vt 0.0441405 0.982135 0
vt 0.0141755 0.988175 0
vt 0.0141127 0.982198 0
vt 0.630264 0.875248 0
vt 0.628137 0.869903 0
vt 0.992293 0.669089 0
vt 0.988753 0.66468 0
vt 0.720858 0.249895 0
vt 0.716723 0.236478 0
vt 0.733507 0.285083 0
vt 0.740545 0.300615 0
vt 0.748027 0.315799 0
vt 0.755897 0.330695 0
vt 0.764127 0.345315 0
vt 0.772643 0.359582 0
vt 0.781518 0.373549 0
vt 0.790726 0.387357 0
vt 0.800234 0.400976 0
vt 0.810037 0.414404 0
vt 0.820143 0.427662 0
vt 0.830602 0.440805 0
vt 0.841502 0.453838 0
vt 0.0145892 0.9952 0
vt 0.0143421 0.991888 0
vt 0.995615 0.675164 0
vt 0.994214 0.672036 0
vt 0.677536 0.0314224 0
vt 0.678321 0.047382 0
vt 0.679454 0.0633829 0
vt 0.680944 0.0794415 0
vt 0.682851 0.0955905 0
vt 0.685261 0.111818 0
vt 0.688173 0.12793 0
vt 0.691308 0.143842 0
vt 0.694792 0.159597 0
vt 0.69862 0.175228 0
vt 0.702789 0.190761 0
vt 0.707266 0.206173 0
vt 0.711972 0.221421 0
vt 0.533583 0.917383 0
vt 0.540854 0.911514 0
vt 0.542731 0.914715 0
vt 0.88902 0.185851 0
vt 0.771278 0.233399 0
vt 0.890712 0.190164 0
vt 0.76449 0.235781 0
vt 0.755731 0.238874 0
vt 0.998781 0.352554 0
vt 0.906846 0.443615 0
vt 0.906096 0.44232 0
vt 0.997143 0.350765 0
vt 0.901408 0.448572 0
vt 0.893203 0.455485 0
vt 0.892783 0.454541 0
vt 0.900508 0.447898 0
vt 0.767341 0.233841 0
vt 0.768421 0.233874 0
vt 0.766574 0.234731 0
vt 0.90412 0.445062 0
vt 0.90356 0.44601 0
vt 0.904807 0.446046 0
vt 0.904378 0.446947 0
vt 0.902584 0.446476 0
vt 0.903434 0.447247 0
vt 0.75192 0.239368 0
vt 0.752986 0.239421 0
vt 0.751164 0.240257 0
vt 0.890863 0.456648 0
vt 0.890362 0.457471 0
vt 0.891436 0.457509 0
vt 0.891097 0.458288 0
vt 0.889502 0.457888 0
vt 0.890291 0.458557 0
vt 0.748937 0.241349 0
vt 0.888436 0.459897 0
vt 0.887564 0.459334 0
vt 0.723333 0.24949 0
vt 0.72117 0.250236 0
vt 0.868401 0.478849 0
vt 0.866611 0.480507 0
vt 0.86618 0.479744 0
vt 0.867834 0.478104 0
vt 0.540485 0.912362 0
vt 0.538128 0.908944 0
vt 0.00517494 0.992235 0
vt 0.00547392 0.988195 0
vt 0.00749526 0.988256 0
vt 0.00706149 0.992636 0
vt 0.542277 0.915548 0
vt 0.00541819 0.99599 0
vt 0.0070822 0.996425 0
vt 0.536245 0.90285 0
vt 0.00600583 0.981817 0
vt 0.00784723 0.981541 0
vt 0.382156 0.593339 0
vt 0.0205205 0.635788 0
vt 0.418666 0.547961 0
vt 0.424854 0.573585 0
vt 0.0431073 0.635168 0
vt 0.357096 0.598962 0
vt 0.331774 0.604243 0
vt 0.306225 0.609151 0
vt 0.280455 0.613689 0
vt 0.254429 0.617875 0
vt 0.227981 0.621725 0
vt 0.201402 0.624857 0
vt 0.175062 0.627571 0
vt 0.148788 0.629878 0
vt 0.122516 0.631767 0
vt 0.0961947 0.633241 0
vt 0.0697592 0.634341 0
vt 0.747983 0.42686 0
vt 0.764633 0.370554 0
vt 0.780756 0.391446 0
vt 0.726962 0.441199 0
vt 0.705836 0.455083 0
vt 0.684557 0.468474 0
vt 0.663108 0.481317 0
vt 0.641512 0.49355 0
vt 0.619913 0.505088 0
vt 0.598177 0.516343 0
vt 0.575877 0.527179 0
vt 0.553151 0.53753 0
vt 0.530034 0.547414 0
vt 0.506506 0.556866 0
vt 0.374096 0.558532 0
vt 0.380031 0.584071 0
vt 0.39855 0.552875 0
vt 0.404688 0.578335 0
vt 0.425379 0.575781 0
vt 0.405213 0.580555 0
vt 0.380545 0.586325 0
vt 0.0122052 0.634839 0
vt 0.0204575 0.633972 0
vt 0.00960857 0.634357 0
vt 0.0123341 0.627263 0
vt 0.0203328 0.628069 0
vt 0.433106 0.573301 0
vt 0.0101107 0.627559 0
vt 0.434421 0.573417 0
vt 0.434726 0.579581 0
vt 0.426639 0.580804 0
vt 0.0429152 0.627598 0
vt 0.768017 0.410682 0
vt 0.747047 0.425511 0
vt 0.355567 0.591866 0
vt 0.356746 0.597343 0
vt 0.331448 0.602608 0
vt 0.330346 0.597079 0
vt 0.305923 0.607501 0
vt 0.304902 0.601923 0
vt 0.280176 0.612024 0
vt 0.279236 0.606393 0
vt 0.254173 0.616187 0
vt 0.253316 0.610483 0
vt 0.227752 0.619985 0
vt 0.226985 0.614145 0
vt 0.201211 0.623156 0
vt 0.200564 0.617408 0
vt 0.174899 0.62588 0
vt 0.17435 0.620163 0
vt 0.148652 0.62819 0
vt 0.148196 0.622481 0
vt 0.122408 0.630077 0
vt 0.122045 0.624363 0
vt 0.0961126 0.631546 0
vt 0.0958402 0.625813 0
vt 0.0696985 0.632636 0
vt 0.0695027 0.626864 0
vt 0.0430603 0.633442 0
vt 0.782257 0.393241 0
vt 0.764747 0.40614 0
vt 0.743873 0.420952 0
vt 0.785645 0.39782 0
vt 0.726056 0.439847 0
vt 0.722986 0.435275 0
vt 0.70496 0.453723 0
vt 0.701995 0.449125 0
vt 0.683714 0.467104 0
vt 0.680864 0.462473 0
vt 0.662302 0.479937 0
vt 0.659576 0.475274 0
vt 0.640747 0.492166 0
vt 0.638158 0.487489 0
vt 0.619197 0.503727 0
vt 0.616758 0.49909 0
vt 0.59747 0.51493 0
vt 0.595087 0.51015 0
vt 0.575199 0.525734 0
vt 0.572909 0.52085 0
vt 0.552503 0.536059 0
vt 0.550315 0.531085 0
vt 0.529414 0.545916 0
vt 0.527326 0.540854 0
vt 0.505914 0.555337 0
vt 0.503923 0.550168 0
vt 0.481847 0.564335 0
vt 0.479963 0.558984 0
vt 0.435726 0.578582 0
vt 0.454873 0.567098 0
vt 0.40649 0.585877 0
vt 0.456699 0.572964 0
vt 0.381787 0.59174 0
vt 0.406135 0.584425 0
vt 0.426262 0.579439 0
vt 0.381443 0.590262 0
vt 0.0203956 0.629729 0
vt 0.0120372 0.62935 0
vt 0.0120372 0.62935 0
vt 0.00960491 0.629404 0
vt 0.0204501 0.632352 0
vt 0.0119889 0.632719 0
vt 0.434418 0.577817 0
vt 0.0119889 0.632718 0
vt 0.00939433 0.632428 0
vt 0.435621 0.577074 0
vt 0.4257 0.577207 0
vt 0.433703 0.575024 0
vt 0.0430244 0.631847 0
vt 0.744774 0.422237 0
vt 0.765671 0.407422 0
vt 0.35642 0.595849 0
vt 0.330653 0.598641 0
vt 0.355896 0.593415 0
vt 0.331142 0.601099 0
vt 0.305186 0.603499 0
vt 0.330653 0.598641 0
vt 0.30564 0.605978 0
vt 0.331142 0.601099 0
vt 0.279498 0.607984 0
vt 0.279916 0.610487 0
vt 0.253553 0.612095 0
vt 0.253935 0.61463 0
vt 0.227202 0.615794 0
vt 0.227543 0.618389 0
vt 0.200751 0.619031 0
vt 0.227202 0.615794 0
vt 0.201039 0.621586 0
vt 0.174509 0.621778 0
vt 0.174753 0.624319 0
vt 0.201039 0.621586 0
vt 0.148329 0.624093 0
vt 0.174509 0.621778 0
vt 0.148532 0.62663 0
vt 0.122152 0.625977 0
vt 0.148329 0.624093 0
vt 0.122313 0.628517 0
vt 0.0959211 0.627432 0
vt 0.122152 0.625977 0
vt 0.096042 0.62998 0
vt 0.0695617 0.628494 0
vt 0.0696486 0.63106 0
vt 0.0960421 0.62998 0
vt 0.0429601 0.62925 0
vt 0.0430244 0.631847 0
vt 0.0696486 0.63106 0
vt 0.0203956 0.629729 0
vt 0.767124 0.40944 0
vt 0.784772 0.396532 0
vt 0.746184 0.424263 0
vt 0.767124 0.40944 0
vt 0.783268 0.394495 0
vt 0.723857 0.436564 0
vt 0.744774 0.422237 0
vt 0.725221 0.438596 0
vt 0.746184 0.424263 0
vt 0.702836 0.450421 0
vt 0.723857 0.436564 0
vt 0.704153 0.452465 0
vt 0.725221 0.438596 0
vt 0.681672 0.463778 0
vt 0.682939 0.465836 0
vt 0.704153 0.452465 0
vt 0.66035 0.476589 0
vt 0.661561 0.478661 0
vt 0.638893 0.488807 0
vt 0.640043 0.490886 0
vt 0.617447 0.5004 0
vt 0.618531 0.50246 0
vt 0.595756 0.511501 0
vt 0.596815 0.513626 0
vt 0.573552 0.52223 0
vt 0.595756 0.511501 0
vt 0.57457 0.524401 0
vt 0.550929 0.532491 0
vt 0.551901 0.534702 0
vt 0.527912 0.542285 0
vt 0.52884 0.544535 0
vt 0.551901 0.534702 0
vt 0.50448 0.551629 0
vt 0.527912 0.542285 0
vt 0.505365 0.553926 0
vt 0.52884 0.544535 0
vt 0.480489 0.560496 0
vt 0.50448 0.551629 0
vt 0.481326 0.562874 0
vt 0.43505 0.574775 0
vt 0.456202 0.571356 0
vt 0.481326 0.562874 0
vt 0.456202 0.571356 0
vt 0.405567 0.582061 0
vt 0.43505 0.574775 0
vt 0.455391 0.568749 0
vt 0.455391 0.568749 0
vt 0.480489 0.560496 0
vt 0.355896 0.593415 0
vt 0.380891 0.587856 0
vt 0.428852 0.14469 0
vt 0.426105 0.141112 0
vt 0.45493 0.124304 0
vt 0.456762 0.12739 0
vt 0.432014 0.14762 0
vt 0.458646 0.130437 0
vt 0.434975 0.15 0
vt 0.460578 0.133479 0
vt 0.587924 0.09196 0
vt 0.590555 0.0944554 0
vt 0.56504 0.110434 0
vt 0.563092 0.107333 0
vt 0.585711 0.0894011 0
vt 0.561155 0.104186 0
vt 0.583896 0.0866446 0
vt 0.559252 0.10099 0
vt 0.582394 0.0837059 0
vt 0.557417 0.0977582 0
vt 0.581261 0.0805184 0
vt 0.555643 0.0945276 0
vt 0.580389 0.0769997 0
vt 0.553914 0.0913162 0
vt 0.423352 0.132763 0
vt 0.422739 0.129014 0
vt 0.44973 0.114872 0
vt 0.451425 0.118052 0
vt 0.424344 0.136959 0
vt 0.453148 0.121193 0
vt 0.489274 0.104287 0
vt 0.491066 0.107352 0
vt 0.492859 0.110424 0
vt 0.494661 0.113511 0
vt 0.530007 0.130929 0
vt 0.528147 0.127731 0
vt 0.526276 0.124513 0
vt 0.524401 0.121281 0
vt 0.522529 0.118048 0
vt 0.520666 0.114827 0
vt 0.518814 0.111628 0
vt 0.483896 0.0950577 0
vt 0.485694 0.0981469 0
vt 0.487484 0.101221 0
vt 0.523359 0.0844194 0
vt 0.52515 0.0874831 0
vt 0.52694 0.090555 0
vt 0.528738 0.09364 0
vt 0.494868 0.151355 0
vt 0.493011 0.148152 0
vt 0.491144 0.144931 0
vt 0.48927 0.141699 0
vt 0.487396 0.138466 0
vt 0.485529 0.135245 0
vt 0.483673 0.132042 0
vt 0.517978 0.0751943 0
vt 0.519778 0.0782782 0
vt 0.521569 0.0813499 0
vt 0.557403 0.0645513 0
vt 0.559191 0.0676108 0
vt 0.560987 0.0706887 0
vt 0.562783 0.0737689 0
vt 0.459721 0.171779 0
vt 0.457864 0.168576 0
vt 0.455997 0.165354 0
vt 0.454123 0.162121 0
vt 0.452248 0.158888 0
vt 0.450381 0.155666 0
vt 0.448524 0.152463 0
vt 0.552036 0.0553468 0
vt 0.553832 0.0584266 0
vt 0.555621 0.0614938 0
vt 0.591401 0.0447354 0
vt 0.593183 0.0477876 0
vt 0.594965 0.0508491 0
vt 0.596752 0.0539293 0
vt 0.424574 0.192199 0
vt 0.422729 0.189004 0
vt 0.420869 0.185785 0
vt 0.418995 0.182551 0
vt 0.417116 0.179317 0
vt 0.415235 0.176095 0
vt 0.41337 0.172899 0
vt 0.586026 0.0355551 0
vt 0.587823 0.03862 0
vt 0.589615 0.0416827 0
vt 0.625929 0.0246178 0
vt 0.627693 0.0277817 0
vt 0.629352 0.0309876 0
vt 0.630946 0.0342063 0
vt 0.389555 0.212336 0
vt 0.387934 0.209058 0
vt 0.386257 0.205822 0
vt 0.384481 0.202647 0
vt 0.382587 0.199533 0
vt 0.380596 0.196477 0
vt 0.378533 0.193434 0
vt 0.620049 0.0154914 0
vt 0.622073 0.0184797 0
vt 0.624049 0.0215162 0
vt 0.377704 0.0813838 0
vt 0.37774 0.0851882 0
vt 0.335811 0.0847894 0
vt 0.335815 0.0810885 0
vt 0.37755 0.077582 0
vt 0.335784 0.0773739 0
vt 0.377326 0.0737924 0
vt 0.335781 0.0736418 0
vt 0.367811 0.120871 0
vt 0.368078 0.12451 0
vt 0.327957 0.124919 0
vt 0.327939 0.121256 0
vt 0.367611 0.117252 0
vt 0.327953 0.117564 0
vt 0.36753 0.11365 0
vt 0.327986 0.113859 0
vt 0.367586 0.110058 0
vt 0.328023 0.110159 0
vt 0.36776 0.106465 0
vt 0.32805 0.106482 0
vt 0.368 0.102858 0
vt 0.328034 0.102827 0
vt 0.377414 0.0927575 0
vt 0.377124 0.0965076 0
vt 0.335792 0.0959306 0
vt 0.335807 0.0922035 0
vt 0.377636 0.088983 0
vt 0.335851 0.0884901 0
vt 0.294642 0.0848203 0
vt 0.294697 0.0811254 0
vt 0.29465 0.0774226 0
vt 0.29465 0.0736926 0
vt 0.287828 0.125097 0
vt 0.287819 0.121449 0
vt 0.28784 0.117778 0
vt 0.287876 0.114091 0
vt 0.287911 0.110404 0
vt 0.287928 0.106731 0
vt 0.287915 0.103094 0
vt 0.294677 0.0959352 0
vt 0.294665 0.0922169 0
vt 0.294705 0.0885149 0
vt 0.253578 0.0848816 0
vt 0.253598 0.0811867 0
vt 0.253565 0.077483 0
vt 0.253564 0.0737655 0
vt 0.24784 0.125338 0
vt 0.247825 0.121697 0
vt 0.247842 0.118032 0
vt 0.247874 0.114352 0
vt 0.247907 0.110672 0
vt 0.247923 0.107007 0
vt 0.247908 0.103364 0
vt 0.253636 0.0959741 0
vt 0.253637 0.0922629 0
vt 0.253627 0.0885719 0
vt 0.212565 0.0845921 0
vt 0.212571 0.0809076 0
vt 0.212545 0.0772176 0
vt 0.212551 0.0735102 0
vt 0.207863 0.125638 0
vt 0.207844 0.121994 0
vt 0.207857 0.118327 0
vt 0.207886 0.114644 0
vt 0.207916 0.110962 0
vt 0.207931 0.107294 0
vt 0.207916 0.103649 0
vt 0.212623 0.0956903 0
vt 0.212631 0.0919789 0
vt 0.212606 0.0882823 0
vt 0.1716 0.0845015 0
vt 0.171631 0.0808199 0
vt 0.171607 0.0771291 0
vt 0.171617 0.0734242 0
vt 0.167812 0.12598 0
vt 0.167791 0.122326 0
vt 0.167802 0.118648 0
vt 0.16783 0.114956 0
vt 0.167859 0.111263 0
vt 0.167874 0.107585 0
vt 0.167859 0.10393 0
vt 0.171648 0.0955688 0
vt 0.17166 0.0918646 0
vt 0.171638 0.0881782 0
vt 0.130766 0.0841181 0
vt 0.130753 0.0804489 0
vt 0.13073 0.0767795 0
vt 0.130718 0.073096 0
vt 0.12761 0.126329 0
vt 0.127622 0.122673 0
vt 0.127645 0.118993 0
vt 0.12766 0.115291 0
vt 0.127656 0.111579 0
vt 0.127645 0.107875 0
vt 0.127649 0.104197 0
vt 0.130734 0.0952002 0
vt 0.130738 0.0914883 0
vt 0.130757 0.0877959 0
vt 0.0821112 0.154173 0
vt 0.0842615 0.16223 0
vt 0.0823949 0.170358 0
vt 0.0770146 0.176372 0
vt 0.0695694 0.17866 0
vt 0.062059 0.176614 0
vt 0.0564927 0.170792 0
vt 0.0543535 0.162754 0
vt 0.0562098 0.154647 0
vt 0.0615687 0.148633 0
vt 0.0690027 0.146326 0
vt 0.0765235 0.148351 0
vt 0.63645 0.060137 0
vt 0.62989 0.0637339 0
vt 0.627996 0.060959 0
vt 0.634685 0.0570628 0
vt 0.626517 0.0579422 0
vt 0.632882 0.0540116 0
vt 0.384015 0.15592 0
vt 0.386003 0.154453 0
vt 0.387286 0.158614 0
vt 0.386466 0.159159 0
vt 0.638197 0.0633478 0
vt 0.632247 0.0664819 0
vt 0.640069 0.0667821 0
vt 0.63527 0.0694262 0
vt 0.630951 0.0509075 0
vt 0.62529 0.0545364 0
vt 0.62422 0.0504544 0
vt 0.628887 0.047585 0
vt 0.388872 0.162822 0
vt 0.38919 0.162636 0
vt 0.391753 0.166275 0
vt 0.390875 0.166719 0
vt 0.381906 0.153162 0
vt 0.384911 0.150719 0
vt 0.392486 0.170448 0
vt 0.394742 0.16944 0
vt 0.397454 0.17223 0
vt 0.393848 0.173641 0
vt 0.666068 0.0526314 0
vt 0.653655 0.0591655 0
vt 0.650818 0.0563402 0
vt 0.664778 0.0489789 0
vt 0.403554 0.15426 0
vt 0.410219 0.150374 0
vt 0.412896 0.154379 0
vt 0.405607 0.158363 0
vt 0.36166 0.167483 0
vt 0.370999 0.160538 0
vt 0.372084 0.163914 0
vt 0.363893 0.169759 0
vt 0.661336 0.0415398 0
vt 0.646244 0.0503306 0
vt 0.64458 0.0469838 0
vt 0.659051 0.038048 0
vt 0.643273 0.0433867 0
vt 0.656564 0.0348756 0
vt 0.642215 0.0395253 0
vt 0.654023 0.0319521 0
vt 0.648334 0.0534291 0
vt 0.663246 0.0452508 0
vt 0.3694 0.178074 0
vt 0.377286 0.174015 0
vt 0.379653 0.176894 0
vt 0.370531 0.181144 0
vt 0.367869 0.175068 0
vt 0.375174 0.170809 0
vt 0.366007 0.172256 0
vt 0.373424 0.167392 0
vt 0.382056 0.179501 0
vt 0.371412 0.184209 0
vt 0.415636 0.157831 0
vt 0.407183 0.162446 0
vt 0.616188 0.0638552 0
vt 0.603455 0.0714719 0
vt 0.601968 0.0683793 0
vt 0.613983 0.0609333 0
vt 0.61804 0.0667576 0
vt 0.605057 0.07432 0
vt 0.622462 0.0769916 0
vt 0.611067 0.0829374 0
vt 0.6087 0.0799378 0
vt 0.621105 0.0731603 0
vt 0.400995 0.150453 0
vt 0.408052 0.146072 0
vt 0.395601 0.144151 0
vt 0.405146 0.138402 0
vt 0.406398 0.141987 0
vt 0.398218 0.14707 0
vt 0.421947 0.138237 0
vt 0.424722 0.141918 0
vt 0.606744 0.0771186 0
vt 0.619651 0.0698011 0
vt 0.41814 0.160686 0
vt 0.408436 0.166161 0
vt 0.600527 0.0648404 0
vt 0.61132 0.0578625 0
vt 0.415444 0.132724 0
vt 0.418588 0.135158 0
vt 0.594166 0.0769218 0
vt 0.591785 0.0744664 0
vt 0.598382 0.0857916 0
vt 0.59742 0.0825094 0
vt 0.427583 0.150586 0
vt 0.428153 0.15452 0
vt 0.598902 0.089643 0
vt 0.596033 0.0795757 0
vt 0.426559 0.146146 0
vt 0.588692 0.0721135 0
vt 0.387859 0.0519236 0
vt 0.427947 0.0519245 0
vt 0.427262 0.0573004 0
vt 0.387826 0.0562358 0
vt 0.425753 0.0622553 0
vt 0.387714 0.060539 0
vt 0.42412 0.0665173 0
vt 0.38755 0.0648649 0
vt 0.146927 0.0303685 0
vt 0.111288 0.0292602 0
vt 0.112489 0.0251368 0
vt 0.147067 0.0260335 0
vt 0.113225 0.0211976 0
vt 0.14717 0.0216582 0
vt 0.113435 0.0172946 0
vt 0.147208 0.0172528 0
vt 0.113216 0.0133923 0
vt 0.147155 0.0128511 0
vt 0.112472 0.00945543 0
vt 0.14704 0.00848746 0
vt 0.111264 0.00533524 0
vt 0.146891 0.00417012 0
vt 0.38755 0.038988 0
vt 0.424119 0.0373319 0
vt 0.425753 0.0415938 0
vt 0.387714 0.0433135 0
vt 0.427262 0.0465485 0
vt 0.387827 0.0476162 0
vt 0.340099 0.0519313 0
vt 0.340094 0.0561976 0
vt 0.340092 0.0604719 0
vt 0.34009 0.064767 0
vt 0.194999 0.030414 0
vt 0.194992 0.0260316 0
vt 0.194984 0.0216226 0
vt 0.194972 0.017197 0
vt 0.194956 0.0127719 0
vt 0.194939 0.00836514 0
vt 0.194922 0.00398659 0
vt 0.340096 0.0390968 0
vt 0.340099 0.0433917 0
vt 0.340101 0.0476658 0
vt 0.292691 0.051938 0
vt 0.292687 0.0562022 0
vt 0.292687 0.0604753 0
vt 0.292688 0.0647663 0
vt 0.24314 0.0303246 0
vt 0.243128 0.02594 0
vt 0.243114 0.0215301 0
vt 0.243101 0.0171038 0
vt 0.243087 0.0126775 0
vt 0.243073 0.00826756 0
vt 0.24306 0.00388309 0
vt 0.292693 0.0391038 0
vt 0.292691 0.0433947 0
vt 0.292691 0.0476679 0
vt 0.245317 0.0519181 0
vt 0.245313 0.0561777 0
vt 0.245311 0.060461 0
vt 0.245311 0.064747 0
vt 0.291293 0.0302299 0
vt 0.291279 0.0258444 0
vt 0.291266 0.0214334 0
vt 0.291253 0.017006 0
vt 0.291239 0.0125786 0
vt 0.291225 0.00816734 0
vt 0.291212 0.00378161 0
vt 0.245318 0.0391111 0
vt 0.245317 0.0433964 0
vt 0.245317 0.0476641 0
vt 0.198028 0.0519152 0
vt 0.198022 0.0561685 0
vt 0.198019 0.0604306 0
vt 0.198018 0.0647104 0
vt 0.339453 0.0301349 0
vt 0.339439 0.0257512 0
vt 0.339425 0.0213422 0
vt 0.339412 0.016917 0
vt 0.339399 0.012492 0
vt 0.339391 0.00806744 0
vt 0.339379 0.00368342 0
vt 0.198035 0.0391419 0
vt 0.198035 0.0434002 0
vt 0.198033 0.047662 0
vt 0.150792 0.0518901 0
vt 0.150785 0.0561416 0
vt 0.150781 0.0604017 0
vt 0.150781 0.0646793 0
vt 0.387569 0.0300132 0
vt 0.387555 0.0256338 0
vt 0.387541 0.0212287 0
vt 0.387528 0.016807 0
vt 0.387515 0.012385 0
vt 0.387507 0.00799551 0
vt 0.387494 0.00361568 0
vt 0.150804 0.0391006 0
vt 0.150802 0.0433784 0
vt 0.150798 0.0476387 0
vt 0.103537 0.0518747 0
vt 0.103536 0.056124 0
vt 0.103534 0.0603872 0
vt 0.103533 0.0646471 0
vt 0.43563 0.0299188 0
vt 0.435617 0.0255456 0
vt 0.435604 0.021147 0
vt 0.435592 0.0167319 0
vt 0.435581 0.0123169 0
vt 0.43557 0.00791823 0
vt 0.435564 0.00352343 0
vt 0.103547 0.0390598 0
vt 0.103546 0.0433411 0
vt 0.103543 0.0476198 0
vt 0.0562148 0.0518421 0
vt 0.0562196 0.0560989 0
vt 0.0562226 0.060363 0
vt 0.0562308 0.0646703 0
vt 0.483614 0.0298083 0
vt 0.483594 0.0254553 0
vt 0.483577 0.0210682 0
vt 0.483564 0.016658 0
vt 0.483556 0.0122446 0
vt 0.483554 0.00784865 0
vt 0.48356 0.00350435 0
vt 0.0562398 0.0390238 0
vt 0.0562295 0.0433206 0
vt 0.0562232 0.047585 0
vt 0.00807082 0.0518285 0
vt 0.00814834 0.0561973 0
vt 0.00836414 0.060542 0
vt 0.0086551 0.0648614 0
vt 0.531249 0.0295217 0
vt 0.530953 0.0252186 0
vt 0.530739 0.0209268 0
vt 0.530663 0.0166363 0
vt 0.530742 0.0123396 0
vt 0.530957 0.00803077 0
vt 0.531249 0.00370426 0
vt 0.00866109 0.0387767 0
vt 0.00836667 0.0431147 0
vt 0.00814956 0.0474595 0
vt 0.049161 0.0847851 0
vt 0.00753614 0.0852768 0
vt 0.00756458 0.0814971 0
vt 0.0491196 0.0811139 0
vt 0.00771043 0.0777217 0
vt 0.0491365 0.0774286 0
vt 0.00792468 0.0739617 0
vt 0.0491196 0.0737156 0
vt 0.0466392 0.125523 0
vt 0.00598594 0.124764 0
vt 0.00629664 0.121079 0
vt 0.046689 0.121816 0
vt 0.00653864 0.117413 0
vt 0.0467014 0.118081 0
vt 0.00666138 0.113762 0
vt 0.046696 0.114333 0
vt 0.00664859 0.110119 0
vt 0.0466872 0.110591 0
vt 0.00651855 0.106479 0
vt 0.0466902 0.106873 0
vt 0.00632008 0.102829 0
vt 0.0467261 0.103188 0
vt 0.0491687 0.0958301 0
vt 0.00817775 0.0965076 0
vt 0.0078805 0.0927889 0
vt 0.0491336 0.0921338 0
vt 0.00764968 0.089045 0
vt 0.0491377 0.0884569 0
vt 0.0899675 0.0845541 0
vt 0.0899493 0.0808843 0
vt 0.089964 0.0772047 0
vt 0.0899416 0.0735089 0
vt 0.0872449 0.125952 0
vt 0.0872772 0.122267 0
vt 0.0872748 0.118557 0
vt 0.0872584 0.114833 0
vt 0.0872436 0.111109 0
vt 0.0872462 0.1074 0
vt 0.0872871 0.103717 0
vt 0.0899452 0.0955836 0
vt 0.0899227 0.0918917 0
vt 0.0899375 0.0882186 0
vt 0.0281795 0.17836 0
vt 0.0260293 0.170302 0
vt 0.0278959 0.162175 0
vt 0.0332761 0.156161 0
vt 0.0407213 0.153873 0
vt 0.0482317 0.155919 0
vt 0.053798 0.161741 0
vt 0.0559372 0.169778 0
vt 0.054081 0.177886 0
vt 0.0487221 0.183899 0
vt 0.0412881 0.186207 0
vt 0.0337672 0.184182 0
vt 0.0529919 0.0173553 0
vt 0.0527113 0.0213246 0
vt 0.043855 0.0215622 0
vt 0.0438237 0.0173644 0
vt 0.0527035 0.0133865 0
vt 0.0438466 0.0131666 0
vt 0.478826 0.046597 0
vt 0.47764 0.0415031 0
vt 0.480591 0.0418225 0
vt 0.480007 0.0466673 0
vt 0.0519415 0.0255425 0
vt 0.0439847 0.0258896 0
vt 0.0506077 0.030359 0
vt 0.0441208 0.0305199 0
vt 0.0505818 0.00435629 0
vt 0.0519252 0.00917016 0
vt 0.0439677 0.00883895 0
vt 0.0440947 0.00420842 0
vt 0.478826 0.0572511 0
vt 0.479284 0.0519241 0
vt 0.479727 0.0519241 0
vt 0.480007 0.0571809 0
vt 0.476513 0.0369659 0
vt 0.48111 0.0376841 0
vt 0.476513 0.0668822 0
vt 0.47764 0.062345 0
vt 0.480591 0.0620257 0
vt 0.48111 0.066164 0
vt 0.0268914 0.0262582 0
vt 0.0256768 0.0308418 0
vt 0.00907922 0.0315704 0
vt 0.00821716 0.0270647 0
vt 0.449685 0.0577005 0
vt 0.450039 0.0519242 0
vt 0.459308 0.0519241 0
vt 0.45966 0.0574239 0
vt 0.49781 0.0428983 0
vt 0.496894 0.0387382 0
vt 0.510789 0.0402942 0
vt 0.509849 0.0440076 0
vt 0.0276852 0.0129635 0
vt 0.0279816 0.0173802 0
vt 0.00729573 0.0174007 0
vt 0.00754863 0.0124644 0
vt 0.0268736 0.00850428 0
vt 0.0081979 0.00773488 0
vt 0.0256502 0.00392309 0
vt 0.00905102 0.00322751 0
vt 0.027694 0.0217974 0
vt 0.00755858 0.0223364 0
vt 0.49781 0.0609498 0
vt 0.498524 0.0565297 0
vt 0.509165 0.0559693 0
vt 0.509849 0.0598405 0
vt 0.498776 0.051924 0
vt 0.508935 0.051924 0
vt 0.498524 0.0473184 0
vt 0.509165 0.0478788 0
vt 0.496894 0.0651099 0
vt 0.510789 0.0635539 0
vt 0.44893 0.0629407 0
vt 0.460495 0.0626155 0
vt 0.0840445 0.00940335 0
vt 0.0843702 0.0134545 0
vt 0.0667989 0.0132669 0
vt 0.0673091 0.00896193 0
vt 0.0844324 0.017324 0
vt 0.066637 0.0173417 0
vt 0.0840603 0.0252455 0
vt 0.0834302 0.029727 0
vt 0.0682252 0.0304493 0
vt 0.0673257 0.0257202 0
vt 0.449685 0.0461477 0
vt 0.45966 0.0464244 0
vt 0.448929 0.0409075 0
vt 0.448058 0.0364289 0
vt 0.461444 0.0366192 0
vt 0.460495 0.0412326 0
vt 0.430523 0.046425 0
vt 0.429871 0.0519244 0
vt 0.084378 0.0211938 0
vt 0.066807 0.0214163 0
vt 0.448059 0.0674192 0
vt 0.461444 0.0672289 0
vt 0.0834056 0.00492312 0
vt 0.0681992 0.00423101 0
vt 0.433935 0.0367685 0
vt 0.432146 0.0411966 0
vt 0.0971252 0.0134822 0
vt 0.0980941 0.00954937 0
vt 0.0981096 0.0250716 0
vt 0.0971329 0.0211406 0
vt 0.432147 0.0626521 0
vt 0.433936 0.06708 0
vt 0.0998769 0.0293218 0
vt 0.0967999 0.0173118 0
vt 0.430523 0.0574238 0
vt 0.0998529 0.00529567 0
vt 0.921055 0.780252 0
vt 0.917816 0.775683 0
vt 0.947213 0.755175 0
vt 0.967867 0.778356 0
vt 0.942133 0.787632 0
vt 0.865362 0.817736 0
vt 0.861682 0.810248 0
vt 0.88887 0.796241 0
vt 0.903791 0.823625 0
vt 0.888314 0.826675 0
vt 0.87516 0.826266 0
vt 0.921047 0.80253 0
vt 0.874022 0.775513 0
vt 0.895094 0.765092 0
vt 0.914775 0.771425 0
vt 0.857663 0.792136 0
vt 0.864529 0.783304 0
vt 0.858289 0.803442 0
vt 0.970457 0.734648 0
vt 0.975969 0.740474 0
vt 0.980403 0.752373 0
vt 0.976205 0.764758 0
vt 0.932372 0.733602 0
vt 0.943422 0.727117 0
vt 0.954756 0.723989 0
vt 0.965339 0.728887 0
vt 0.915163 0.750808 0
vt 0.931538 0.79503 0
vt 0.964639 0.970322 0
vt 0.934532 0.970893 0
vt 0.934522 0.966434 0
vt 0.944488 0.952345 0
vt 0.963867 0.94637 0
vt 0.90446 0.970354 0
vt 0.874919 0.968854 0
vt 0.875438 0.961862 0
vt 0.881262 0.950219 0
vt 0.893556 0.945935 0
vt 0.905242 0.946448 0
vt 0.924522 0.952417 0
vt 0.924335 0.988484 0
vt 0.903313 0.99431 0
vt 0.934533 0.97535 0
vt 0.889947 0.993637 0
vt 0.878406 0.988026 0
vt 0.874383 0.97584 0
vt 0.994227 0.968825 0
vt 0.975572 0.945861 0
vt 0.987884 0.950158 0
vt 0.993711 0.961823 0
vt 0.979173 0.993637 0
vt 0.96579 0.99431 0
vt 0.994762 0.975821 0
vt 0.99073 0.988021 0
vt 0.944745 0.988481 0
vt 0.934484 0.952429 0
vt 0.860777 0.779609 0
vt 0.871211 0.771016 0
vt 0.852618 0.790219 0
vt 0.928899 0.729249 0
vt 0.941163 0.721924 0
vt 0.852307 0.804679 0
vt 0.995542 0.840138 0
vt 0.990662 0.826539 0
vt 0.996615 0.825653 0
vt 1.00089 0.841256 0
vt 0.968996 0.724164 0
vt 0.975375 0.730114 0
vt 0.859911 0.82196 0
vt 0.855435 0.813284 0
vt 0.955295 0.717756 0
vt 0.873226 0.83211 0
vt 0.981657 0.767119 0
vt 0.975456 0.780782 0
vt 0.888642 0.832636 0
vt 0.986389 0.752609 0
vt 0.91101 0.745957 0
vt 0.903489 0.831515 0
vt 0.981532 0.737279 0
vt 0.89195 0.759949 0
vt 0.96002 0.814475 0
vt 0.984712 0.809371 0
vt 0.982224 0.833844 0
vt 0.97333 0.832619 0
vt 0.938384 0.866457 0
vt 0.941239 0.8612 0
vt 0.952254 0.870407 0
vt 0.951463 0.875775 0
vt 0.952979 0.825433 0
vt 0.950012 0.821223 0
vt 0.971999 0.835231 0
vt 0.964673 0.833396 0
vt 0.952899 0.847126 0
vt 0.940292 0.828381 0
vt 0.956576 0.839239 0
vt 0.955803 0.846778 0
vt 0.942439 0.876836 0
vt 0.944955 0.895794 0
vt 0.942847 0.897167 0
vt 0.937819 0.892256 0
vt 0.933311 0.882 0
vt 0.93313 0.877295 0
vt 0.989046 0.860848 0
vt 0.993029 0.864258 0
vt 0.973814 0.871473 0
vt 0.981645 0.866484 0
vt 0.98494 0.871209 0
vt 0.975628 0.876373 0
vt 0.924835 0.927801 0
vt 0.906431 0.921796 0
vt 0.92719 0.849812 0
vt 0.991342 0.808608 0
vt 0.96276 0.92147 0
vt 0.944004 0.927755 0
vt 0.934385 0.927876 0
vt 0.924239 0.855763 0
vt 0.945788 0.073005 0
vt 0.945756 0.0672245 0
vt 0.965918 0.0672245 0
vt 0.965949 0.073005 0
vt 0.94557 0.0903438 0
vt 0.945688 0.084565 0
vt 0.965848 0.084565 0
vt 0.965729 0.0903441 0
vt 0.945423 0.0961224 0
vt 0.965582 0.0961224 0
vt 0.945265 0.1019 0
vt 0.965425 0.1019 0
vt 0.945116 0.107679 0
vt 0.965275 0.107679 0
vt 0.944994 0.0094322 0
vt 0.945116 0.00365302 0
vt 0.965276 0.00365302 0
vt 0.965154 0.0094322 0
vt 0.944912 0.0152121 0
vt 0.965072 0.0152117 0
vt 0.944881 0.0209922 0
vt 0.965042 0.0209922 0
vt 0.944905 0.0267723 0
vt 0.965066 0.0267723 0
vt 0.94498 0.0325522 0
vt 0.965141 0.0325522 0
vt 0.945098 0.0383313 0
vt 0.965259 0.0383313 0
vt 0.945246 0.0441094 0
vt 0.965405 0.0441094 0
vt 0.945403 0.0498877 0
vt 0.965562 0.0498881 0
vt 0.945552 0.055666 0
vt 0.965712 0.055666 0
vt 0.945675 0.0614452 0
vt 0.965835 0.0614452 0
vt 0.945764 0.0787854 0
vt 0.965925 0.0787854 0
vt 0.927325 0.105897 0
vt 0.926219 0.108936 0
vt 0.924139 0.111414 0
vt 0.921338 0.113032 0
vt 0.918152 0.113593 0
vt 0.914966 0.113032 0
vt 0.912165 0.111414 0
vt 0.910086 0.108936 0
vt 0.908979 0.105897 0
vt 0.908979 0.102662 0
vt 0.910086 0.0996216 0
vt 0.912165 0.0971439 0
vt 0.914966 0.0955264 0
vt 0.918152 0.094964 0
vt 0.921338 0.0955264 0
vt 0.924139 0.0971439 0
vt 0.926219 0.0996216 0
vt 0.927325 0.102662 0
vt 0.922544 0.0256296 0
vt 0.918736 0.0256292 0
vt 0.915159 0.0243273 0
vt 0.912243 0.0218801 0
vt 0.910339 0.0185832 0
vt 0.909678 0.0148341 0
vt 0.910339 0.011085 0
vt 0.912243 0.00778765 0
vt 0.915159 0.00534052 0
vt 0.918736 0.00403864 0
vt 0.922544 0.00403864 0
vt 0.926121 0.00534088 0
vt 0.929038 0.00778813 0
vt 0.930941 0.011085 0
vt 0.931602 0.0148341 0
vt 0.930941 0.0185832 0
vt 0.929038 0.0218801 0
vt 0.926121 0.0243273 0
vt 0.992958 0.12835 0
vt 0.992833 0.1341 0
vt 0.972258 0.134099 0
vt 0.972383 0.12835 0
vt 0.993123 0.111097 0
vt 0.993112 0.116848 0
vt 0.972536 0.116848 0
vt 0.972548 0.111097 0
vt 0.993086 0.208853 0
vt 0.993123 0.214605 0
vt 0.972548 0.214605 0
vt 0.972511 0.208853 0
vt 0.993005 0.203103 0
vt 0.972431 0.203103 0
vt 0.992891 0.197353 0
vt 0.972317 0.197353 0
vt 0.992757 0.191603 0
vt 0.972184 0.191603 0
vt 0.99262 0.185853 0
vt 0.972046 0.185853 0
vt 0.992495 0.180103 0
vt 0.97192 0.180103 0
vt 0.992398 0.174353 0
vt 0.971822 0.174353 0
vt 0.99234 0.168602 0
vt 0.971764 0.168602 0
vt 0.99233 0.162851 0
vt 0.971754 0.162851 0
vt 0.992367 0.1571 0
vt 0.971791 0.1571 0
vt 0.992447 0.151349 0
vt 0.971872 0.151349 0
vt 0.992561 0.145599 0
vt 0.971987 0.145599 0
vt 0.992695 0.139849 0
vt 0.972121 0.139849 0
vt 0.993055 0.122599 0
vt 0.97248 0.122599 0
vt 0.899926 0.143122 0
vt 0.89674 0.142561 0
vt 0.893939 0.140944 0
vt 0.89186 0.138465 0
vt 0.890753 0.135426 0
vt 0.890753 0.132191 0
vt 0.89186 0.129151 0
vt 0.893939 0.126673 0
vt 0.89674 0.125056 0
vt 0.899926 0.124493 0
vt 0.903112 0.125056 0
vt 0.905913 0.126673 0
vt 0.907993 0.129151 0
vt 0.909099 0.132191 0
vt 0.909099 0.135426 0
vt 0.907993 0.138465 0
vt 0.905913 0.140944 0
vt 0.903112 0.142561 0
vt 0.915896 0.086279 0
vt 0.912599 0.0843755 0
vt 0.910152 0.0814592 0
vt 0.90885 0.0778817 0
vt 0.90885 0.0740743 0
vt 0.910152 0.0704972 0
vt 0.912599 0.0675808 0
vt 0.915896 0.0656769 0
vt 0.919646 0.0650162 0
vt 0.923395 0.0656769 0
vt 0.926692 0.0675808 0
vt 0.929139 0.0704972 0
vt 0.930441 0.0740743 0
vt 0.930441 0.0778817 0
vt 0.929139 0.0814592 0
vt 0.926692 0.0843755 0
vt 0.923395 0.086279 0
vt 0.919646 0.0869402 0
vt 0.961419 0.857536 0
vt 0.962408 0.855061 0
vt 0.96916 0.856542 0
vt 0.979215 0.863002 0
vt 0.96234 0.905985 0
vt 0.951784 0.903387 0
vt 0.961617 0.890865 0
vt 0.945501 0.908081 0
vt 0.923959 0.877593 0
vt 0.92282 0.89636 0
vt 0.916683 0.903848 0
vt 0.9066 0.906835 0
vt 0.906576 0.892406 0
vt 0.976596 0.851307 0
vt 0.97754 0.844433 0
vt 0.980209 0.844362 0
vt 0.929366 0.892746 0
vt 0.924881 0.897541 0
vt 0.934368 0.923034 0
vt 0.938471 0.912442 0
vt 0.943326 0.906828 0
vt 0.929834 0.911829 0
vt 0.924972 0.906767 0
vt 0.929252 0.905576 0
vt 0.932021 0.908251 0
vt 0.950976 0.855826 0
vt 0.936299 0.908309 0
vt 0.922985 0.908044 0
vt 0.93878 0.905689 0
vt 0.939203 0.899704 0
vt 0.936427 0.896481 0
vt 0.930889 0.896414 0
vt 0.928437 0.899683 0
vt 0.670766 0.905608 0
vt 0.703347 0.890264 0
vt 0.705706 0.895373 0
vt 0.701584 0.91743 0
vt 0.680621 0.935205 0
vt 0.735746 0.875339 0
vt 0.761558 0.858666 0
vt 0.766239 0.865619 0
vt 0.768766 0.878424 0
vt 0.762538 0.890089 0
vt 0.752133 0.902045 0
vt 0.725118 0.906518 0
vt 0.705495 0.865168 0
vt 0.725122 0.852028 0
vt 0.70116 0.885484 0
vt 0.73666 0.847658 0
vt 0.747792 0.846098 0
vt 0.757328 0.852303 0
vt 0.641249 0.915582 0
vt 0.664601 0.935662 0
vt 0.65171 0.933119 0
vt 0.643564 0.9233 0
vt 0.648221 0.88826 0
vt 0.659401 0.881881 0
vt 0.638792 0.90824 0
vt 0.639822 0.896568 0
vt 0.683005 0.875502 0
vt 0.713333 0.911903 0
vt 0.836567 0.91006 0
vt 0.836576 0.905586 0
vt 0.866783 0.906154 0
vt 0.866013 0.930186 0
vt 0.846568 0.924194 0
vt 0.777287 0.914656 0
vt 0.776766 0.907641 0
vt 0.806404 0.906131 0
vt 0.807193 0.930117 0
vt 0.795468 0.930633 0
vt 0.783132 0.926337 0
vt 0.826536 0.924125 0
vt 0.80525 0.882096 0
vt 0.826342 0.887937 0
vt 0.836577 0.901114 0
vt 0.780261 0.888405 0
vt 0.791839 0.882774 0
vt 0.776227 0.900632 0
vt 0.89647 0.907651 0
vt 0.895953 0.914677 0
vt 0.890108 0.926381 0
vt 0.877757 0.930694 0
vt 0.867934 0.882086 0
vt 0.881362 0.882759 0
vt 0.892959 0.888392 0
vt 0.897005 0.900632 0
vt 0.84682 0.887938 0
vt 0.836531 0.924111 0
vt 0.73532 0.84254 0
vt 0.722611 0.847329 0
vt 0.748647 0.840743 0
vt 0.657347 0.876676 0
vt 0.644828 0.883693 0
vt 0.7614 0.847711 0
vt 0.707434 0.983925 0
vt 0.711186 0.979183 0
vt 0.72059 0.990241 0
vt 0.718889 0.995457 0
vt 0.632845 0.909062 0
vt 0.634836 0.917597 0
vt 0.772648 0.862986 0
vt 0.76733 0.854743 0
vt 0.634122 0.893917 0
vt 0.774825 0.879666 0
vt 0.663929 0.941594 0
vt 0.678936 0.943031 0
vt 0.767566 0.893359 0
vt 0.648919 0.938452 0
vt 0.680858 0.869455 0
vt 0.759157 0.905732 0
vt 0.637996 0.926548 0
vt 0.702588 0.859855 0
vt 0.699208 0.965406 0
vt 0.716015 0.94645 0
vt 0.725158 0.967127 0
vt 0.721773 0.975489 0
vt 0.768628 0.967682 0
vt 0.766122 0.953478 0
vt 0.77213 0.953622 0
vt 0.7737 0.96968 0
vt 0.726904 0.941109 0
vt 0.729085 0.945801 0
vt 0.730169 0.959975 0
vt 0.7281 0.967276 0
vt 0.738005 0.936225 0
vt 0.748024 0.956591 0
vt 0.746267 0.958946 0
vt 0.739312 0.955845 0
vt 0.84493 0.979556 0
vt 0.847045 0.980933 0
vt 0.844525 0.999954 0
vt 0.835184 0.999495 0
vt 0.835365 0.994774 0
vt 0.839886 0.984483 0
vt 0.741883 0.99495 0
vt 0.74286 1.00013 0
vt 0.752965 0.996559 0
vt 0.750498 0.991323 0
vt 0.758765 0.986998 0
vt 0.762125 0.991032 0
vt 0.826854 0.948822 0
vt 0.808389 0.95485 0
vt 0.763233 0.935538 0
vt 0.695225 0.970799 0
vt 0.864905 0.955168 0
vt 0.846086 0.948865 0
vt 0.836436 0.948746 0
vt 0.769894 0.935946 0
vt 0.944912 0.173698 0
vt 0.965073 0.173698 0
vt 0.965043 0.179478 0
vt 0.944881 0.179478 0
vt 0.944981 0.191038 0
vt 0.965142 0.191038 0
vt 0.96526 0.196817 0
vt 0.9451 0.196817 0
vt 0.965407 0.202596 0
vt 0.945248 0.202596 0
vt 0.965564 0.208374 0
vt 0.945405 0.208374 0
vt 0.965714 0.214152 0
vt 0.945554 0.214152 0
vt 0.945554 0.110127 0
vt 0.965714 0.110127 0
vt 0.965836 0.115906 0
vt 0.945676 0.115906 0
vt 0.965918 0.121685 0
vt 0.945758 0.121685 0
vt 0.965949 0.127466 0
vt 0.945788 0.127466 0
vt 0.965926 0.133246 0
vt 0.945764 0.133246 0
vt 0.965849 0.139026 0
vt 0.945689 0.139026 0
vt 0.965732 0.144805 0
vt 0.945572 0.144805 0
vt 0.965584 0.150583 0
vt 0.945426 0.150583 0
vt 0.965427 0.156361 0
vt 0.945268 0.156361 0
vt 0.965278 0.162139 0
vt 0.945118 0.162139 0
vt 0.965155 0.167919 0
vt 0.944994 0.167919 0
vt 0.965066 0.185259 0
vt 0.944905 0.185259 0
vt 0.891634 0.111414 0
vt 0.889554 0.108936 0
vt 0.888448 0.105897 0
vt 0.888448 0.102662 0
vt 0.889554 0.0996216 0
vt 0.891633 0.0971439 0
vt 0.894435 0.0955264 0
vt 0.897621 0.094964 0
vt 0.900806 0.0955264 0
vt 0.903608 0.0971439 0
vt 0.905687 0.0996216 0
vt 0.906794 0.102662 0
vt 0.906794 0.105897 0
vt 0.905687 0.108936 0
vt 0.903608 0.111414 0
vt 0.900806 0.113032 0
vt 0.897621 0.113593 0
vt 0.894435 0.113032 0
vt 0.911312 0.214208 0
vt 0.910493 0.209542 0
vt 0.911318 0.204879 0
vt 0.91369 0.200778 0
vt 0.917321 0.197735 0
vt 0.921773 0.196118 0
vt 0.92651 0.196122 0
vt 0.93096 0.197745 0
vt 0.934587 0.200792 0
vt 0.936952 0.204896 0
vt 0.937772 0.209562 0
vt 0.936946 0.214226 0
vt 0.934575 0.218327 0
vt 0.930944 0.221369 0
vt 0.926491 0.222986 0
vt 0.921754 0.222983 0
vt 0.917304 0.22136 0
vt 0.913678 0.218312 0
vt 0.992618 0.0281563 0
vt 0.972044 0.028156 0
vt 0.971919 0.0224065 0
vt 0.992493 0.0224065 0
vt 0.99234 0.0109049 0
vt 0.971764 0.0109049 0
vt 0.971754 0.00515347 0
vt 0.99233 0.00515347 0
vt 0.99233 0.108661 0
vt 0.971754 0.108661 0
vt 0.971791 0.10291 0
vt 0.992366 0.10291 0
vt 0.971871 0.0971598 0
vt 0.992446 0.0971595 0
vt 0.971986 0.0914093 0
vt 0.99256 0.0914093 0
vt 0.97212 0.0856595 0
vt 0.992693 0.0856595 0
vt 0.972257 0.0799102 0
vt 0.992832 0.0799102 0
vt 0.972382 0.0741601 0
vt 0.992956 0.0741601 0
vt 0.972479 0.06841 0
vt 0.993054 0.0684096 0
vt 0.972536 0.0626588 0
vt 0.993112 0.0626588 0
vt 0.972547 0.0569078 0
vt 0.993123 0.0569078 0
vt 0.972511 0.0511563 0
vt 0.993085 0.0511563 0
vt 0.972429 0.0454055 0
vt 0.993004 0.0454058 0
vt 0.972316 0.0396557 0
vt 0.99289 0.0396557 0
vt 0.972181 0.0339058 0
vt 0.992756 0.0339058 0
vt 0.971822 0.0166557 0
vt 0.992397 0.0166557 0
vt 0.890943 0.0260765 0
vt 0.887194 0.0267376 0
vt 0.883445 0.0260765 0
vt 0.880148 0.0241734 0
vt 0.877701 0.0212566 0
vt 0.876399 0.0176792 0
vt 0.876399 0.0138722 0
vt 0.877701 0.0102946 0
vt 0.880148 0.00737793 0
vt 0.883445 0.00547487 0
vt 0.887194 0.00481374 0
vt 0.890943 0.00547487 0
vt 0.89424 0.00737793 0
vt 0.896688 0.0102946 0
vt 0.89799 0.0138722 0
vt 0.89799 0.0176792 0
vt 0.896688 0.0212566 0
vt 0.89424 0.0241734 0
vt 0.750177 0.968847 0
vt 0.752827 0.969224 0
vt 0.748681 0.987464 0
vt 0.748087 0.975469 0
vt 0.853896 0.973313 0
vt 0.864487 0.970705 0
vt 0.863764 0.985875 0
vt 0.847591 0.968606 0
vt 0.818678 0.972857 0
vt 0.824837 0.980369 0
vt 0.825983 0.999198 0
vt 0.808539 0.984338 0
vt 0.808562 0.969862 0
vt 0.739804 0.979327 0
vt 0.731945 0.978998 0
vt 0.733343 0.976708 0
vt 0.826904 0.979183 0
vt 0.831405 0.983993 0
vt 0.836419 0.953604 0
vt 0.845409 0.969862 0
vt 0.840538 0.964231 0
vt 0.831289 0.97112 0
vt 0.826994 0.969926 0
vt 0.831871 0.964847 0
vt 0.834067 0.968437 0
vt 0.756565 0.95927 0
vt 0.838359 0.968378 0
vt 0.825 0.968646 0
vt 0.840849 0.971006 0
vt 0.841274 0.977011 0
vt 0.838489 0.980245 0
vt 0.832932 0.980313 0
vt 0.830472 0.977034 0
vt 0.893937 0.0542945 0
vt 0.895717 0.0572117 0
vt 0.891328 0.0588439 0
vt 0.89077 0.0553469 0
vt 0.892445 0.051706 0
vt 0.890307 0.0524433 0
vt 0.89651 0.0521726 0
vt 0.899173 0.0542301 0
vt 0.894204 0.0502738 0
vt 0.898176 0.0493048 0
vt 0.901367 0.0502964 0
vt 0.895359 0.0483264 0
vt 0.898753 0.0460521 0
vt 0.902081 0.0458831 0
vt 0.895771 0.0461023 0
vt 0.898185 0.0428083 0
vt 0.90125 0.0415162 0
vt 0.895397 0.0438731 0
vt 0.896551 0.0399605 0
vt 0.898992 0.0377161 0
vt 0.894288 0.0419045 0
vt 0.894058 0.0378459 0
vt 0.895599 0.034936 0
vt 0.892585 0.0404302 0
vt 0.891014 0.0367011 0
vt 0.891516 0.0334924 0
vt 0.890492 0.0396259 0
vt 0.887774 0.0366152 0
vt 0.887273 0.0334924 0
vt 0.888249 0.0395877 0
vt 0.884721 0.037705 0
vt 0.883242 0.0348134 0
vt 0.886129 0.0403225 0
vt 0.882184 0.039741 0
vt 0.879811 0.0374564 0
vt 0.88439 0.0417389 0
vt 0.880473 0.042527 0
vt 0.877452 0.0411544 0
vt 0.883229 0.0436688 0
vt 0.879807 0.0457435 0
vt 0.876489 0.045471 0
vt 0.882791 0.0458852 0
vt 0.880279 0.0490042 0
vt 0.877061 0.0498816 0
vt 0.883131 0.0481221 0
vt 0.881843 0.0519158 0
vt 0.879116 0.0538538 0
vt 0.884217 0.050106 0
vt 0.884322 0.0541225 0
vt 0.88243 0.0569089 0
vt 0.885922 0.0515969 0
vt 0.88743 0.0553358 0
vt 0.886646 0.0586647 0
vt 0.888041 0.0524093 0
vt 0.900563 0.0825759 0
vt 0.903466 0.0841286 0
vt 0.900684 0.08752 0
vt 0.898448 0.0850686 0
vt 0.897983 0.0811024 0
vt 0.896508 0.0827994 0
vt 0.901707 0.0795318 0
vt 0.904913 0.0800432 0
vt 0.898784 0.0790086 0
vt 0.901791 0.0762898 0
vt 0.904913 0.0757977 0
vt 0.898822 0.0767624 0
vt 0.900698 0.0732381 0
vt 0.903588 0.0717629 0
vt 0.898083 0.0746448 0
vt 0.898661 0.0707033 0
vt 0.90094 0.0683323 0
vt 0.896667 0.0729052 0
vt 0.895875 0.0689934 0
vt 0.89724 0.0659758 0
vt 0.894737 0.071745 0
vt 0.892661 0.068328 0
vt 0.892925 0.0650162 0
vt 0.892521 0.0713061 0
vt 0.889404 0.0687976 0
vt 0.88852 0.0655884 0
vt 0.890287 0.0716432 0
vt 0.886495 0.0703567 0
vt 0.884552 0.0676404 0
vt 0.888303 0.0727264 0
vt 0.884288 0.072831 0
vt 0.881498 0.0709485 0
vt 0.886812 0.0744289 0
vt 0.883072 0.0759356 0
vt 0.879741 0.0751582 0
vt 0.885999 0.0765461 0
vt 0.883055 0.0792735 0
vt 0.879556 0.0798362 0
vt 0.885963 0.0788076 0
vt 0.884106 0.0824451 0
vt 0.881182 0.0842299 0
vt 0.886701 0.0809509 0
vt 0.886227 0.0850226 0
vt 0.884163 0.0876907 0
vt 0.888133 0.0827125 0
vt 0.889098 0.086692 0
vt 0.888098 0.0898888 0
vt 0.890081 0.0838689 0
vt 0.892353 0.0872705 0
vt 0.892513 0.0906049 0
vt 0.892307 0.0842826 0
vt 0.8956 0.0867026 0
vt 0.896882 0.0897764 0
vt 0.894539 0.0839089 0
vt 0.903329 0.169336 0
vt 0.90701 0.168809 0
vt 0.907929 0.171469 0
vt 0.904731 0.173246 0
vt 0.899106 0.169836 0
vt 0.90088 0.175386 0
vt 0.903429 0.165189 0
vt 0.90706 0.165987 0
vt 0.899369 0.164163 0
vt 0.904957 0.161355 0
vt 0.908079 0.163361 0
vt 0.901535 0.158992 0
vt 0.907697 0.158291 0
vt 0.90994 0.161249 0
vt 0.905306 0.154902 0
vt 0.91131 0.156354 0
vt 0.91241 0.159901 0
vt 0.91022 0.15236 0
vt 0.915353 0.155766 0
vt 0.915189 0.159474 0
vt 0.915676 0.151652 0
vt 0.919338 0.156583 0
vt 0.917938 0.160009 0
vt 0.921003 0.15284 0
vt 0.922796 0.158684 0
vt 0.920334 0.161441 0
vt 0.925553 0.155729 0
vt 0.925368 0.161791 0
vt 0.922094 0.163608 0
vt 0.92881 0.159882 0
vt 0.926645 0.165616 0
vt 0.923002 0.166248 0
vt 0.930612 0.164844 0
vt 0.9266 0.169662 0
vt 0.92295 0.169038 0
vt 0.930658 0.170232 0
vt 0.925187 0.173477 0
vt 0.921952 0.171656 0
vt 0.92885 0.175381 0
vt 0.92255 0.176599 0
vt 0.920119 0.173788 0
vt 0.925364 0.179638 0
vt 0.918996 0.178642 0
vt 0.91767 0.175173 0
vt 0.92061 0.182465 0
vt 0.914947 0.179348 0
vt 0.914894 0.175635 0
vt 0.915144 0.183505 0
vt 0.910883 0.178617 0
vt 0.912125 0.175111 0
vt 0.909609 0.182608 0
vt 0.907307 0.176506 0
vt 0.909702 0.17366 0
vt 0.904652 0.179831 0
vt 0.913815 0.0526159 0
vt 0.915806 0.0504115 0
vt 0.917737 0.0515631 0
vt 0.916602 0.0543241 0
vt 0.911541 0.0549967 0
vt 0.915243 0.057351 0
vt 0.911779 0.0500811 0
vt 0.914392 0.0486727 0
vt 0.908893 0.0515669 0
vt 0.910688 0.0470268 0
vt 0.913656 0.04655 0
vt 0.907568 0.0475326 0
vt 0.910774 0.0437865 0
vt 0.913697 0.0443076 0
vt 0.907568 0.0432867 0
vt 0.911919 0.0407429 0
vt 0.914501 0.0422125 0
vt 0.909014 0.0392017 0
vt 0.914032 0.0382488 0
vt 0.915973 0.0405078 0
vt 0.911793 0.0358085 0
vt 0.916876 0.0366132 0
vt 0.91794 0.0393975 0
vt 0.915591 0.0335496 0
vt 0.920116 0.0360418 0
vt 0.920167 0.0390199 0
vt 0.919955 0.0327173 0
vt 0.923367 0.036614 0
vt 0.922389 0.0394298 0
vt 0.924365 0.0334269 0
vt 0.926236 0.0382756 0
vt 0.924337 0.040582 0
vt 0.928299 0.0356166 0
vt 0.928361 0.0408451 0
vt 0.92577 0.0423394 0
vt 0.931283 0.0390672 0
vt 0.929418 0.0440118 0
vt 0.92651 0.044477 0
vt 0.932919 0.043454 0
vt 0.92941 0.047353 0
vt 0.926478 0.0467433 0
vt 0.932745 0.0481363 0
vt 0.928199 0.0504642 0
vt 0.925668 0.0488639 0
vt 0.930994 0.0523545 0
vt 0.925993 0.0529464 0
vt 0.924178 0.0505707 0
vt 0.927941 0.055672 0
vt 0.923081 0.0545122 0
vt 0.922191 0.0516589 0
vt 0.92397 0.0577308 0
vt 0.919819 0.0549869 0
vt 0.919955 0.0520012 0
vt 0.91956 0.0583082 0
vt 0.926445 0.140944 0
vt 0.923643 0.142561 0
vt 0.920458 0.143122 0
vt 0.917272 0.142561 0
vt 0.91447 0.140944 0
vt 0.912391 0.138465 0
vt 0.911285 0.135426 0
vt 0.911285 0.132191 0
vt 0.912391 0.129151 0
vt 0.91447 0.126673 0
vt 0.917272 0.125056 0
vt 0.920458 0.124493 0
vt 0.923643 0.125056 0
vt 0.926445 0.126673 0
vt 0.928524 0.129151 0
vt 0.92963 0.132191 0
vt 0.92963 0.135426 0
vt 0.928524 0.138465 0
vt 0.0258245 0.308503 0
vt 0.0183019 0.346454 0
vt 0.119701 0.589631 0
vt 0.0941806 0.590928 0
vt 0.018035 0.383837 0
vt 0.145184 0.587762 0
vt 0.024619 0.419755 0
vt 0.170743 0.585366 0
vt 0.0375367 0.453288 0
vt 0.196432 0.582529 0
vt 0.0561929 0.483548 0
vt 0.222248 0.579322 0
vt 0.0798976 0.509736 0
vt 0.248003 0.575852 0
vt 0.107903 0.531198 0
vt 0.424645 0.541151 0
vt 0.417377 0.542737 0
vt 0.273483 0.572084 0
vt 0.139509 0.547458 0
vt 0.298671 0.567951 0
vt 0.174303 0.558342 0
vt 0.425822 0.540672 0
vt 0.323611 0.563418 0
vt 0.254882 0.554327 0
vt 0.293795 0.537564 0
vt 0.348341 0.558486 0
vt 0.327795 0.514332 0
vt 0.372894 0.553185 0
vt 0.468625 0.527248 0
vt 0.445146 0.535051 0
vt 0.355851 0.485892 0
vt 0.39729 0.54757 0
vt 0.37725 0.453617 0
vt 0.491886 0.518919 0
vt 0.391495 0.419015 0
vt 0.514736 0.510169 0
vt 0.203684 0.561846 0
vt 0.761337 0.366124 0
vt 0.744519 0.378676 0
vt 0.399323 0.383088 0
vt 0.537149 0.500992 0
vt 0.220258 0.561554 0
vt 0.282504 0.168302 0
vt 0.278743 0.177195 0
vt 0.243284 0.166216 0
vt 0.245453 0.156485 0
vt 0.316311 0.186209 0
vt 0.311063 0.194188 0
vt 0.346199 0.209812 0
vt 0.339598 0.216685 0
vt 0.371294 0.238499 0
vt 0.363528 0.244052 0
vt 0.390743 0.271429 0
vt 0.38205 0.275466 0
vt 0.403811 0.307556 0
vt 0.39448 0.309919 0
vt 0.409955 0.345644 0
vt 0.400318 0.346235 0
vt 0.4089 0.384283 0
vt 0.400778 0.421955 0
vt 0.386051 0.458328 0
vt 0.363849 0.492414 0
vt 0.334599 0.52252 0
vt 0.299045 0.547189 0
vt 0.258224 0.564986 0
vt 0.135881 0.556146 0
vt 0.172098 0.567735 0
vt 0.10289 0.539005 0
vt 0.0735931 0.516507 0
vt 0.0487398 0.489091 0
vt 0.0291233 0.457415 0
vt 0.0154653 0.422298 0
vt 0.00837561 0.384652 0
vt 0.00837567 0.345404 0
vt 0.0160346 0.305471 0
vt 0.0320284 0.267178 0
vt 0.0412024 0.272125 0
vt 0.0549794 0.232151 0
vt 0.0631976 0.238813 0
vt 0.0846151 0.201336 0
vt 0.0915882 0.209606 0
vt 0.120449 0.176083 0
vt 0.125782 0.185738 0
vt 0.161318 0.158336 0
vt 0.164498 0.168413 0
vt 0.198789 0.153116 0
vt 0.19642 0.164573 0
vt 0.194242 0.163447 0
vt 0.197236 0.151757 0
vt 0.211894 0.15192 0
vt 0.211862 0.162592 0
vt 0.205435 0.572821 0
vt 0.206692 0.560939 0
vt 0.208116 0.571605 0
vt 0.220656 0.57293 0
vt 0.0684987 0.591629 0
vt 0.0424697 0.591729 0
vt 0.72425 0.393425 0
vt 0.703988 0.407683 0
vt 0.0126801 0.591314 0
vt 0.0105771 0.591327 0
vt 0.683677 0.421425 0
vt 0.663286 0.434634 0
vt 0.0203221 0.591406 0
vt 0.642812 0.447273 0
vt 0.622256 0.459281 0
vt 0.601569 0.470592 0
vt 0.58056 0.481242 0
vt 0.559094 0.491371 0
vt 0.441007 0.820179 0

# 3054 vertex normals
vn -0.0272391 -0.998797 0.0407753
vn 0.224177 -0.914975 -0.335508
vn 0.154411 -0.914977 -0.372794
vn -0.0187582 -0.998797 0.0452952
vn -0.034676 -0.998797 0.034684
vn 0.285327 -0.914973 -0.285329
vn -0.0407885 -0.998796 0.0272563
vn 0.33551 -0.914973 -0.224183
vn -0.0453303 -0.998796 0.018777
vn 0.372799 -0.914973 -0.15442
vn -0.0481216 -0.998796 0.00957309
vn 0.395763 -0.914972 -0.078723
vn -0.049065 -0.998796 -8.011e-08
vn 0.403517 -0.914972 7.27513e-07
vn -0.0481199 -0.998796 -0.00957224
vn 0.395761 -0.914973 0.0787244
vn -0.045321 -0.998796 -0.0187739
vn 0.372797 -0.914973 0.154421
vn -0.0407835 -0.998796 -0.0272513
vn 0.335504 -0.914975 0.224182
vn -0.0346764 -0.998797 -0.0346754
vn 0.285319 -0.914976 0.285328
vn -0.0272343 -0.998798 -0.040761
vn 0.224172 -0.914977 0.335507
vn -0.0187539 -0.998798 -0.0452798
vn 0.154408 -0.914979 0.372789
vn -0.00954264 -0.998802 -0.047983
vn 0.078725 -0.91496 0.395792
vn -0.19153 0.189854 0.962949
vn -0.194636 0.070591 0.978332
vn 0.0173156 0.0629591 0.997866
vn 0.0196348 0.186244 0.982307
vn -0.00614019 -0.916786 0.399332
vn -0.0143409 -0.327426 0.944768
vn 0.18445 -0.325839 0.927258
vn 0.0187314 -0.998801 -0.045219
vn -0.154413 -0.914985 0.372772
vn -0.0751484 -0.916351 0.393261
vn 0.008565 -0.999009 -0.0436809
vn 0.027182 -0.998802 -0.0406807
vn -0.224171 -0.914984 0.335487
vn 0.0345883 -0.998803 -0.0345884
vn -0.285312 -0.914985 0.285306
vn 0.0406627 -0.998803 -0.0271724
vn -0.335489 -0.914986 0.224161
vn 0.0451753 -0.998804 -0.0187134
vn -0.372774 -0.914986 0.154405
vn 0.0479622 -0.998804 -0.00953893
vn -0.395731 -0.914987 0.078716
vn 0.0489014 -0.998804 -2.05068e-08
vn -0.403484 -0.914987 4.29619e-07
vn 0.0479615 -0.998804 0.00953998
vn -0.395732 -0.914986 -0.0787148
vn 0.0451877 -0.998803 0.0187156
vn -0.372772 -0.914986 -0.154405
vn 0.0406733 -0.998803 0.0271763
vn -0.335489 -0.914985 -0.224162
vn 0.0345966 -0.998802 0.0345982
vn -0.285315 -0.914984 -0.285307
vn 0.0271926 -0.998801 0.0406962
vn -0.224173 -0.914983 -0.335488
vn 0.0187379 -0.998801 0.0452368
vn -0.154416 -0.914983 -0.372776
vn 0.00841401 -0.998931 0.0454628
vn -0.0728578 -0.91725 -0.391591
vn 0.0890599 0.299363 0.949974
vn 0.0889724 0.156364 0.983684
vn 0.1882 0.172375 0.966886
vn 0.183453 0.304923 0.934541
vn -0.00159285 0.76418 -0.645001
vn 0.00264916 0.886277 -0.463148
vn 0.0903558 0.886281 -0.454248
vn 0.125441 0.765877 -0.630633
vn -0.178407 -0.32905 0.927306
vn -0.0805819 -0.328898 0.940921
vn -0.0330168 -0.916039 0.399729
vn -0.194775 -0.0603011 -0.978993
vn -0.382015 -0.0604215 -0.922179
vn -0.31349 -0.573582 -0.756788
vn -0.15982 -0.573621 -0.803378
vn -0.193701 -0.119055 -0.97381
vn -0.37996 -0.119054 -0.917309
vn -0.304651 -0.605172 -0.735496
vn -0.155309 -0.605172 -0.780799
vn -0.551618 -0.119054 -0.825557
vn -0.442286 -0.605171 -0.661929
vn -0.702077 -0.119054 -0.702079
vn -0.562924 -0.605171 -0.562925
vn -0.825555 -0.119054 -0.55162
vn -0.661928 -0.605172 -0.442288
vn -0.917308 -0.119054 -0.379963
vn -0.735495 -0.605172 -0.304653
vn -0.97381 -0.119054 -0.193704
vn -0.780798 -0.605172 -0.155311
vn -0.992888 -0.119054 -1.14435e-06
vn -0.796095 -0.605172 -9.03465e-07
vn -0.97381 -0.119054 0.193702
vn -0.780798 -0.605172 0.155309
vn -0.917309 -0.119054 0.379961
vn -0.735496 -0.605172 0.304652
vn -0.825556 -0.119054 0.551619
vn -0.661929 -0.605172 0.442286
vn -0.702078 -0.119054 0.702077
vn -0.562924 -0.605172 0.562924
vn -0.551619 -0.119054 0.825556
vn -0.442287 -0.605172 0.661929
vn -0.379962 -0.119054 0.917308
vn -0.304653 -0.605172 0.735496
vn -0.193703 -0.119054 0.97381
vn -0.155311 -0.605172 0.780798
vn 0.125441 0.765876 0.630633
vn 0.0903552 0.886282 0.454247
vn -0.00689811 0.886261 0.463136
vn -0.00906646 0.764967 0.644006
vn -0.0973267 -0.118488 0.988174
vn -0.0781685 -0.60332 0.793659
vn 0.193702 -0.119055 0.97381
vn 0.379962 -0.119054 0.917309
vn 0.304652 -0.605173 0.735495
vn 0.15531 -0.605172 0.780798
vn 0.551619 -0.119054 0.825556
vn 0.442287 -0.605172 0.661928
vn 0.702078 -0.119054 0.702078
vn 0.562924 -0.605171 0.562924
vn 0.825556 -0.119054 0.551619
vn 0.661929 -0.605172 0.442287
vn 0.917309 -0.119054 0.379962
vn 0.735496 -0.605172 0.304652
vn 0.97381 -0.119054 0.193703
vn 0.780798 -0.605172 0.15531
vn 0.992888 -0.119054 -8.98765e-09
vn 0.796095 -0.605171 -4.37961e-08
vn 0.97381 -0.119054 -0.193703
vn 0.780798 -0.605172 -0.15531
vn 0.917309 -0.119054 -0.379962
vn 0.735495 -0.605173 -0.304652
vn 0.825556 -0.119054 -0.551619
vn 0.661929 -0.605172 -0.442286
vn 0.702078 -0.119054 -0.702078
vn 0.562925 -0.605171 -0.562924
vn 0.551619 -0.119054 -0.825556
vn 0.442287 -0.605172 -0.661928
vn 0.379962 -0.119054 -0.917309
vn 0.304652 -0.605172 -0.735496
vn 0.193703 -0.119055 -0.97381
vn 0.15531 -0.605172 -0.780798
vn -0.155754 -0.602162 -0.783033
vn -0.118357 -0.794945 -0.595024
vn -0.0596459 -0.793532 -0.605598
vn -0.0783904 -0.600309 -0.795917
vn 0.174845 0.443348 -0.879131
vn -0.00986356 0.448401 -0.893778
vn -0.0211223 -0.602101 -0.79814
vn 0.155755 -0.602161 -0.783034
vn 0.0787272 -0.914956 -0.3958
vn -0.00954449 -0.998802 0.0479949
vn 0.373561 -0.0540403 -0.92603
vn -0.0806348 -0.56853 -0.818701
vn 0.293219 0.356368 -0.887144
vn 0.60578 0.489927 -0.626898
vn 0.690065 -0.507911 -0.515594
vn 0.304643 -0.528812 -0.792181
vn -0.554574 -0.0605205 -0.829931
vn -0.455122 -0.573544 -0.68111
vn -0.70582 -0.0605944 -0.705795
vn -0.57927 -0.573511 -0.579251
vn -0.829944 -0.0606397 -0.554541
vn -0.681159 -0.573485 -0.455124
vn -0.922178 -0.0606545 -0.38198
vn -0.756873 -0.573464 -0.3135
vn -0.978978 -0.0606387 -0.194742
vn -0.803499 -0.573451 -0.159822
vn -0.998163 -0.0605928 -2.02232e-05
vn -0.819243 -0.573446 -3.1014e-07
vn -0.978993 -0.0605187 0.194705
vn -0.803501 -0.573449 0.159822
vn -0.922206 -0.0604191 0.381951
vn -0.756876 -0.57346 0.3135
vn -0.82998 -0.0602977 0.554524
vn -0.681164 -0.573478 0.455125
vn -0.705859 -0.0601597 0.705793
vn -0.579274 -0.573504 0.579253
vn -0.55461 -0.0600103 0.829944
vn -0.455126 -0.573536 0.681114
vn -0.174905 0.44322 0.879184
vn -0.0881789 0.436664 0.895293
vn -0.0783912 -0.600309 0.795917
vn -0.155756 -0.602162 0.783034
vn -0.125439 0.765877 -0.630633
vn -0.0903549 0.886281 -0.454249
vn -0.0455683 0.88536 -0.462669
vn -0.0632016 0.764344 -0.641703
vn -0.382044 -0.0598543 0.922204
vn -0.313494 -0.573573 0.756793
vn -0.0140119 -0.0595832 0.998125
vn 0.194705 -0.0594101 0.979061
vn 0.159773 -0.573696 0.803334
vn -0.0122016 -0.574977 0.818079
vn 0.381977 -0.0592896 0.922268
vn 0.313416 -0.573736 0.756702
vn 0.554573 -0.0591904 0.830027
vn 0.455006 -0.573773 0.680994
vn 0.705857 -0.0591172 0.705884
vn 0.579106 -0.573805 0.579124
vn 0.830012 -0.059072 0.554608
vn 0.680945 -0.573832 0.455006
vn 0.922267 -0.0590569 0.382015
vn 0.756616 -0.573853 0.313409
vn 0.979074 -0.0590727 0.19474
vn 0.803212 -0.573866 0.159773
vn 0.998251 -0.0591186 -1.94671e-05
vn 0.818945 -0.573873 4.33147e-07
vn 0.97906 -0.0591929 -0.194775
vn 0.803212 -0.573867 -0.159772
vn 0.922241 -0.0592926 -0.382043
vn 0.756614 -0.573857 -0.313407
vn 0.829978 -0.0594139 -0.554623
vn 0.680941 -0.573839 -0.455003
vn 0.705819 -0.0595519 -0.705885
vn 0.579102 -0.573812 -0.579121
vn 0.554539 -0.059702 -0.830014
vn 0.455004 -0.57378 -0.68099
vn -0.194791 -0.0596982 0.979026
vn -0.159823 -0.573613 0.803383
vn -0.0195846 -0.794365 -0.607124
vn 0.118358 -0.794945 -0.595024
vn -0.059647 -0.793528 0.605604
vn -0.118358 -0.794943 0.595027
vn -0.305523 -0.602162 -0.737602
vn -0.232167 -0.794945 -0.560501
vn -0.124006 0.771991 -0.62342
vn -0.160895 0.53257 -0.830952
vn -0.0744217 0.531976 -0.843483
vn -0.0624821 0.770482 -0.634392
vn -0.443552 -0.602162 -0.663824
vn -0.337053 -0.794946 -0.504436
vn -0.246059 0.765878 -0.594042
vn -0.177238 0.886281 -0.427892
vn -0.564536 -0.602161 -0.564536
vn -0.428987 -0.794946 -0.428989
vn -0.357225 0.765876 -0.534626
vn -0.25731 0.886282 -0.385093
vn -0.663824 -0.602161 -0.443554
vn -0.504437 -0.794945 -0.337055
vn -0.454662 0.765875 -0.454664
vn -0.327494 0.886281 -0.327495
vn -0.737602 -0.602161 -0.305525
vn -0.5605 -0.794945 -0.232168
vn -0.534625 0.765875 -0.357227
vn -0.385094 0.88628 -0.257312
vn -0.783034 -0.602161 -0.155756
vn -0.595023 -0.794946 -0.118358
vn -0.594043 0.765876 -0.246062
vn -0.427894 0.88628 -0.17724
vn -0.798374 -0.602161 -6.32433e-07
vn -0.60668 -0.794946 -5.37151e-07
vn -0.630632 0.765877 -0.125442
vn -0.454249 0.886281 -0.0903563
vn -0.783034 -0.602161 0.155755
vn -0.595023 -0.794946 0.118357
vn -0.642987 0.765877 -7.96806e-07
vn -0.463148 0.886281 -6.82023e-07
vn -0.737602 -0.602161 0.305524
vn -0.560499 -0.794947 0.232166
vn -0.630633 0.765877 0.12544
vn -0.454249 0.886281 0.090355
vn -0.663824 -0.602161 0.443553
vn -0.504436 -0.794946 0.337053
vn -0.594044 0.765876 0.24606
vn -0.427893 0.886281 0.177238
vn -0.564536 -0.602162 0.564535
vn -0.428989 -0.794944 0.428989
vn -0.534627 0.765875 0.357225
vn -0.385093 0.886281 0.25731
vn -0.443553 -0.602162 0.663824
vn -0.337055 -0.794944 0.504438
vn -0.454662 0.765875 0.454662
vn -0.327495 0.886281 0.327494
vn -0.305525 -0.602161 0.737602
vn -0.232167 -0.794944 0.560502
vn -0.357225 0.765876 0.534625
vn -0.257311 0.886281 0.385092
vn -0.246061 0.765876 0.594043
vn -0.177239 0.886282 0.427891
vn 0.155755 -0.602161 0.783034
vn 0.118358 -0.794945 0.595024
vn -0.00858163 -0.794057 0.607783
vn -0.0112786 -0.604316 0.796665
vn -0.125441 0.765876 0.630634
vn -0.0903555 0.886282 0.454247
vn -0.0632027 0.764344 0.641704
vn -0.0455687 0.885361 0.462665
vn -0.0139433 -0.119042 0.992791
vn -0.0112442 -0.607345 0.794359
vn 0.305525 -0.602161 0.737602
vn 0.232167 -0.794944 0.560502
vn -0.174636 -0.328446 -0.928238
vn -0.0731773 -0.326236 -0.942452
vn 0.443553 -0.602161 0.663824
vn 0.337054 -0.794945 0.504437
vn 0.246061 0.765875 0.594045
vn 0.177239 0.886281 0.427893
vn 0.564536 -0.602161 0.564536
vn 0.428988 -0.794945 0.428989
vn 0.357225 0.765876 0.534625
vn 0.257312 0.886281 0.385093
vn 0.663824 -0.602161 0.443553
vn 0.504436 -0.794946 0.337054
vn 0.454661 0.765876 0.454661
vn 0.327495 0.886281 0.327495
vn 0.737602 -0.602161 0.305525
vn 0.560499 -0.794946 0.232166
vn 0.534624 0.765877 0.357225
vn 0.385094 0.886281 0.257311
vn 0.783034 -0.602161 0.155755
vn 0.595023 -0.794946 0.118358
vn 0.594042 0.765878 0.246061
vn 0.427893 0.886281 0.177239
vn 0.798375 -0.602161 -1.52935e-07
vn 0.60668 -0.794946 5.85654e-08
vn 0.630632 0.765877 0.12544
vn 0.454248 0.886281 0.0903554
vn 0.783034 -0.602161 -0.155755
vn 0.595023 -0.794946 -0.118357
vn 0.642988 0.765876 -4.19784e-07
vn 0.463148 0.886281 -3.17605e-07
vn 0.737602 -0.602161 -0.305525
vn 0.5605 -0.794946 -0.232166
vn 0.630633 0.765876 -0.125441
vn 0.454249 0.886281 -0.090356
vn 0.663824 -0.602161 -0.443553
vn 0.504436 -0.794946 -0.337054
vn 0.594044 0.765876 -0.24606
vn 0.427893 0.886281 -0.177239
vn 0.564536 -0.602162 -0.564536
vn 0.428987 -0.794946 -0.428987
vn 0.534626 0.765876 -0.357226
vn 0.385093 0.886281 -0.257311
vn 0.443553 -0.602161 -0.663824
vn 0.337053 -0.794947 -0.504435
vn 0.454662 0.765876 -0.454662
vn 0.327494 0.886282 -0.327494
vn 0.305525 -0.602161 -0.737602
vn 0.232167 -0.794946 -0.5605
vn 0.357225 0.765876 -0.534625
vn 0.257311 0.886281 -0.385093
vn 0.246061 0.765876 -0.594043
vn 0.177239 0.886281 -0.427893
vn -0.0973256 -0.118489 -0.988174
vn -0.0781678 -0.603319 -0.79366
vn -0.0211236 -0.605132 -0.795845
vn -0.0195447 -0.799247 -0.600685
vn 0.117097 -0.799833 -0.588689
vn -0.0590133 -0.798439 0.599177
vn -0.117097 -0.799832 0.58869
vn -0.229695 -0.799832 -0.554535
vn -0.117097 -0.799831 -0.588692
vn -0.333465 -0.799833 -0.499067
vn -0.243245 0.771991 -0.587249
vn -0.324343 0.530705 -0.783041
vn -0.424421 -0.799833 -0.424423
vn -0.353138 0.771992 -0.52851
vn -0.470876 0.530702 -0.704721
vn -0.499066 -0.799833 -0.333467
vn -0.449459 0.771992 -0.44946
vn -0.599314 0.530698 -0.599318
vn -0.554534 -0.799832 -0.229696
vn -0.528508 0.771993 -0.353139
vn -0.704721 0.530695 -0.470883
vn -0.588691 -0.799832 -0.117098
vn -0.587248 0.771991 -0.243247
vn -0.783047 0.530691 -0.324351
vn -0.600223 -0.799833 -7.03636e-07
vn -0.62342 0.77199 -0.124007
vn -0.831281 0.530688 -0.165354
vn -0.588688 -0.799834 0.117097
vn -0.635633 0.771991 -1.1218e-06
vn -0.847568 0.530687 -1.49157e-06
vn -0.554532 -0.799834 0.229695
vn -0.623418 0.771992 0.124005
vn -0.831282 0.530688 0.165351
vn -0.499066 -0.799833 0.333466
vn -0.587247 0.771993 0.243245
vn -0.783049 0.53069 0.324349
vn -0.424423 -0.799832 0.424422
vn -0.52851 0.771992 0.353138
vn -0.704724 0.530692 0.470882
vn -0.333468 -0.799831 0.499069
vn -0.449461 0.771992 0.449459
vn -0.599317 0.530694 0.599319
vn -0.229696 -0.799832 0.554535
vn -0.353139 0.771991 0.52851
vn -0.470879 0.530697 0.704722
vn -0.243247 0.771991 0.587248
vn -0.324346 0.5307 0.783043
vn 0.117098 -0.799831 0.588693
vn -0.0084955 -0.798949 0.601339
vn -0.124006 0.771992 0.623419
vn -0.162494 0.531894 0.831074
vn -0.0775736 0.530701 0.844001
vn -0.012468 0.53287 0.846106
vn 0.16535 0.530713 0.831266
vn 0.229695 -0.799832 0.554535
vn 0.182891 -0.348074 -0.919454
vn -0.0191244 -0.349167 -0.936865
vn 0.333465 -0.799832 0.499069
vn 0.243245 0.771993 0.587246
vn 0.324345 0.530717 0.783033
vn 0.124006 0.77199 0.623421
vn 0.42442 -0.799833 0.424422
vn 0.353137 0.771994 0.528507
vn 0.470873 0.530721 0.704708
vn 0.499066 -0.799833 0.333466
vn 0.449459 0.771993 0.44946
vn 0.599306 0.530724 0.599303
vn 0.554534 -0.799833 0.229696
vn 0.528509 0.771991 0.353139
vn 0.704707 0.530728 0.470868
vn 0.588691 -0.799832 0.117098
vn 0.58725 0.77199 0.243246
vn 0.783026 0.53073 0.324339
vn 0.600225 -0.799831 9.85164e-08
vn 0.623421 0.77199 0.124006
vn 0.831255 0.530732 0.165346
vn 0.58869 -0.799833 -0.117097
vn 0.635633 0.771991 -2.78832e-08
vn 0.847539 0.530733 -4.51349e-07
vn 0.554534 -0.799832 -0.229696
vn 0.623419 0.771991 -0.124006
vn 0.831254 0.530733 -0.165347
vn 0.499068 -0.799831 -0.333468
vn 0.587249 0.77199 -0.243246
vn 0.783024 0.530732 -0.324339
vn 0.424421 -0.799832 -0.424423
vn 0.52851 0.771991 -0.353139
vn 0.704704 0.530731 -0.470867
vn 0.333466 -0.799832 -0.499067
vn 0.44946 0.771991 -0.449461
vn 0.599303 0.530729 -0.599302
vn 0.229695 -0.799834 -0.554533
vn 0.353139 0.771991 -0.52851
vn 0.47087 0.530726 -0.704706
vn 0.243246 0.771993 -0.587247
vn 0.324343 0.530722 -0.78303
vn 0.16535 0.530718 -0.831263
vn -0.00910193 0.536617 -0.843777
vn -0.0244585 -0.326053 -0.945035
vn 0.184451 -0.325817 -0.927265
vn 0.124005 0.771993 -0.623418
vn -5.18203e-07 -1 -2.14651e-05
vn -0.52083 -0.34807 0.779476
vn -0.358754 -0.348071 0.866107
vn 0.520829 -0.348074 -0.779475
vn 0.358753 -0.348074 -0.866107
vn -0.184631 0.323006 -0.928213
vn -0.362169 0.323004 -0.874358
vn -0.091941 -0.346597 -0.933497
vn -0.18289 -0.348072 -0.919455
vn -0.52579 0.323002 -0.786902
vn -0.358752 -0.348074 -0.866107
vn -0.669204 0.323001 -0.669206
vn -0.520828 -0.348075 -0.779475
vn -0.7869 0.323004 -0.525792
vn -0.662888 -0.348074 -0.662891
vn -0.874356 0.323006 -0.362172
vn -0.779475 -0.348073 -0.52083
vn -0.928212 0.323006 -0.184634
vn -0.866107 -0.348072 -0.358755
vn -0.946397 0.323006 -9.9787e-07
vn -0.919454 -0.348073 -0.182892
vn -0.928212 0.323006 0.184632
vn -0.937467 -0.348074 -9.16766e-07
vn -0.874357 0.323006 0.36217
vn -0.919454 -0.348073 0.18289
vn -0.786901 0.323005 0.52579
vn -0.866107 -0.348073 0.358753
vn -0.669204 0.323005 0.669204
vn -0.779476 -0.348072 0.520829
vn -0.52579 0.323006 0.7869
vn -0.662891 -0.348069 0.66289
vn -0.362171 0.323004 0.874357
vn -0.184634 0.323001 0.928214
vn -0.0928106 0.321605 0.942314
vn -0.0129444 0.322122 0.94661
vn 0.184633 0.323004 0.928213
vn 0.182636 -0.351557 -0.918178
vn -0.0191395 -0.35265 -0.93556
vn -0.182891 -0.348071 0.919455
vn -0.091942 -0.346597 0.933497
vn 0.362171 0.323003 0.874358
vn -0.0128209 -0.347085 0.937746
vn 0.182891 -0.348073 0.919454
vn 0.52579 0.323004 0.786901
vn 0.358753 -0.348072 0.866107
vn 0.669204 0.323004 0.669204
vn 0.520829 -0.348073 0.779476
vn 0.7869 0.323005 0.525791
vn 0.662889 -0.348073 0.66289
vn 0.874357 0.323005 0.362171
vn 0.779475 -0.348074 0.520829
vn 0.928213 0.323005 0.184633
vn 0.866106 -0.348075 0.358753
vn 0.946397 0.323005 -6.24408e-07
vn 0.919454 -0.348075 0.182891
vn 0.928213 0.323005 -0.184633
vn 0.937467 -0.348074 -2.72975e-07
vn 0.874357 0.323005 -0.36217
vn 0.919454 -0.348074 -0.182891
vn 0.7869 0.323005 -0.525791
vn 0.866107 -0.348074 -0.358753
vn 0.669204 0.323005 -0.669204
vn 0.779476 -0.348073 -0.520829
vn 0.52579 0.323005 -0.7869
vn 0.66289 -0.348073 -0.66289
vn 0.362171 0.323004 -0.874358
vn 0.184633 0.323004 -0.928213
vn -0.0116276 0.319749 -0.947431
vn -0.0928089 0.321614 -0.942311
vn 0.358256 -0.351558 -0.864904
vn -0.520108 -0.351553 0.778395
vn -0.358256 -0.351554 0.864906
vn 0.520106 -0.351556 -0.778394
vn -0.184267 0.328434 -0.926378
vn -0.361454 0.328434 -0.87263
vn -0.091813 -0.350073 -0.932212
vn -0.0590127 -0.798438 -0.599178
vn -0.182636 -0.351556 -0.918179
vn -0.52475 0.328435 -0.785346
vn -0.358254 -0.351558 -0.864905
vn -0.66788 0.328437 -0.667881
vn -0.520105 -0.351558 -0.778394
vn -0.785344 0.328436 -0.524751
vn -0.661968 -0.351557 -0.661971
vn -0.872628 0.328437 -0.361456
vn -0.778393 -0.351557 -0.520108
vn -0.926377 0.328438 -0.184269
vn -0.864906 -0.351555 -0.358257
vn -0.944525 0.328438 -1.50754e-06
vn -0.918179 -0.351554 -0.182638
vn -0.926376 0.32844 0.184267
vn -0.936167 -0.351556 -1.34242e-06
vn -0.872628 0.328439 0.361453
vn -0.918178 -0.351557 0.182637
vn -0.785345 0.328437 0.524749
vn -0.864906 -0.351557 0.358255
vn -0.667881 0.328438 0.66788
vn -0.778394 -0.351556 0.520107
vn -0.52475 0.328437 0.785345
vn -0.661971 -0.351553 0.661971
vn -0.361455 0.328436 0.872628
vn -0.184268 0.328439 0.926376
vn -0.0926277 0.32703 0.940463
vn -0.0624823 0.770484 0.63439
vn -0.00896812 0.771088 0.636666
vn -0.0129185 0.327528 0.944753
vn 0.184267 0.328434 0.926378
vn -0.185529 0.3091 0.932757
vn 0.0193787 0.308285 0.951097
vn -0.182637 -0.351554 0.91818
vn -0.0918145 -0.350068 0.932214
vn 0.361454 0.328438 0.872628
vn -0.0128024 -0.350542 0.936459
vn 0.182636 -0.351553 0.91818
vn 0.52475 0.32844 0.785343
vn 0.358254 -0.351555 0.864906
vn 0.66788 0.328439 0.66788
vn 0.520106 -0.351555 0.778395
vn 0.785344 0.328438 0.52475
vn 0.661969 -0.351556 0.66197
vn 0.872629 0.328436 0.361454
vn 0.778394 -0.351556 0.520107
vn 0.926378 0.328435 0.184268
vn 0.864906 -0.351554 0.358256
vn 0.944526 0.328436 6.51877e-08
vn 0.918179 -0.351554 0.182637
vn 0.926377 0.328436 -0.184268
vn 0.936167 -0.351555 1.2752e-07
vn 0.872628 0.328436 -0.361455
vn 0.918179 -0.351556 -0.182637
vn 0.785345 0.328436 -0.524751
vn 0.864906 -0.351554 -0.358256
vn 0.667881 0.328437 -0.66788
vn 0.778395 -0.351553 -0.520108
vn 0.524751 0.328435 -0.785345
vn 0.661969 -0.351554 -0.661972
vn 0.361455 0.328437 -0.872628
vn 0.184267 0.328438 -0.926377
vn -0.0115369 0.325131 -0.945599
vn -0.00139746 0.770321 -0.637655
vn -0.092627 0.32702 -0.940467
vn 0.539584 0.601471 -0.589137
vn 0.185223 0.793822 -0.579257
vn 0.343706 0.357795 -0.868245
vn 0.718981 0.184462 -0.670105
vn -0.0170015 -0.119036 -0.992744
vn -0.668493 -0.325927 0.668497
vn -0.786063 -0.325937 0.525233
vn -0.786065 -0.325926 -0.525237
vn -0.668495 -0.325913 -0.668502
vn 0.927283 -0.325769 -0.184449
vn 0.94545 -0.325769 -8.01813e-07
vn 0.361803 -0.325834 0.873459
vn -0.873426 -0.325943 0.361785
vn 0.361805 -0.325813 -0.873466
vn -0.525235 -0.325898 -0.786078
vn 0.927282 -0.325773 0.184447
vn -0.927224 -0.325944 0.184436
vn 0.525261 -0.325799 -0.786102
vn -0.361788 -0.325882 -0.873447
vn 0.873478 -0.32578 0.361805
vn -0.945389 -0.325944 -1.64688e-06
vn 0.668531 -0.325787 -0.668527
vn 0.786108 -0.32579 0.525257
vn -0.361787 -0.325903 0.87344
vn -0.927224 -0.325942 -0.184439
vn 0.786111 -0.325777 -0.52526
vn 0.668528 -0.325802 0.668523
vn -0.525233 -0.325915 0.786072
vn -0.873427 -0.325935 -0.361789
vn 0.873481 -0.325771 -0.361807
vn 0.525258 -0.325817 0.786097
vn -0.0201376 -0.917128 -0.398084
vn -0.672462 0.30916 0.672469
vn -0.69422 0.190013 0.694229
vn -0.545445 0.18997 0.816334
vn -0.528351 0.309142 0.790744
vn 0.375748 0.189662 0.907106
vn 0.363961 0.309018 0.878658
vn 0.363965 0.308987 -0.878668
vn 0.375754 0.189582 -0.90712
vn 0.191096 0.179809 -0.964962
vn 0.185555 0.309027 -0.932776
vn -0.79073 0.309174 0.528353
vn -0.816313 0.190048 0.545449
vn 0.528394 0.308964 -0.790785
vn 0.545509 0.189529 -0.816394
vn -0.878611 0.309183 0.363935
vn -0.907035 0.190073 0.375711
vn -0.363933 0.309123 0.878633
vn -0.375708 0.189917 0.907069
vn 0.672519 0.308946 -0.672511
vn 0.694302 0.189483 -0.694291
vn -0.932728 0.309188 0.185532
vn -0.962903 0.190086 0.191534
vn 0.7908 0.308933 -0.52839
vn 0.816416 0.189449 -0.545504
vn -0.951001 0.309187 -9.38388e-07
vn -0.981768 0.190083 -1.56412e-06
vn 0.878691 0.308923 -0.363962
vn 0.907155 0.189426 -0.37575
vn -0.932729 0.309181 -0.185535
vn -0.962906 0.190067 -0.191538
vn 0.932814 0.308918 -0.185547
vn 0.96303 0.189416 -0.191557
vn -0.878614 0.30917 -0.36394
vn -0.90704 0.190041 -0.375716
vn 0.951089 0.308918 -2.37283e-07
vn 0.981896 0.189419 -6.57224e-07
vn -0.790734 0.309155 -0.528359
vn -0.816318 0.190003 -0.545457
vn 0.932812 0.308924 0.185546
vn 0.963027 0.189434 0.191555
vn -0.672466 0.309136 -0.672476
vn -0.694225 0.189954 -0.69424
vn 0.878687 0.308936 0.363961
vn 0.907149 0.189458 0.375747
vn -0.528354 0.309115 -0.790753
vn -0.545451 0.189897 -0.816347
vn 0.790795 0.308951 0.528387
vn 0.816409 0.189496 0.545498
vn -0.363936 0.309091 -0.878643
vn -0.375713 0.189837 -0.907084
vn 0.672513 0.308969 0.672506
vn 0.694295 0.189545 0.694282
vn -0.18553 0.309064 -0.932769
vn -0.191531 0.18977 -0.962966
vn 0.0140466 0.308271 -0.951195
vn 0.0144873 0.187118 -0.982231
vn 0.528389 0.308992 0.790777
vn 0.545502 0.1896 0.816382
vn 0.095012 0.170903 -0.980696
vn 0.0932719 0.307709 -0.946898
vn -0.0288114 -0.915301 -0.40174
vn 0.00094877 -0.998831 -0.0483287
vn 0.00281882 -0.999185 -0.0402684
vn -0.0107771 -0.99877 0.0483943
vn 0.0869477 0.00916112 0.996171
vn 0.18939 0.0398199 0.981094
vn -0.381753 0.0706942 0.921557
vn -0.554198 0.0707824 0.82937
vn -0.705346 0.0708504 0.705314
vn -0.829386 0.0709078 0.554158
vn -0.921554 0.0709497 0.381712
vn -0.978313 0.070969 0.194596
vn -0.997479 0.0709644 4.2347e-06
vn -0.978316 0.0709387 -0.194588
vn -0.921561 0.070897 -0.381705
vn -0.829393 0.0708362 -0.554156
vn -0.705353 0.0707548 -0.705316
vn -0.554207 0.0706632 -0.829374
vn -0.38176 0.0705661 -0.921564
vn -0.194637 0.0704572 -0.978342
vn 0.0122646 0.0664469 -0.997715
vn 0.381714 0.0701567 -0.921614
vn 0.193207 0.0504472 -0.97986
vn 0.554184 0.0700708 -0.829439
vn 0.705358 0.0699982 -0.705387
vn 0.829426 0.0699419 -0.554221
vn 0.921617 0.0699067 -0.381753
vn 0.978387 0.0698917 -0.194614
vn 0.997554 0.0698972 5.32601e-06
vn 0.978383 0.0699204 0.194624
vn 0.921609 0.0699577 0.381762
vn 0.829416 0.0700181 0.554226
vn 0.705348 0.0700986 0.705387
vn 0.554174 0.0701878 0.829436
vn 0.381705 0.0702848 0.921608
vn 0.0948635 0.0305114 -0.995023
vn 0.00247396 -0.999037 0.0438121
vn 0.346389 -0.0576022 -0.936321
vn 0.70544 -0.461638 -0.537815
vn 0.306505 -0.502493 -0.808428
vn 0.146085 -0.51862 0.842432
vn 0.373432 -0.585715 0.719366
vn 0.190812 -0.0587074 0.97987
vn 0.173463 -0.0576802 0.98315
vn 0.290191 0.3889 -0.874383
vn 0.567157 0.558326 -0.60548
vn 0.688581 -0.512013 -0.513516
vn 0.304332 -0.531284 -0.790645
vn 0.144374 -0.544587 0.826185
vn 0.360796 -0.621909 0.695022
vn 0.409149 0.459761 0.788173
vn 0.151634 0.391079 0.90778
vn 0.144145 -0.547144 0.824534
vn 0.359442 -0.625591 0.692414
vn 0.397203 0.506719 0.765157
vn 0.15016 0.425615 0.892359
vn 0.105652 -0.81565 0.568817
vn 0.174128 -0.373985 0.910942
vn 0.388494 -0.345058 -0.854405
vn 0.293514 -0.789736 -0.538671
vn 0.750786 -0.219562 -0.622988
vn 0.665995 -0.568438 -0.483041
vn 0.175718 0.345541 0.921805
vn 0.113064 0.786747 0.606832
vn 0.534195 0.609417 -0.585873
vn 0.181336 0.799963 -0.571993
vn 0.342644 0.364465 -0.865887
vn 0.718213 0.187669 -0.670037
vn 0.443499 0.270968 0.854333
vn 0.328269 0.70168 0.632365
vn 0.313231 -0.733355 0.603388
vn 0.440709 -0.291642 0.848953
vn 0.104376 -0.820365 0.562234
vn 0.173935 -0.378183 0.909244
vn 0.388846 -0.349062 -0.852616
vn 0.291496 -0.7947 -0.532431
vn 0.750623 -0.221549 -0.622479
vn 0.663642 -0.573764 -0.479973
vn 0.175407 0.351725 0.919523
vn 0.111607 0.792719 0.599283
vn 0.442919 0.275427 0.853208
vn 0.325199 0.708391 0.62644
vn 0.310474 -0.738861 0.598073
vn 0.440322 -0.294391 0.848204
vn 0.468772 0.596373 -0.651608
vn 0.213358 0.423364 -0.880478
vn 0.10726 0.470137 0.876052
vn 0.32273 0.555769 0.766137
vn 0.17963 -0.336954 -0.924227
vn 0.508323 -0.279967 -0.814387
vn 0.312392 -0.886784 -0.340625
vn 0.119012 -0.880019 -0.459786
vn 0.0291275 -0.882723 0.468991
vn 0.0934607 -0.925944 0.365913
vn 0.277009 -0.327803 0.903223
vn 0.0799946 -0.317472 0.944887
vn -0.241951 0.021755 0.970044
vn -0.610032 -0.0173939 0.792186
vn -0.664445 0.101766 0.740376
vn -0.298053 0.150299 0.942642
vn -0.16589 0.176169 -0.970281
vn -0.435541 0.137328 -0.889632
vn -0.421338 0.0129831 -0.906811
vn -0.157207 0.0386338 -0.98681
vn 0.205439 -0.977498 0.0478864
vn 0.105805 -0.993217 0.0482116
vn 0.00199893 -0.999059 -0.0433369
vn -0.00199709 -0.999224 -0.0393461
vn -0.702636 0.208867 0.680204
vn -0.307049 0.287305 0.907291
vn -0.157741 0.3026 -0.939974
vn -0.443181 0.273494 -0.853693
vn -0.174903 0.443236 -0.879176
vn -0.34307 0.443182 -0.828187
vn -0.134723 0.935978 0.325262
vn -0.195591 0.935977 0.29273
vn 0.0446802 0.996761 -0.0668718
vn 0.0307715 0.996762 -0.0742933
vn -0.248942 0.935977 0.248947
vn 0.0568776 0.99676 -0.0568774
vn -0.292724 0.935978 0.195595
vn 0.0668894 0.996759 -0.0446936
vn -0.325259 0.935978 0.134728
vn 0.0743244 0.996759 -0.0307875
vn -0.345294 0.935978 0.0686837
vn 0.0789055 0.996759 -0.0156956
vn -0.352058 0.935978 -7.70122e-07
vn 0.0804531 0.996758 1.06971e-07
vn -0.345294 0.935978 -0.0686851
vn 0.0789016 0.996759 0.0156952
vn -0.325261 0.935977 -0.134729
vn 0.0743154 0.99676 0.0307845
vn -0.292727 0.935977 -0.195597
vn 0.0668731 0.99676 0.0446869
vn -0.248944 0.935976 -0.248948
vn 0.0568628 0.996761 0.0568671
vn -0.195592 0.935977 -0.292731
vn 0.04467 0.996762 0.0668573
vn -0.134723 0.935977 -0.325264
vn 0.0307629 0.996763 0.0742753
vn -0.0686947 0.936044 -0.345113
vn 0.0157104 0.996732 0.079233
vn -0.0292423 -0.0138795 -0.999476
vn 0.195108 -0.00886857 -0.980742
vn 0.191818 -0.181316 -0.964536
vn -0.037149 -0.185373 -0.981966
vn -0.180312 0.382839 -0.906047
vn 0.0116582 0.382985 -0.923681
vn 0.00495717 0.935072 -0.354423
vn 0.0664095 0.937523 -0.341526
vn 0.134733 0.935976 -0.325263
vn -0.030744 0.996768 0.0742194
vn -0.0151914 0.996524 0.0819144
vn 0.195601 0.935975 -0.29273
vn -0.0446254 0.996769 0.0667838
vn 0.248951 0.935975 -0.248946
vn -0.0567909 0.99677 0.0567883
vn 0.292732 0.935976 -0.195594
vn -0.0667737 0.99677 0.0446152
vn 0.325266 0.935976 -0.134728
vn -0.0741886 0.996771 0.0307289
vn 0.345301 0.935975 -0.0686845
vn -0.078754 0.996771 0.0156644
vn 0.352066 0.935975 -3.42516e-07
vn -0.0802954 0.996771 6.99786e-08
vn 0.345303 0.935975 0.0686833
vn -0.0787545 0.996771 -0.0156649
vn 0.325267 0.935975 0.134727
vn -0.0741929 0.99677 -0.030731
vn 0.292733 0.935976 0.195594
vn -0.0667823 0.996769 -0.0446204
vn 0.24895 0.935976 0.248946
vn -0.0568024 0.996768 -0.056798
vn 0.1956 0.935976 0.292729
vn -0.0446346 0.996768 -0.0667969
vn 0.134733 0.935976 0.325262
vn -0.0307503 0.996767 -0.0742358
vn 0.0663727 0.937958 0.340338
vn -0.0143045 0.996175 -0.0861979
vn -0.187403 -0.17448 -0.966663
vn -0.0869379 -0.176957 -0.980371
vn -0.0846583 -0.350897 -0.93258
vn -0.179015 -0.352259 -0.918623
vn -0.175221 -0.440608 0.880433
vn -0.000316949 -0.444353 0.895852
vn -0.00727266 -0.851464 0.524363
vn -0.102121 -0.852478 0.512691
vn 0.0833209 0.388436 -0.917701
vn 0.176723 0.383684 -0.906397
vn 0.0279227 0.947471 -0.31862
vn 0.163709 0.57876 0.798897
vn 0.198259 0.11828 0.972987
vn 0.106944 0.118041 0.987233
vn 0.0886473 0.585168 0.806052
vn 0.311504 0.580863 0.752039
vn 0.343567 -0.440432 0.829446
vn 0.180174 -0.441586 0.878942
vn 0.164695 0.579863 0.797894
vn 0.452234 0.580863 0.676818
vn 0.498782 -0.440432 0.746483
vn 0.575586 0.580861 0.575588
vn 0.63483 -0.440432 0.634831
vn 0.676817 0.580862 0.452237
vn 0.746481 -0.440431 0.498785
vn 0.752039 0.580863 0.311505
vn 0.829446 -0.44043 0.343569
vn 0.798361 0.580862 0.158804
vn 0.880535 -0.440433 0.175151
vn 0.814002 0.580863 9.1034e-07
vn 0.897785 -0.440434 1.22096e-06
vn 0.798361 0.580862 -0.158803
vn 0.880535 -0.440433 -0.175149
vn 0.75204 0.580863 -0.311504
vn 0.829446 -0.440431 -0.343568
vn 0.676818 0.580862 -0.452235
vn 0.746483 -0.440431 -0.498783
vn 0.575587 0.580861 -0.575586
vn 0.634831 -0.440432 -0.63483
vn 0.452236 0.580862 -0.676818
vn 0.498784 -0.440431 -0.746482
vn 0.311505 0.580863 -0.752039
vn 0.343569 -0.440431 -0.829446
vn 0.16052 0.581004 -0.797915
vn 0.177035 -0.440778 -0.879985
vn 0.009614 -0.442664 -0.896636
vn -0.175232 -0.440476 -0.880497
vn -0.102194 -0.851897 -0.513641
vn 0.00300798 -0.852599 -0.522557
vn 0.0828407 0.584439 -0.807198
vn 0.0912933 -0.447054 -0.889836
vn -0.311505 0.580863 -0.752039
vn -0.343568 -0.440431 -0.829446
vn -0.158878 0.580888 -0.798328
vn -0.452236 0.580862 -0.676818
vn -0.498783 -0.440431 -0.746482
vn -0.575587 0.580861 -0.575587
vn -0.634831 -0.440432 -0.634831
vn -0.676818 0.580862 -0.452236
vn -0.746482 -0.440431 -0.498783
vn -0.752039 0.580863 -0.311505
vn -0.829446 -0.440431 -0.343568
vn -0.798361 0.580862 -0.158803
vn -0.880535 -0.440434 -0.17515
vn -0.814002 0.580862 1.28985e-07
vn -0.897785 -0.440434 3.54303e-07
vn -0.798361 0.580862 0.158803
vn -0.880535 -0.440433 0.17515
vn -0.752039 0.580863 0.311505
vn -0.829447 -0.440431 0.343568
vn -0.676818 0.580862 0.452235
vn -0.746482 -0.440431 0.498784
vn -0.575587 0.580861 0.575586
vn -0.634831 -0.440432 0.634831
vn -0.452236 0.580862 0.676818
vn -0.498784 -0.44043 0.746482
vn -0.311505 0.580863 0.752039
vn -0.343568 -0.440431 0.829447
vn -0.158941 0.580814 0.798369
vn 0.0529313 0.876838 0.477864
vn 0.0942818 0.881559 0.462562
vn -0.159055 0.579589 0.799236
vn -0.193794 0.118068 0.973912
vn -0.380006 0.118064 0.917418
vn -0.311848 0.579602 0.75287
vn -0.0687326 0.936047 0.345098
vn 0.0157058 0.996724 -0.0793357
vn 0.311847 0.579603 0.752869
vn 0.380005 0.118063 0.917419
vn 0.452733 0.579604 0.677564
vn 0.551683 0.118063 0.825655
vn 0.57622 0.579603 0.576221
vn 0.702161 0.118063 0.702162
vn 0.677563 0.579603 0.452735
vn 0.825653 0.118063 0.551686
vn 0.752869 0.579602 0.311849
vn 0.917418 0.118063 0.380008
vn 0.799242 0.579601 0.158979
vn 0.973926 0.118063 0.193726
vn 0.814901 0.579601 7.63068e-07
vn 0.993006 0.118063 9.64806e-07
vn 0.799242 0.579601 -0.158978
vn 0.973926 0.118063 -0.193725
vn 0.75287 0.579602 -0.311848
vn 0.917418 0.118063 -0.380006
vn 0.677564 0.579603 -0.452733
vn 0.825655 0.118063 -0.551684
vn 0.576221 0.579603 -0.576221
vn 0.702161 0.118063 -0.702161
vn 0.452735 0.579602 -0.677564
vn 0.551686 0.118063 -0.825654
vn 0.311849 0.579601 -0.75287
vn 0.380007 0.118063 -0.917418
vn 0.159951 0.579925 -0.798813
vn 0.194784 0.118184 -0.9737
vn 0.0966395 -0.457924 0.883723
vn 0.103726 -0.853909 0.50998
vn 0.0546352 -0.854806 0.516063
vn 0.0814847 0.583103 -0.808301
vn 0.0997885 0.117771 -0.988014
vn -0.311848 0.579602 -0.752869
vn -0.380007 0.118063 -0.917418
vn -0.193741 0.118073 -0.973922
vn -0.158997 0.579637 -0.799212
vn -0.452734 0.579603 -0.677563
vn -0.551685 0.118063 -0.825654
vn -0.576221 0.579602 -0.576221
vn -0.702161 0.118063 -0.702162
vn -0.677565 0.579602 -0.452734
vn -0.825654 0.118063 -0.551685
vn -0.752872 0.579598 -0.311849
vn -0.917418 0.118063 -0.380007
vn -0.799246 0.579596 -0.15898
vn -0.973926 0.118063 -0.193726
vn -0.814905 0.579595 2.09759e-07
vn -0.993006 0.118063 2.36237e-07
vn -0.799246 0.579596 0.158979
vn -0.973926 0.118063 0.193725
vn -0.752871 0.5796 0.311848
vn -0.917418 0.118063 0.380007
vn -0.677563 0.579603 0.452734
vn -0.825654 0.118063 0.551685
vn -0.576221 0.579603 0.57622
vn -0.702162 0.118063 0.702161
vn -0.452734 0.579603 0.677563
vn -0.551685 0.118063 0.825654
vn 0.0137911 0.118056 -0.992911
vn 0.00825803 0.581902 -0.813217
vn -0.090772 0.884954 0.456745
vn 0.00411566 0.889278 0.45735
vn 0.0095636 0.579224 0.815112
vn 0.0912454 0.885753 -0.455099
vn 0.0468512 0.885244 -0.462762
vn 0.177888 0.885392 0.429462
vn 0.0855474 -0.490946 0.86698
vn 0.171983 -0.475699 0.862631
vn 0.0999751 -0.864922 0.491848
vn 0.0526175 -0.865532 0.498083
vn 0.258253 0.885392 0.386505
vn 0.200434 -0.851866 0.483891
vn 0.328694 0.885393 0.328694
vn 0.290983 -0.851868 0.435488
vn 0.386506 0.885392 0.258254
vn 0.370353 -0.851867 0.370353
vn 0.429465 0.88539 0.17789
vn 0.435489 -0.851867 0.290984
vn 0.455914 0.885392 0.0906871
vn 0.483891 -0.851866 0.200435
vn 0.464841 0.885394 3.86313e-07
vn 0.513698 -0.851865 0.102181
vn 0.455912 0.885393 -0.0906862
vn 0.523762 -0.851865 7.36932e-07
vn 0.429462 0.885391 -0.177888
vn 0.513699 -0.851864 -0.10218
vn 0.386504 0.885393 -0.258252
vn 0.483891 -0.851866 -0.200434
vn 0.328694 0.885393 -0.328694
vn 0.435488 -0.851868 -0.290982
vn 0.258255 0.88539 -0.386508
vn 0.370352 -0.851868 -0.370351
vn 0.177891 0.885388 -0.429468
vn 0.290984 -0.851868 -0.435487
vn 0.200435 -0.851866 -0.48389
vn 0.00315989 0.885486 -0.464655
vn -0.090697 0.885438 -0.455822
vn 0.102837 -0.852 -0.513342
vn 0.05285 -0.850977 -0.522538
vn 0.00872537 0.583316 -0.812199
vn -0.177889 0.88539 -0.429464
vn 0.176407 0.381454 0.907399
vn 0.0826601 0.386076 0.918756
vn -0.258253 0.885392 -0.386506
vn -0.200436 -0.851864 -0.483893
vn -0.328692 0.885394 -0.328693
vn -0.290983 -0.851868 -0.435488
vn -0.3865 0.885395 -0.25825
vn -0.370351 -0.851869 -0.370351
vn -0.42945 0.885398 -0.177884
vn -0.435487 -0.851869 -0.290982
vn -0.455896 0.885401 -0.0906832
vn -0.483889 -0.851867 -0.200434
vn -0.464826 0.885402 1.67915e-07
vn -0.513697 -0.851866 -0.10218
vn -0.455901 0.885399 0.0906837
vn -0.523761 -0.851865 3.15619e-07
vn -0.429459 0.885393 0.177888
vn -0.513698 -0.851864 0.102181
vn -0.386506 0.885392 0.258254
vn -0.483891 -0.851866 0.200434
vn -0.328694 0.885393 0.328693
vn -0.435488 -0.851868 0.290983
vn -0.258254 0.885392 0.386505
vn -0.370351 -0.851868 0.370351
vn -0.17789 0.88539 0.429464
vn -0.290982 -0.851869 0.435487
vn -0.200434 -0.851866 0.483891
vn 0.0909588 0.584742 0.806104
vn -0.0873493 0.893945 0.439583
vn 0.00412846 0.898281 0.439402
vn 0.00974052 0.580726 0.814041
vn 0.0877976 0.894656 -0.438044
vn 0.0450973 0.894019 -0.445753
vn 0.0907732 0.89047 0.445896
vn 0.171171 0.894387 0.413245
vn 0.248502 0.894387 0.371912
vn 0.337228 -0.472698 0.814146
vn 0.193277 -0.863085 0.466614
vn 0.316285 0.894386 0.316287
vn 0.489581 -0.472695 0.732714
vn 0.280594 -0.863085 0.419941
vn 0.371913 0.894385 0.248506
vn 0.62312 -0.472693 0.623123
vn 0.357132 -0.863084 0.357131
vn 0.413247 0.894386 0.171173
vn 0.732713 -0.472691 0.489586
vn 0.419944 -0.863083 0.280598
vn 0.438698 0.894387 0.0872638
vn 0.814149 -0.472689 0.337233
vn 0.466613 -0.863085 0.193279
vn 0.447292 0.894388 5.22339e-07
vn 0.864297 -0.472688 0.171921
vn 0.495353 -0.863085 0.0985327
vn 0.438696 0.894389 -0.0872617
vn 0.881229 -0.47269 1.46292e-06
vn 0.505058 -0.863086 1.05554e-06
vn 0.413245 0.894387 -0.171172
vn 0.864297 -0.472689 -0.171919
vn 0.495351 -0.863087 -0.0985301
vn 0.371912 0.894386 -0.248505
vn 0.81415 -0.472689 -0.337231
vn 0.466612 -0.863086 -0.193277
vn 0.316287 0.894385 -0.316288
vn 0.732715 -0.47269 -0.489585
vn 0.419944 -0.863083 -0.280596
vn 0.248507 0.894384 -0.371916
vn 0.623122 -0.472691 -0.623123
vn 0.357134 -0.863083 -0.357132
vn 0.171174 0.894385 -0.413249
vn 0.489584 -0.472692 -0.732714
vn 0.280597 -0.863084 -0.419942
vn 0.33723 -0.472696 -0.814147
vn 0.193278 -0.863085 -0.466614
vn 0.00302324 0.894559 -0.446941
vn -0.0872713 0.894427 -0.438616
vn 0.171031 -0.474082 -0.86371
vn 0.0991573 -0.863137 -0.495138
vn 0.0842538 -0.480759 -0.872795
vn -0.171984 -0.47275 -0.864251
vn 0.00870803 -0.47473 -0.880089
vn -0.171172 0.894387 -0.413246
vn -0.0065447 -0.866525 0.499091
vn -0.0985877 -0.863739 0.494201
vn -0.248504 0.894386 -0.371913
vn -0.337229 -0.472706 -0.814141
vn -0.193278 -0.863086 -0.466612
vn -0.0985426 -0.863114 -0.495301
vn -0.316285 0.894386 -0.316286
vn -0.489581 -0.472707 -0.732706
vn -0.280595 -0.863084 -0.419942
vn -0.371913 0.894386 -0.248506
vn -0.623116 -0.472709 -0.623115
vn -0.357132 -0.863084 -0.357132
vn -0.413247 0.894386 -0.171174
vn -0.732706 -0.472711 -0.489578
vn -0.419944 -0.863083 -0.280597
vn -0.438701 0.894386 -0.0872628
vn -0.814138 -0.472714 -0.337226
vn -0.466614 -0.863085 -0.193278
vn -0.447296 0.894386 -1.30288e-07
vn -0.864283 -0.472716 -0.171916
vn -0.495355 -0.863084 -0.0985312
vn -0.438699 0.894387 0.0872624
vn -0.881214 -0.472718 4.34879e-07
vn -0.505061 -0.863084 1.53668e-07
vn -0.413247 0.894386 0.171173
vn -0.864282 -0.472717 0.171917
vn -0.495354 -0.863085 0.0985313
vn -0.371915 0.894384 0.248507
vn -0.814137 -0.472715 0.337226
vn -0.466614 -0.863085 0.193278
vn -0.316288 0.894384 0.316289
vn -0.732704 -0.472714 0.489578
vn -0.419943 -0.863083 0.280597
vn -0.248506 0.894385 0.371914
vn -0.623115 -0.472713 0.623114
vn -0.357134 -0.863082 0.357134
vn -0.171172 0.894388 0.413245
vn -0.489579 -0.47271 0.732705
vn -0.280599 -0.863082 0.419945
vn -0.337229 -0.472708 0.81414
vn -0.193279 -0.863085 0.466614
vn 0.0144387 0.380672 0.924597
vn 0.000196062 -0.476592 0.879125
vn -0.171975 -0.472857 0.864194
vn -0.180368 0.382807 0.90605
vn -0.0984656 -0.863696 0.494301
vn -2.56641e-06 1 -1.31516e-06
vn 0.0909859 0.886519 -0.453658
vn 0.0471483 0.885477 -0.462285
vn -0.0903016 0.885886 0.45503
vn 0.00256287 0.89592 0.444209
vn 0.0939158 0.879359 0.466805
vn 0.176923 0.88671 0.427134
vn 0.193418 -0.862868 0.466957
vn 0.100804 -0.863518 0.494141
vn 0.256853 0.886711 0.384408
vn 0.280797 -0.862872 0.420244
vn 0.32691 0.886713 0.32691
vn 0.35739 -0.86287 0.35739
vn 0.384409 0.886711 0.256854
vn 0.420245 -0.862871 0.280799
vn 0.427137 0.886708 0.176926
vn 0.466955 -0.862869 0.193418
vn 0.453437 0.886713 0.0901966
vn 0.495723 -0.862864 0.0986079
vn 0.462312 0.886717 3.98406e-07
vn 0.505437 -0.862864 6.90231e-07
vn 0.453435 0.886714 -0.0901955
vn 0.495725 -0.862863 -0.0986065
vn 0.427132 0.886711 -0.176923
vn 0.466956 -0.862869 -0.193417
vn 0.384406 0.886712 -0.256852
vn 0.420243 -0.862873 -0.280797
vn 0.326909 0.886713 -0.32691
vn 0.357387 -0.862873 -0.357387
vn 0.256856 0.886709 -0.384412
vn 0.280798 -0.862872 -0.420242
vn 0.176927 0.886706 -0.427141
vn 0.193419 -0.862868 -0.466956
vn 0.0994853 -0.862121 -0.49684
vn 0.00341436 0.888942 -0.458007
vn -0.0902253 0.886729 -0.4534
vn -0.00637041 -0.881534 0.472077
vn -0.0932042 -0.879278 0.467101
vn -0.00728946 -0.862562 0.505898
vn -0.0986423 -0.862837 -0.495764
vn 0.00266206 -0.866662 -0.498888
vn 0.0515679 -0.86037 -0.507054
vn -0.176925 0.886709 -0.427136
vn -0.193421 -0.862865 -0.466961
vn -0.256853 0.886711 -0.384409
vn -0.280798 -0.862872 -0.420244
vn -0.326906 0.886715 -0.326908
vn -0.357385 -0.862874 -0.357385
vn -0.384395 0.886719 -0.256846
vn -0.42024 -0.862874 -0.280795
vn -0.427102 0.886728 -0.176912
vn -0.466953 -0.86287 -0.193417
vn -0.453393 0.886736 -0.0901873
vn -0.495721 -0.862866 -0.098607
vn -0.462272 0.886738 1.69694e-07
vn -0.505435 -0.862864 2.76109e-07
vn -0.453404 0.88673 0.0901897
vn -0.495723 -0.862864 0.098607
vn -0.427122 0.886717 0.176921
vn -0.466955 -0.862869 0.193417
vn -0.384409 0.886711 0.256854
vn -0.420243 -0.862873 0.280796
vn -0.326911 0.886713 0.326909
vn -0.357387 -0.862873 0.357386
vn -0.256854 0.886711 0.384408
vn -0.280796 -0.862875 0.42024
vn -0.176925 0.886709 0.427135
vn -0.193417 -0.862868 0.466956
vn 0.0531215 0.871021 0.488366
vn 0.0543377 -0.863315 0.501732
vn 0.0857031 0.899956 -0.427474
vn 0.0444658 0.898864 -0.435967
vn -0.0850387 0.899457 0.428655
vn 0.00254423 0.909237 0.416272
vn 0.0886289 0.892882 0.441482
vn 0.166588 0.900277 0.402181
vn 0.182886 -0.878412 0.441526
vn 0.0953563 -0.878788 0.467588
vn 0.24185 0.900276 0.361955
vn 0.26551 -0.878413 0.397361
vn 0.307816 0.900276 0.307819
vn 0.337932 -0.87841 0.337931
vn 0.361958 0.900274 0.241853
vn 0.397368 -0.878408 0.265514
vn 0.402183 0.900276 0.16659
vn 0.441526 -0.878412 0.182887
vn 0.426951 0.900278 0.0849252
vn 0.468721 -0.878412 0.0932347
vn 0.435313 0.900279 6.65753e-07
vn 0.477906 -0.878411 1.02988e-06
vn 0.426946 0.90028 -0.0849247
vn 0.468718 -0.878414 -0.0932341
vn 0.402179 0.900278 -0.166588
vn 0.441525 -0.878413 -0.182885
vn 0.361954 0.900276 -0.241851
vn 0.397369 -0.878408 -0.265511
vn 0.307819 0.900274 -0.307822
vn 0.337936 -0.878408 -0.337932
vn 0.241855 0.900272 -0.361961
vn 0.265511 -0.87841 -0.397365
vn 0.166591 0.900275 -0.402186
vn 0.182887 -0.878411 -0.441528
vn 0.0941024 -0.877561 -0.470139
vn 0.00327146 0.902469 -0.430742
vn -0.0849539 0.900286 -0.426929
vn 0.182543 -0.35203 -0.918016
vn -0.0428763 -0.351421 -0.935235
vn -0.0932687 -0.878381 -0.468773
vn 0.00250507 -0.882156 -0.470951
vn 0.00285731 -0.863917 -0.503627
vn 0.0488341 -0.875792 -0.480212
vn 0.0509651 -0.862029 -0.504291
vn -0.166588 0.900277 -0.40218
vn -0.182886 -0.878412 -0.441525
vn -0.24185 0.900276 -0.361956
vn -0.265509 -0.878411 -0.397365
vn -0.307815 0.900277 -0.307817
vn -0.337931 -0.87841 -0.337933
vn -0.361955 0.900275 -0.241853
vn -0.397368 -0.878409 -0.265512
vn -0.402184 0.900275 -0.166592
vn -0.441528 -0.878411 -0.182887
vn -0.426956 0.900276 -0.0849264
vn -0.468727 -0.878409 -0.0932361
vn -0.435321 0.900275 -2.22131e-07
vn -0.477914 -0.878406 -5.10201e-09
vn -0.426952 0.900277 0.0849257
vn -0.468726 -0.87841 0.0932359
vn -0.402183 0.900276 0.166591
vn -0.441527 -0.878411 0.182887
vn -0.36196 0.900273 0.241855
vn -0.397367 -0.878409 0.265512
vn -0.307821 0.900273 0.307823
vn -0.337938 -0.878406 0.337936
vn -0.241852 0.900274 0.361958
vn -0.265517 -0.878406 0.397371
vn -0.166588 0.900279 0.402178
vn -0.182888 -0.878411 0.441527
vn 0.0510286 0.885765 0.461321
vn 0.0504145 0.884532 0.463747
vn 0.0514672 -0.878383 0.475179
vn 0.65322 0.382891 -0.653222
vn 0.768104 0.382897 -0.513231
vn 0.768105 0.382889 0.513235
vn 0.653221 0.382881 0.653226
vn -0.90608 0.382799 0.180231
vn -0.923832 0.382799 4.80229e-07
vn -0.353532 0.382838 -0.853493
vn 0.85347 0.382901 -0.353519
vn -0.353534 0.382825 0.853498
vn 0.513233 0.382874 0.768114
vn -0.90608 0.382802 -0.18023
vn 0.906038 0.382903 -0.180222
vn -0.513252 0.382816 0.768131
vn 0.353521 0.382865 0.853485
vn -0.853507 0.382806 -0.353533
vn 0.923789 0.382903 1.47273e-06
vn -0.653247 0.382808 0.653243
vn -0.768135 0.382811 -0.513249
vn 0.353521 0.382877 -0.85348
vn 0.906039 0.382901 0.180224
vn -0.768137 0.382803 0.513251
vn -0.653244 0.382817 -0.65324
vn 0.513233 0.382885 -0.768109
vn 0.853471 0.382897 0.353522
vn -0.853509 0.382801 0.353535
vn -0.51325 0.382827 -0.768126
vn 0.0143893 0.932897 0.359856
vn 0.54638 -0.181068 -0.817731
vn 0.695408 -0.181111 -0.695418
vn 0.661833 -0.352053 -0.661843
vn 0.520001 -0.35203 -0.778251
vn -0.376388 -0.180761 -0.908657
vn -0.358217 -0.351882 -0.864789
vn -0.190335 -0.179482 0.965173
vn -0.376395 -0.180685 0.908669
vn -0.358225 -0.351837 0.864804
vn -0.181271 -0.352351 0.918145
vn 0.817712 -0.181143 -0.546383
vn 0.77823 -0.352071 -0.520003
vn -0.546438 -0.180634 0.817788
vn -0.520061 -0.351815 0.778308
vn 0.90859 -0.181167 -0.376354
vn 0.864723 -0.352079 -0.358183
vn 0.376353 -0.181015 -0.908621
vn 0.358183 -0.351999 -0.864755
vn -0.695486 -0.180588 0.695476
vn -0.661911 -0.351795 0.661902
vn 0.964553 -0.181183 -0.191862
vn 0.917986 -0.352079 -0.1826
vn -0.817808 -0.180549 0.546435
vn -0.778326 -0.351781 0.520056
vn 0.98345 -0.181182 1.16193e-06
vn 0.935971 -0.352076 1.50689e-06
vn -0.908702 -0.180527 0.376392
vn -0.864834 -0.351767 0.358221
vn 0.964555 -0.181167 0.191866
vn 0.917989 -0.352069 0.182603
vn -0.964673 -0.18052 0.191883
vn -0.918105 -0.351756 0.182621
vn 0.908594 -0.181138 0.376358
vn 0.864729 -0.35206 0.358187
vn -0.983571 -0.180522 3.91419e-07
vn -0.936092 -0.351754 4.67474e-07
vn 0.817718 -0.181098 0.546389
vn 0.778237 -0.352047 0.52001
vn -0.96467 -0.180537 -0.191882
vn -0.918103 -0.351762 -0.18262
vn 0.695415 -0.18105 0.695427
vn 0.661839 -0.352026 0.661851
vn -0.908696 -0.180563 -0.376389
vn -0.86483 -0.351779 -0.358219
vn 0.546386 -0.180994 0.817743
vn 0.520006 -0.351999 0.778261
vn -0.817802 -0.1806 -0.546429
vn -0.778322 -0.351799 -0.520051
vn 0.376357 -0.180932 0.908636
vn 0.358186 -0.351967 0.864767
vn -0.695478 -0.180648 -0.695468
vn -0.661904 -0.351823 -0.661894
vn 0.191813 -0.181033 0.96459
vn 0.182543 -0.351948 0.918047
vn -0.0220823 -0.17837 0.983716
vn -0.0223779 -0.350595 0.93626
vn -0.546431 -0.180703 -0.817777
vn -0.520052 -0.351852 -0.778297
vn -0.0930923 -0.182979 0.978699
vn -0.0891213 -0.351277 0.93202
vn 0.0258068 0.956605 0.290242
vn 0.000462126 0.997719 0.0675026
vn -0.00691752 0.99622 0.0865855
vn 0.011519 0.998268 -0.0576826
vn -0.189404 0.0046032 -0.981889
vn -0.0862236 0.0170586 -0.99613
vn 0.382696 -0.00825993 -0.923837
vn 0.555571 -0.00833633 -0.831427
vn 0.707095 -0.00839974 -0.707068
vn 0.831447 -0.00844528 -0.55554
vn 0.923849 -0.0084867 -0.382662
vn 0.98075 -0.00851783 -0.195082
vn 0.999964 -0.00851977 -4.567e-06
vn 0.980752 -0.00849689 0.195075
vn 0.923852 -0.0084475 0.382655
vn 0.831452 -0.00837824 0.555534
vn 0.7071 -0.00830379 0.707065
vn 0.555576 -0.00821823 0.831425
vn 0.382698 -0.00812561 0.923838
vn 0.195087 -0.00835949 0.98075
vn -0.0195893 -0.00378528 0.999801
vn -0.193241 -0.00501081 0.981139
vn -0.382648 -0.00775774 0.923862
vn -0.555535 -0.00767819 0.831457
vn -0.707073 -0.00760609 0.707099
vn -0.831438 -0.00754176 0.555566
vn -0.923851 -0.00751057 0.382679
vn -0.980757 -0.00750759 0.195086
vn -0.999972 -0.00751392 -5.08186e-06
vn -0.980755 -0.00753646 -0.195096
vn -0.923847 -0.00757213 -0.382687
vn -0.831433 -0.00762591 -0.555572
vn -0.707067 -0.00769857 -0.707105
vn -0.55553 -0.00777915 -0.83146
vn -0.382643 -0.00786708 -0.923863
vn -0.0942078 -0.00220603 0.99555
vn -0.00507033 0.995445 -0.0952045
vn -0.660858 0.527271 0.53409
vn -0.75528 0.0771854 0.650841
vn -0.365994 0.109831 0.924113
vn -0.314575 0.495045 0.809921
vn 0.0105993 0.118126 0.992942
vn -0.674264 0.528575 0.515728
vn -0.518633 -0.586556 0.622071
vn -0.32924 -0.315254 0.890065
vn -0.330154 0.496869 0.802571
vn -0.475252 0.103974 -0.873685
vn -0.351289 0.624267 -0.697773
vn -0.154598 0.504319 -0.849565
vn -0.183057 0.116112 -0.976221
vn -0.407162 -0.491691 -0.769714
vn -0.364952 0.626723 -0.688497
vn -0.165715 0.506 -0.846465
vn -0.170383 -0.370436 -0.913097
vn -0.412575 0.79514 0.444447
vn -0.238364 0.861089 0.44912
vn -0.626334 0.660207 0.414526
vn -0.590072 0.696521 0.408256
vn -0.135243 -0.833021 0.536456
vn -0.374526 -0.750353 0.544703
vn -0.469366 -0.704434 0.532417
vn -0.548055 -0.644818 0.532772
vn -0.0793698 0.879774 -0.46872
vn -0.130584 0.87355 -0.468891
vn -0.237085 0.852317 -0.466205
vn -0.255835 0.844531 -0.470442
vn -0.134996 -0.851735 -0.506284
vn -0.0879857 -0.844892 -0.527651
vn -0.266636 -0.820549 -0.505573
vn -0.255409 -0.818474 -0.514652
vn -0.406009 0.810378 0.422427
vn -0.233233 0.869989 0.43442
vn -0.613175 0.68088 0.400523
vn -0.579699 0.711353 0.397399
vn -0.128811 -0.843561 0.521356
vn -0.366957 -0.767668 0.525383
vn -0.456094 -0.721398 0.521118
vn -0.53392 -0.666862 0.519832
vn -0.076663 0.888196 -0.453025
vn -0.125463 0.888003 -0.44239
vn -0.22842 0.864043 -0.448614
vn -0.244192 0.861128 -0.445903
vn -0.129885 -0.868069 -0.479152
vn -0.0850055 -0.855577 -0.510648
vn -0.254829 -0.839017 -0.480741
vn -0.246369 -0.832379 -0.496436
vn -0.45024 -0.607942 0.653981
vn -0.266707 -0.334341 0.903927
vn -0.344036 -0.521728 -0.780666
vn -0.130246 -0.397673 -0.908236
vn -0.386175 0.904203 0.182446
vn -0.597644 0.331792 0.729887
vn -0.251872 0.370101 0.894195
vn -0.195098 0.864523 0.463181
vn -0.322208 0.389331 -0.862904
vn -0.0993529 0.948078 -0.302121
vn -0.0450015 0.891131 -0.45151
vn -0.112984 0.357128 -0.927197
vn 0.752408 -0.0536286 -0.656511
vn 0.740902 0.158276 -0.652697
vn 0.3151 0.0766241 -0.94596
vn 0.318796 -0.113089 -0.941053
vn 0.458148 0.052204 0.887341
vn 0.457943 -0.124868 0.880168
vn 0.163804 -0.161703 0.97315
vn 0.177931 0.0289846 0.983616
vn -0.281418 0.951988 -0.12051
vn -0.148835 0.98542 -0.0824327
vn 0.00707742 0.998255 0.0586211
vn 0.000287064 0.998408 0.0564099
vn 0.736992 -0.223076 -0.638029
vn 0.298222 -0.327563 -0.89653
vn 0.441831 -0.309664 0.841958
vn 0.148269 -0.34367 0.927312
vn 0.00595758 -0.999879 -0.0143869
vn 0.00595777 -0.999879 -0.0143869
vn 0.00303856 -0.999879 -0.0152861
vn 0.00303839 -0.999879 -0.0152862
vn 0.00865024 -0.999879 -0.0129483
vn 0.00865038 -0.999879 -0.0129482
vn 0.0110122 -0.999879 -0.0110118
vn 0.0110123 -0.999879 -0.0110117
vn 0.0129471 -0.999879 -0.00865139
vn 0.0129472 -0.999879 -0.0086513
vn 0.0143849 -0.999879 -0.00595872
vn 0.0143849 -0.999879 -0.00595867
vn 0.0152745 -0.999879 -0.00303779
vn 0.0152745 -0.999879 -0.00303781
vn 0.0155752 -0.999879 1.7136e-07
vn 0.0155752 -0.999879 1.41905e-07
vn 0.0152744 -0.999879 0.00303838
vn 0.0152744 -0.999879 0.00303835
vn 0.0143873 -0.999879 0.00595984
vn 0.0143873 -0.999879 0.00595974
vn 0.0129469 -0.999879 0.00865219
vn 0.012947 -0.999879 0.00865206
vn 0.0110094 -0.999879 0.0110119
vn 0.0110095 -0.999879 0.0110118
vn 0.00865253 -0.999879 0.0129483
vn 0.00865269 -0.999879 0.0129482
vn 0.00596059 -0.999879 0.0143869
vn 0.0059608 -0.999879 0.0143868
vn 0.00303927 -0.999879 0.0152853
vn 0.00303946 -0.999879 0.0152852
vn -0.00595834 -0.999879 0.0143897
vn -0.00595816 -0.999879 0.0143897
vn -0.00305154 -0.999875 0.015512
vn -0.00305326 -0.999875 0.0155114
vn -0.00865032 -0.999879 0.0129503
vn -0.00865017 -0.999879 0.0129504
vn -0.0110102 -0.999879 0.0110131
vn -0.0110101 -0.999879 0.0110132
vn -0.0129495 -0.999879 0.00865286
vn -0.0129494 -0.999879 0.00865294
vn -0.0143893 -0.999879 0.00596017
vn -0.0143893 -0.999879 0.00596023
vn -0.0152735 -0.999879 0.00303851
vn -0.0152735 -0.999879 0.00303856
vn -0.0155716 -0.999879 1.62348e-07
vn -0.0155716 -0.999879 1.30954e-07
vn -0.0152736 -0.999879 -0.0030382
vn -0.0152735 -0.999879 -0.00303831
vn -0.0143869 -0.999879 -0.00595993
vn -0.0143869 -0.999879 -0.00596004
vn -0.0129497 -0.999879 -0.00865268
vn -0.0129496 -0.999879 -0.0086528
vn -0.011013 -0.999879 -0.0110122
vn -0.0110129 -0.999879 -0.0110123
vn -0.00865181 -0.999879 -0.0129474
vn -0.00865163 -0.999879 -0.0129476
vn -0.00596043 -0.999879 -0.0143857
vn -0.00596023 -0.999879 -0.0143858
vn -0.0030309 -0.999874 -0.015592
vn -0.00302524 -0.999874 -0.0155943
vn 0.0519411 -0.99858 0.0118008
vn 0.0689524 -0.997437 0.019114
vn 0.0696907 -0.997427 0.0168039
vn 0.0758083 -0.996929 0.0196453
vn -0.0139637 -0.999714 -0.0194044
vn -0.0140492 -0.999713 -0.0194253
vn 0.00313112 -0.99988 0.0151633
vn 0.00284537 -0.99988 0.0152171
vn 0.00285459 -0.999881 0.0151591
vn 0.00255595 -0.999881 0.0152118
vn -0.000287379 -0.999875 0.0158161
vn -0.000298311 -0.999875 0.0158174
vn 0.342985 0.443402 -0.828104
vn -0.013613 0.444381 0.895735
vn -0.0172442 -0.0597442 -0.998065
vn -0.0218222 -0.572622 -0.819529
vn 0.174846 0.443331 0.879139
vn 0.497938 0.44345 -0.745258
vn 0.633752 0.443491 -0.633778
vn 0.745208 0.443524 -0.497947
vn 0.828023 0.44355 -0.342988
vn 0.87902 0.443566 -0.174853
vn 0.896241 0.443568 2.44633e-07
vn 0.879022 0.44356 0.174853
vn 0.828026 0.443544 0.34299
vn 0.74521 0.443517 0.49795
vn 0.633756 0.443481 0.633781
vn 0.497943 0.443436 0.745263
vn 0.342989 0.443386 0.828111
vn -0.343074 0.443169 0.828192
vn -0.0806357 -0.568523 0.818706
vn -0.498066 0.443119 0.745369
vn -0.633924 0.443074 0.633897
vn -0.745422 0.443041 0.498057
vn -0.828274 0.443016 0.343072
vn -0.879297 0.442998 0.174897
vn -0.896524 0.442995 -3.24782e-07
vn -0.879294 0.443003 -0.174898
vn -0.828272 0.443021 -0.343072
vn -0.745419 0.443047 -0.498056
vn -0.63392 0.443084 -0.633895
vn -0.498062 0.443129 -0.745366
vn 0.381951 -0.0598577 -0.922242
vn 0.313414 -0.573745 -0.756696
vn 0.194691 -0.0600132 -0.979027
vn 0.159772 -0.573706 -0.803327
vn -0.0881771 0.43668 -0.895285
vn -0.0199781 -0.747633 -0.663811
vn 0.129191 -0.749299 -0.649508
vn 0.253396 -0.74936 -0.61176
vn 0.12741 0.723846 0.678096
vn -0.0101508 0.705063 0.709072
vn 0.358151 0.629076 0.689921
vn 0.118169 -0.767255 0.630361
vn -0.00947274 -0.747331 0.664385
vn 0.315419 -0.73471 -0.600593
vn 0.33977 -0.675398 0.654518
vn 0.690267 -0.507341 -0.515884
vn 0.224964 0.726669 -0.64911
vn -0.00364458 0.704253 -0.70994
vn 0.129194 -0.749284 0.649525
vn -0.137931 0.707235 0.693392
vn -0.270586 0.707153 0.653237
vn 0.367839 -0.749415 -0.550519
vn 0.392573 0.707593 -0.587536
vn 0.499607 0.707658 -0.499612
vn 0.468136 -0.749462 -0.468141
vn 0.587433 0.707712 -0.392513
vn 0.550435 -0.749501 -0.367791
vn 0.652683 0.707753 -0.270353
vn 0.611581 -0.74953 -0.253326
vn 0.692861 0.707777 -0.13782
vn 0.649232 -0.749547 -0.12914
vn 0.70643 0.707783 -1.37406e-07
vn 0.661943 -0.749554 1.07402e-07
vn 0.692867 0.707772 0.137821
vn 0.649234 -0.749545 0.129141
vn 0.652689 0.707746 0.270356
vn 0.611587 -0.749524 0.253329
vn 0.58744 0.707702 0.39252
vn 0.550444 -0.749491 0.367797
vn 0.499618 0.707644 0.499621
vn 0.468149 -0.749448 0.468149
vn 0.392584 0.707577 0.587548
vn 0.367851 -0.7494 0.550532
vn 0.270443 0.707499 0.652922
vn 0.253402 -0.749344 0.611777
vn 0.137883 0.707413 0.693221
vn -0.0648878 -0.749502 0.658815
vn -0.129231 -0.749155 0.649666
vn -0.253518 -0.749094 0.612035
vn -0.0692249 0.707957 0.702855
vn -0.392868 0.707076 0.587961
vn -0.368085 -0.749038 0.550868
vn -0.500072 0.707008 0.500067
vn -0.46852 -0.748989 0.468513
vn -0.588068 0.706953 0.39293
vn -0.550956 -0.748949 0.368134
vn -0.653461 0.706913 0.27067
vn -0.612218 -0.748921 0.253587
vn -0.693734 0.706889 0.13799
vn -0.649946 -0.748904 0.129281
vn -0.70733 0.706883 -5.71774e-07
vn -0.662683 -0.7489 -4.28605e-07
vn -0.693728 0.706894 -0.137991
vn -0.649943 -0.748907 -0.129281
vn -0.653454 0.706921 -0.270668
vn -0.612213 -0.748926 -0.253585
vn -0.58806 0.706963 -0.392923
vn -0.550948 -0.748958 -0.368129
vn -0.500064 0.707021 -0.500057
vn -0.46851 -0.748999 -0.468507
vn -0.392859 0.707092 -0.587948
vn -0.368074 -0.74905 -0.550859
vn -0.270578 0.707172 -0.653219
vn -0.25351 -0.749108 -0.612021
vn 0.592973 0.513778 -0.620012
vn -0.129226 -0.749171 -0.649648
vn -0.0648852 -0.749518 -0.658796
vn 0.13788 0.707431 -0.693203
vn -0.137925 0.707259 -0.69337
vn -0.0692219 0.707982 -0.70283
vn 0.270436 0.707516 -0.652906
vn 0.187596 0.274792 -0.943025
vn -0.0119834 0.270866 -0.962542
vn 0.367958 0.274862 -0.888289
vn -0.0123873 -0.316778 0.948419
vn 0.176685 -0.335783 0.92522
vn 0.444344 -0.264382 0.855956
vn -0.0126708 0.272959 0.961942
vn 0.17919 0.286467 0.941184
vn 0.354912 0.291848 -0.888179
vn 0.449039 0.223936 0.864995
vn 0.727269 0.146938 -0.670439
vn -0.0183368 -0.318614 -0.947707
vn 0.387185 -0.306831 -0.869449
vn 0.187595 0.274786 0.943027
vn -0.362802 -0.318 0.875928
vn -0.184942 -0.31803 0.929867
vn 0.534174 0.27493 -0.799419
vn 0.670364 -0.31819 -0.670348
vn 0.52671 -0.31817 -0.788254
vn 0.679855 0.274988 -0.679838
vn 0.788256 -0.318208 -0.526684
vn 0.799408 0.275035 -0.534138
vn 0.875855 -0.318222 -0.362783
vn 0.888242 0.275071 -0.367916
vn 0.929798 -0.318232 -0.184945
vn 0.942945 0.275091 -0.187561
vn 0.948012 -0.318236 -8.95644e-07
vn 0.961417 0.275096 -8.41371e-07
vn 0.929798 -0.318231 0.184944
vn 0.942946 0.275088 0.18756
vn 0.875856 -0.31822 0.362783
vn 0.888243 0.275066 0.367917
vn 0.788259 -0.318203 0.526683
vn 0.799411 0.275027 0.534137
vn 0.67037 -0.318181 0.670347
vn 0.679858 0.274978 0.679839
vn 0.526715 -0.318156 0.788256
vn 0.534175 0.274922 0.799421
vn 0.362818 -0.318129 0.875875
vn 0.367959 0.274856 0.888291
vn 0.184976 -0.318097 0.929838
vn -0.187573 0.274636 0.943075
vn -0.0942183 0.275703 0.956614
vn -0.367962 0.274565 0.888379
vn -0.0929318 -0.317931 0.943548
vn -0.526725 -0.317969 0.788325
vn -0.534216 0.274503 0.799538
vn -0.670406 -0.317944 0.670423
vn -0.679946 0.274448 0.679964
vn -0.788324 -0.317924 0.526754
vn -0.799549 0.2744 0.534252
vn -0.875947 -0.317909 0.362836
vn -0.888424 0.274367 0.368003
vn -0.929906 -0.3179 0.184972
vn -0.943152 0.274349 0.187607
vn -0.948125 -0.317898 -1.55716e-06
vn -0.961632 0.274343 -1.50814e-06
vn -0.929905 -0.317902 -0.184975
vn -0.943151 0.274351 -0.187609
vn -0.875946 -0.317911 -0.362838
vn -0.888421 0.274373 -0.368005
vn -0.788321 -0.317928 -0.526756
vn -0.799546 0.274408 -0.534253
vn -0.670401 -0.31795 -0.670425
vn -0.679944 0.274456 -0.679963
vn -0.52672 -0.317977 -0.788325
vn -0.534214 0.274515 -0.799536
vn -0.362799 -0.31801 -0.875926
vn -0.36796 0.274578 -0.888376
vn 0.752355 -0.197327 -0.628509
vn -0.187571 0.274651 -0.943071
vn -0.094217 0.27572 -0.956609
vn 0.184975 -0.31811 -0.929834
vn -0.0929299 -0.317947 -0.943543
vn -0.18494 -0.318044 -0.929863
vn 0.362816 -0.318143 -0.875871
vn -0.283795 0.490742 -0.823792
vn -0.293507 -0.0140427 -0.955854
vn -0.148389 -0.00710168 -0.988904
vn -0.152566 0.490457 -0.858007
vn -0.190507 0.86732 -0.459851
vn -0.116315 0.85863 -0.499224
vn -0.0239165 0.999039 0.0367285
vn -0.0488899 0.998784 -0.0063427
vn 0.147884 0.847773 0.509323
vn 0.0319419 0.871299 0.489711
vn 0.269174 0.485011 0.832051
vn 0.104375 0.508316 0.854822
vn 0.325746 0.0155853 0.945329
vn 0.148584 0.00710709 0.988874
vn 0.314252 -0.457094 0.832052
vn 0.152429 -0.496027 0.854823
vn 0.228149 -0.829781 0.509325
vn 0.114982 -0.864269 0.489712
vn 0.0715723 -0.996759 0.0367268
vn 0.0466909 -0.998889 -0.00634419
vn -0.106829 -0.881549 -0.459847
vn -0.0338066 -0.865815 -0.499221
vn -0.235646 -0.515599 -0.823789
vn -0.105043 -0.502787 -0.858004
vn -0.258523 -0.0123722 -0.965926
vn -0.248193 0.484616 -0.838777
vn -0.172277 0.854657 -0.489777
vn -0.0502324 0.998696 -0.00912776
vn 0.085839 0.875198 0.476089
vn 0.199182 0.514204 0.834219
vn 0.258523 0.0123665 0.965926
vn 0.247364 -0.492839 0.834219
vn 0.169005 -0.863003 0.476091
vn 0.0453472 -0.99893 -0.00912722
vn -0.0898937 -0.867201 -0.489778
vn -0.200793 -0.506099 -0.838776
vn -0.382245 -0.0182906 -0.92388
vn -0.355629 0.479472 -0.802268
vn -0.235009 0.851657 -0.468456
vn -0.0514007 0.99864 -0.00872898
vn 0.146818 0.878117 0.455363
vn 0.306035 0.519315 0.797906
vn 0.382246 0.0182884 0.923879
vn 0.354217 -0.487725 0.797906
vn 0.229986 -0.860087 0.455366
vn 0.044177 -0.998986 -0.00872702
vn -0.152628 -0.870202 -0.468459
vn -0.30823 -0.511234 -0.802268
vn -0.499428 -0.0238971 -0.866026
vn -0.457389 0.474601 -0.75203
vn -0.294427 0.848815 -0.43912
vn -0.0525077 0.998587 -0.00818104
vn 0.204575 0.88088 0.426848
vn 0.40724 0.524157 0.747941
vn 0.499429 0.0238961 0.866025
vn 0.455421 -0.482883 0.747941
vn 0.287742 -0.857324 0.42685
vn 0.0430699 -0.999039 -0.0081799
vn -0.212046 -0.873046 -0.439121
vn -0.409989 -0.516102 -0.752029
vn -0.608066 -0.0290928 -0.793353
vn -0.551725 0.470087 -0.688924
vn -0.349512 0.846179 -0.402271
vn -0.0535333 0.998538 -0.00749551
vn 0.258125 0.88344 0.391031
vn 0.501065 0.528642 0.68518
vn 0.608065 0.0290924 0.793354
vn 0.549246 -0.478392 0.685179
vn 0.341288 -0.854761 0.391033
vn 0.0420447 -0.999088 -0.00749483
vn -0.267128 -0.875683 -0.402271
vn -0.504326 -0.520616 -0.688923
vn -0.706299 -0.0337932 -0.707107
vn -0.637028 0.466005 -0.614031
vn -0.399322 0.843796 -0.35854
vn -0.0544583 0.998494 -0.00667981
vn 0.306546 0.885754 0.348524
vn 0.585904 0.5327 0.610694
vn 0.706298 0.0337931 0.707108
vn 0.634086 -0.474329 0.610693
vn 0.389709 -0.852442 0.348524
vn 0.0411181 -0.999132 -0.00667921
vn -0.316937 -0.878066 -0.358539
vn -0.589629 -0.524696 -0.61403
vn -0.792446 -0.0379177 -0.608763
vn -0.711837 0.462426 -0.52863
vn -0.443002 0.841706 -0.308673
vn -0.0552723 0.998455 -0.00575007
vn 0.349003 0.887787 0.30005
vn 0.660306 0.536262 0.525756
vn 0.792447 0.037914 0.608761
vn 0.708487 -0.470773 0.525756
vn 0.432171 -0.85041 0.300051
vn 0.0403054 -0.999171 -0.00574896
vn -0.360621 -0.880156 -0.308673
vn -0.664435 -0.528278 -0.528629
vn -0.865036 -0.0413887 -0.5
vn -0.774869 0.459415 -0.434184
vn -0.479811 0.839944 -0.253527
vn -0.0559606 0.998422 -0.00472336
vn 0.384777 0.889501 0.246443
vn 0.722996 0.539263 0.431824
vn 0.865037 0.0413857 0.499999
vn 0.771177 -0.467776 0.431824
vn 0.467948 -0.848699 0.246443
vn 0.039619 -0.999204 -0.00472204
vn -0.397429 -0.881916 -0.253526
vn -0.727467 -0.531298 -0.434183
vn -0.922824 -0.0441525 -0.382682
vn -0.82505 0.457015 -0.33231
vn -0.509118 0.838539 -0.194042
vn -0.056507 0.998396 -0.00361582
vn 0.413263 0.890863 0.188619
vn 0.772904 0.541651 0.330505
vn 0.922824 0.0441503 0.382684
vn 0.821085 -0.465388 0.330505
vn 0.496429 -0.847337 0.18862
vn 0.0390725 -0.99923 -0.00361505
vn -0.426731 -0.883317 -0.194041
vn -0.777649 -0.533699 -0.332307
vn -0.964822 -0.0461644 -0.258819
vn -0.861519 0.455272 -0.224749
vn -0.530412 0.83752 -0.131236
vn -0.0569045 0.998377 -0.00244585
vn 0.433964 0.891853 0.127568
vn 0.809176 0.543387 0.223529
vn 0.964822 0.0461603 0.25882
vn 0.857357 -0.463653 0.223529
vn 0.517129 -0.846348 0.127569
vn 0.0386744 -0.999249 -0.00244482
vn -0.448027 -0.884335 -0.131235
vn -0.814116 -0.535446 -0.224749
vn -0.990312 -0.0473819 -0.130527
vn -0.883652 0.454215 -0.113344
vn -0.543332 0.836905 -0.066184
vn -0.057146 0.998365 -0.0012336
vn 0.446527 0.892455 0.064335
vn 0.83119 0.544441 0.112729
vn 0.990312 0.0473798 0.130526
vn 0.879372 -0.462598 0.112728
vn 0.529698 -0.845743 0.0643353
vn 0.0384314 -0.999261 -0.00123291
vn -0.46095 -0.884955 -0.0661836
vn -0.836249 -0.536507 -0.113345
vn -0.998858 -0.047787 6.37482e-08
vn -0.891073 0.45386 -1.03732e-07
vn -0.547664 0.836698 -1.74602e-07
vn -0.0572255 0.998361 -1.47307e-07
vn 0.450741 0.892655 -1.05117e-07
vn 0.83857 0.544793 -1.119e-07
vn 0.998858 0.047788 -7.10627e-08
vn 0.886753 -0.462244 1.17939e-07
vn 0.533914 -0.845539 1.91508e-07
vn 0.0383506 -0.999264 1.71395e-07
vn -0.46528 -0.885164 2.04729e-07
vn -0.84367 -0.536862 1.89245e-07
vn -0.998849 -0.0477909 0.00417928
vn 0.438735 0.500421 -0.746384
vn 0.667831 0.518486 -0.534017
vn 0.795071 0.0380419 -0.605323
vn 0.527625 0.025246 -0.849102
vn 0.71428 -0.452359 -0.534018
vn 0.484508 -0.456246 -0.746386
vn -0.202978 -0.876833 0.435847
vn -0.313697 -0.900156 0.302179
vn -0.611156 -0.54875 0.570405
vn -0.390702 -0.510247 0.76616
vn 0.234804 0.860706 -0.451722
vn 0.368096 0.868627 -0.331652
vn -0.0350896 0.999207 -0.0188365
vn -0.0216815 0.999254 -0.0319454
vn 0.315906 -0.834357 -0.451722
vn 0.449347 -0.829515 -0.331651
vn 0.0738211 -0.99676 -0.0319466
vn 0.0604687 -0.997992 -0.0188363
vn -0.469352 -0.0224538 0.882726
vn -0.738225 -0.0353267 0.673629
vn -0.660762 0.487893 0.570398
vn -0.437641 0.470613 0.766155
vn -0.285767 0.85345 0.435845
vn -0.398206 0.866094 0.30218
vn -0.0435137 0.998653 -0.0282458
vn -0.0468879 0.998593 -0.0247882
vn 0.10261 0.851283 -0.514577
vn 0.0407747 0.838498 -0.543378
vn -0.969454 -0.0463843 0.240847
vn -0.963631 -0.0461062 -0.263231
vn -0.845266 0.487073 -0.219738
vn -0.854027 0.478524 0.204087
vn 0.0520306 -0.998246 -0.0282415
vn 0.0486641 -0.998508 -0.0247843
vn -0.0926012 -0.869371 0.485406
vn -0.033196 -0.862814 0.504431
vn 0.147199 0.0070394 -0.989082
vn 0.28493 0.0136314 -0.958452
vn 0.269894 -0.462487 -0.844549
vn 0.152618 -0.453123 -0.878286
vn 0.183415 -0.837598 -0.514577
vn 0.120644 -0.830775 -0.543377
vn 0.224507 0.486143 -0.844548
vn 0.108659 0.465622 -0.878288
vn -0.15043 0.474346 0.867391
vn -0.245066 0.476146 0.844528
vn -0.17518 0.856559 0.485406
vn -0.115422 0.855703 0.504431
vn -0.145192 -0.00694847 0.989379
vn -0.25067 -0.0119935 0.967998
vn -0.104455 -0.486544 0.867389
vn -0.198488 -0.497369 0.844528
vn -0.487086 0.865449 -0.117243
vn -0.496479 0.860753 0.112307
vn 0.875255 -0.441505 -0.197489
vn 0.873035 -0.440159 0.209927
vn 0.558021 -0.820858 0.121678
vn 0.557309 -0.822516 -0.113466
vn 0.972314 0.0465214 -0.229002
vn 0.968924 0.0463573 0.242976
vn -0.00659092 0.999977 -0.00182047
vn -0.00167034 0.99999 0.0042654
vn 0.477105 0.870382 0.121676
vn 0.476237 0.871966 -0.113464
vn -0.804442 -0.557873 0.204086
vn -0.794903 -0.565548 -0.219739
vn 0.0889055 -0.996038 -0.0018206
vn 0.0938029 -0.995582 0.00426528
vn -0.402232 -0.907999 -0.117243
vn -0.412036 -0.90422 0.112307
vn -0.553588 -0.546803 -0.62813
vn -0.667751 -0.0319494 -0.743699
vn 0.827023 0.5215 0.209929
vn 0.829105 0.523052 -0.197489
vn 0.0737686 -0.996232 0.0455963
vn -0.287538 -0.898673 -0.331223
vn 0.673799 -0.442091 0.592073
vn 0.428578 -0.820498 0.378292
vn 0.348286 0.857667 0.378291
vn 0.628512 0.504404 0.592072
vn -0.372026 0.867114 -0.331225
vn -0.0216782 0.998725 0.0455975
vn 0.746206 0.0357028 0.664757
vn -0.603264 0.491451 -0.62813
vn -0.148389 -0.00709964 0.988904
vn -0.293507 -0.014042 0.955854
vn -0.283795 0.490742 0.823792
vn -0.152566 0.490458 0.858006
vn -0.190507 0.86732 0.459851
vn -0.116315 0.858631 0.499224
vn -0.0239178 0.999039 -0.0367289
vn -0.0488899 0.998784 0.00634249
vn 0.147883 0.847773 -0.509324
vn 0.0319418 0.8713 -0.489711
vn 0.269174 0.48501 -0.832052
vn 0.104376 0.508315 -0.854823
vn 0.325746 0.0155835 -0.945329
vn 0.148585 0.00710553 -0.988874
vn 0.314252 -0.457095 -0.832052
vn 0.152429 -0.496027 -0.854823
vn 0.228149 -0.829781 -0.509324
vn 0.114982 -0.864269 -0.489712
vn 0.071572 -0.996759 -0.0367266
vn 0.0466909 -0.998889 0.00634463
vn -0.106829 -0.881548 0.459848
vn -0.0338067 -0.865814 0.499222
vn -0.235646 -0.515598 0.82379
vn -0.105043 -0.502785 0.858005
vn -0.258523 -0.0123694 0.965926
vn -0.248193 0.484618 0.838776
vn -0.172277 0.854657 0.489777
vn -0.0502323 0.998696 0.0091276
vn 0.0858388 0.875198 -0.476088
vn 0.199182 0.514205 -0.834218
vn 0.258523 0.0123657 -0.965926
vn 0.247364 -0.492839 -0.834219
vn 0.169005 -0.863003 -0.476091
vn 0.0453469 -0.99893 0.00912777
vn -0.0898938 -0.8672 0.489778
vn -0.200793 -0.506099 0.838777
vn -0.382245 -0.0182888 0.92388
vn -0.35563 0.479473 0.802267
vn -0.235009 0.851657 0.468456
vn -0.0514004 0.99864 0.0087286
vn 0.146819 0.878117 -0.455363
vn 0.306035 0.519316 -0.797906
vn 0.382246 0.0182877 -0.923879
vn 0.354217 -0.487725 -0.797906
vn 0.229985 -0.860086 -0.455366
vn 0.0441765 -0.998986 0.00872742
vn -0.152629 -0.870202 0.468458
vn -0.30823 -0.511234 0.802268
vn -0.499428 -0.0238966 0.866026
vn -0.457388 0.474602 0.75203
vn -0.294426 0.848815 0.43912
vn -0.0525072 0.998587 0.00818068
vn 0.204576 0.88088 -0.426848
vn 0.40724 0.524156 -0.747941
vn 0.499429 0.0238958 -0.866025
vn 0.455422 -0.482883 -0.747941
vn 0.287742 -0.857324 -0.42685
vn 0.0430694 -0.999039 0.00818021
vn -0.212046 -0.873046 0.439121
vn -0.409988 -0.516103 0.752029
vn -0.608065 -0.0290934 0.793354
vn -0.551724 0.470088 0.688925
vn -0.349511 0.84618 0.402271
vn -0.0535333 0.998538 0.007495
vn 0.258125 0.88344 -0.391031
vn 0.501065 0.528642 -0.68518
vn 0.608065 0.0290932 -0.793354
vn 0.549246 -0.478392 -0.685179
vn 0.341289 -0.854761 -0.391032
vn 0.0420447 -0.999088 0.0074951
vn -0.267128 -0.875683 0.402271
vn -0.504325 -0.520616 0.688923
vn -0.706298 -0.0337934 0.707108
vn -0.637028 0.466005 0.614031
vn -0.399321 0.843796 0.358539
vn -0.0544582 0.998494 0.00667929
vn 0.306546 0.885754 -0.348524
vn 0.585904 0.5327 -0.610694
vn 0.706298 0.0337937 -0.707108
vn 0.634086 -0.47433 -0.610693
vn 0.389709 -0.852443 -0.348524
vn 0.0411183 -0.999132 0.00667941
vn -0.316937 -0.878066 0.358539
vn -0.589628 -0.524696 0.61403
vn -0.792446 -0.0379169 0.608762
vn -0.711837 0.462427 0.52863
vn -0.443002 0.841707 0.308673
vn -0.0552722 0.998455 0.00574964
vn 0.349003 0.887787 -0.300051
vn 0.660305 0.536262 -0.525756
vn 0.792447 0.0379143 -0.608762
vn 0.708487 -0.470773 -0.525756
vn 0.43217 -0.850411 -0.300051
vn 0.0403053 -0.999171 0.00574916
vn -0.36062 -0.880156 0.308673
vn -0.664435 -0.528277 0.528629
vn -0.865036 -0.0413882 0.499999
vn -0.774869 0.459416 0.434184
vn -0.47981 0.839944 0.253527
vn -0.0559606 0.998422 0.00472297
vn 0.384777 0.889501 -0.246443
vn 0.722995 0.539264 -0.431825
vn 0.865036 0.0413861 -0.499999
vn 0.771177 -0.467776 -0.431824
vn 0.467947 -0.8487 -0.246444
vn 0.0396191 -0.999204 0.00472237
vn -0.397429 -0.881916 0.253526
vn -0.727468 -0.531297 0.434183
vn -0.922824 -0.0441525 0.382682
vn -0.825049 0.457016 0.33231
vn -0.509117 0.838539 0.194042
vn -0.0565058 0.998396 0.0036155
vn 0.413263 0.890863 -0.188619
vn 0.772903 0.541652 -0.330506
vn 0.922824 0.0441507 -0.382684
vn 0.821085 -0.465388 -0.330504
vn 0.496428 -0.847338 -0.18862
vn 0.0390727 -0.99923 0.00361537
vn -0.426731 -0.883317 0.194041
vn -0.777649 -0.533698 0.332307
vn -0.964822 -0.0461646 0.25882
vn -0.861519 0.455273 0.224749
vn -0.53041 0.837522 0.131236
vn -0.0569029 0.998377 0.00244561
vn 0.433964 0.891853 -0.127568
vn 0.809176 0.543387 -0.223529
vn 0.964822 0.0461601 -0.25882
vn 0.857357 -0.463653 -0.223528
vn 0.517129 -0.846347 -0.127569
vn 0.0386752 -0.999249 0.00244516
vn -0.448027 -0.884335 0.131235
vn -0.814117 -0.535446 0.224749
vn -0.990312 -0.047382 0.130527
vn -0.883652 0.454216 0.113344
vn -0.543331 0.836906 0.0661838
vn -0.0571452 0.998365 0.00123332
vn 0.446527 0.892455 -0.0643352
vn 0.83119 0.54444 -0.112729
vn 0.990312 0.0473795 -0.130526
vn 0.879372 -0.462598 -0.112728
vn 0.529698 -0.845743 -0.0643349
vn 0.0384321 -0.99926 0.00123327
vn -0.46095 -0.884955 0.066184
vn -0.836249 -0.536507 0.113345
vn -0.998849 -0.0477907 -0.00417919
vn 0.79507 0.0380429 0.605323
vn 0.667831 0.518486 0.534016
vn 0.438736 0.500422 0.746384
vn 0.527625 0.025247 0.849102
vn 0.71428 -0.452359 0.534018
vn 0.484508 -0.456245 0.746386
vn -0.611157 -0.548749 -0.570405
vn -0.313699 -0.900156 -0.302179
vn -0.202979 -0.876833 -0.435847
vn -0.390702 -0.510246 -0.76616
vn 0.368097 0.868627 0.331651
vn 0.234804 0.860706 0.451721
vn -0.0216822 0.999254 0.0319449
vn -0.0350914 0.999207 0.0188358
vn 0.0738212 -0.99676 0.0319472
vn 0.449347 -0.829515 0.331651
vn 0.315906 -0.834356 0.451722
vn 0.0604682 -0.997992 0.0188368
vn -0.660762 0.487893 -0.570398
vn -0.738225 -0.0353258 -0.673629
vn -0.469352 -0.0224521 -0.882726
vn -0.43764 0.470614 -0.766155
vn -0.398207 0.866093 -0.302181
vn -0.285768 0.853449 -0.435845
vn 0.10261 0.851283 0.514576
vn -0.0468879 0.998592 0.024788
vn -0.0435137 0.998653 0.0282459
vn 0.0407746 0.838498 0.543377
vn -0.845267 0.487072 0.219738
vn -0.963631 -0.0461062 0.26323
vn -0.969454 -0.0463844 -0.240848
vn -0.854028 0.478524 -0.204087
vn -0.0926011 -0.869371 -0.485406
vn 0.0486641 -0.998508 0.0247846
vn 0.0520306 -0.998246 0.0282419
vn -0.0331959 -0.862815 -0.504429
vn 0.269894 -0.462486 0.844549
vn 0.28493 0.0136317 0.958451
vn 0.1472 0.00703946 0.989082
vn 0.152618 -0.453123 0.878287
vn 0.183414 -0.837597 0.514578
vn 0.120644 -0.830774 0.543377
vn 0.224506 0.486143 0.844548
vn 0.108659 0.465623 0.878287
vn -0.175179 0.856559 -0.485406
vn -0.245066 0.476146 -0.844528
vn -0.15043 0.474345 -0.867392
vn -0.115422 0.855703 -0.504431
vn -0.25067 -0.011994 -0.967998
vn -0.145192 -0.00695056 -0.989379
vn -0.198488 -0.497369 -0.844527
vn -0.104455 -0.486545 -0.867388
vn -0.487087 0.865448 0.117243
vn -0.496479 0.860753 -0.112307
vn 0.558021 -0.820858 -0.121678
vn 0.873035 -0.440159 -0.209927
vn 0.875255 -0.441506 0.197489
vn 0.557309 -0.822516 0.113466
vn 0.968924 0.0463568 -0.242977
vn 0.972314 0.0465213 0.229002
vn 0.477104 0.870383 -0.121677
vn -0.00167206 0.99999 -0.00426575
vn -0.00659115 0.999977 0.00182013
vn 0.476236 0.871966 0.113464
vn -0.794902 -0.565548 0.219739
vn -0.804442 -0.557873 -0.204086
vn -0.402232 -0.908 0.117243
vn 0.0938029 -0.995582 -0.00426497
vn 0.0889062 -0.996038 0.001821
vn -0.412035 -0.90422 -0.112306
vn -0.553587 -0.546803 0.62813
vn -0.667751 -0.0319494 0.743699
vn 0.827023 0.5215 -0.20993
vn 0.829105 0.523052 0.197489
vn 0.073768 -0.996233 -0.0455961
vn -0.287538 -0.898673 0.331223
vn 0.673799 -0.442092 -0.592072
vn 0.428577 -0.820498 -0.378291
vn 0.348285 0.857668 -0.378291
vn 0.628512 0.504403 -0.592073
vn -0.372027 0.867113 0.331225
vn -0.0216805 0.998725 -0.0455977
vn 0.746206 0.0357014 -0.664757
vn -0.603265 0.49145 0.628131
vn -2.25751e-07 -0.0468768 0.998901
vn 2.07401e-07 -0.0329865 0.999456
vn -0.190869 -0.0159483 0.981486
vn -0.201409 0.203001 0.958241
vn -0.0693005 0.217045 0.973699
vn 0.284505 0.00107468 0.958674
vn 0.284506 0.0010743 0.958674
vn 0.190869 -0.0159477 0.981486
vn 0.201408 0.203003 0.95824
vn 0.0693001 0.217045 0.973698
vn 0.216007 -0.0145337 0.976283
vn 0.0941373 -0.0177483 0.995401
vn 2.20743e-07 -0.0218916 0.99976
vn 0.284506 0.00107394 0.958674
vn -0.284507 0.00107323 0.958673
vn -0.284507 0.00107193 0.958673
vn -0.216008 -0.0145332 0.976283
vn -0.284508 0.00107451 0.958673
vn -0.0941372 -0.0177479 0.995401
vn -3.75985e-08 0.221448 0.975172
vn 0.190531 0.0159888 -0.981551
vn 1.54954e-08 0.0329873 -0.999456
vn 3.11009e-07 0.0472472 -0.998883
vn 0.0669334 -0.219455 -0.973324
vn 0.194691 -0.201094 -0.960029
vn -0.19053 0.015989 -0.981551
vn -0.28437 -0.00108013 -0.958714
vn -0.284377 -0.00125778 -0.958712
vn -0.194691 -0.201093 -0.96003
vn -0.0669333 -0.219453 -0.973324
vn -0.0940223 0.0171049 -0.995423
vn -0.215865 0.0144666 -0.976316
vn -2.54324e-07 0.0209296 -0.999781
vn -0.284363 -0.000907892 -0.958716
vn 0.284371 -0.00108004 -0.958714
vn 0.284378 -0.00125898 -0.958711
vn 0.284364 -0.000906549 -0.958716
vn 0.215866 0.0144683 -0.976316
vn 0.0940218 0.0171064 -0.995423
vn -1.40774e-07 -0.221344 -0.975196
vn 0.106604 -0.994091 -0.0204445
vn -0.244036 -0.967404 0.0676503
vn -0.244036 -0.967404 0.0676503
vn 0.110559 -0.993646 -0.0210945
vn -0.72359 -0.655735 0.215475
vn -0.72359 -0.655735 0.215474
vn 0.244035 -0.967404 0.067652
vn -0.106604 -0.994091 -0.0204443
vn -0.11056 -0.993646 -0.0210944
vn 0.244035 -0.967404 0.0676518
vn -0.952001 -0.117468 0.282657
vn -0.952001 -0.117468 0.282657
vn 0.896135 0.349429 0.273572
vn 0.984033 -0.000943367 0.177983
vn 0.983946 -0.000945887 0.178466
vn 0.842728 0.450224 0.295141
vn 0.955631 0.0799315 0.283515
vn 0.952001 -0.117467 0.282658
vn 0.952001 -0.117467 0.282658
vn 0.955631 0.0799315 0.283515
vn -0.955631 0.079933 0.283513
vn -0.922758 0.271463 0.273544
vn -0.922758 0.271463 0.273544
vn -0.955631 0.079933 0.283513
vn 0.72359 -0.655734 0.215475
vn 0.72359 -0.655735 0.215475
vn -0.628866 0.754991 0.185786
vn -0.628865 0.754992 0.185786
vn -0.0556675 0.998433 -0.00571158
vn 0.12972 0.990598 0.0434629
vn 0.129719 0.990598 0.0434628
vn -0.129718 0.990598 0.0434647
vn -0.129718 0.990598 0.0434647
vn 0.628866 0.754991 0.185785
vn 0.628867 0.75499 0.185785
vn -0.137808 -0.990111 -0.02624
vn -0.135222 -0.990479 -0.025828
vn 0.0556678 0.998433 -0.00571009
vn 0.922758 0.271462 0.273545
vn 0.922757 0.271462 0.273545
vn 0.13781 -0.990111 -0.0262393
vn 0.135224 -0.990478 -0.0258273
vn -0.0680616 0.297678 0.952237
vn -0.100112 0.215454 0.971369
vn -0.0202152 -0.00313671 0.999791
vn -0.0179066 -0.00381447 0.999832
vn -0.0118943 -0.00416391 0.999921
vn -0.983946 -0.000943993 0.178466
vn -0.984033 -0.000941435 0.177983
vn -0.896135 0.349431 0.27357
vn -0.84273 0.450223 0.295138
vn -7.06893e-07 -0.00522846 0.999986
vn -2.36917e-07 0.271782 0.962359
vn -0.0066576 -0.00523034 0.999964
vn -1.702e-06 -0.00522849 0.999986
vn 0.011886 -0.00416647 0.999921
vn 0.0680613 0.297676 0.952238
vn -1.70829e-08 -0.00522861 0.999986
vn 0.0066469 -0.0052274 0.999964
vn 0.00632813 0.0121587 -0.999906
vn 0.0112898 0.0121639 -0.999862
vn 0.00681692 0.0121408 -0.999903
vn 9.82126e-08 0.0121415 -0.999926
vn -1.16453e-07 0.0121408 -0.999926
vn -1.42519e-07 0.01214 -0.999926
vn 0.336288 0.864407 0.373779
vn 0.296615 0.877735 0.376299
vn -0.336291 0.864408 0.373775
vn -1.13627e-06 0.927099 0.374816
vn -1.13627e-06 0.927099 0.374816
vn -0.296618 0.877735 0.376296
vn -0.0629832 -0.292675 -0.954136
vn -0.0953475 -0.215564 -0.971824
vn 0.100105 0.215447 0.971371
vn 0.982548 0.0622932 0.17527
vn 0.978714 0.10827 0.174347
vn 0.983583 0.0417451 0.175561
vn 0.0953427 -0.215559 -0.971825
vn 0.0629835 -0.292673 -0.954136
vn -1.79513e-07 -0.268456 -0.963292
vn -0.983583 0.0417463 0.175561
vn -0.978714 0.10827 0.174347
vn -0.982548 0.062294 0.17527
vn 0.0499455 0.998551 0.0200278
vn 0.369658 0.924181 -0.0961421
vn 0.297711 0.912959 -0.279059
vn -0.0164696 0.986143 -0.165079
vn -0.791447 0.532136 0.300738
vn -0.568095 0.789795 0.231282
vn -0.623401 0.780722 0.0429585
vn -0.84224 0.527409 0.111679
vn -0.918906 0.210265 0.333767
vn -0.966654 0.211281 0.144706
vn -0.935273 -0.13671 0.326457
vn -0.981951 -0.12915 0.138178
vn -0.838907 -0.466842 0.279809
vn -0.886773 -0.452739 0.0930628
vn -0.641755 -0.740489 0.199564
vn -0.693034 -0.72075 0.0149404
vn -0.367759 -0.925011 0.0954382
vn -0.424274 -0.901373 -0.0867127
vn -0.049827 -0.998556 -0.0200722
vn -0.112701 -0.973347 -0.199736
vn 0.274072 -0.952444 -0.133175
vn 0.204612 -0.928231 -0.310679
vn 0.565258 -0.792096 -0.230362
vn 0.489895 -0.771296 -0.406332
vn 0.788802 -0.536482 -0.299964
vn 0.709025 -0.520986 -0.475245
vn 0.917648 -0.216041 -0.33354
vn 0.835483 -0.20695 -0.509058
vn 0.935955 0.130807 -0.32692
vn 0.853624 0.133292 -0.503547
vn 0.841166 0.462166 -0.280787
vn 0.760755 0.458682 -0.459198
vn 0.6445 0.737811 -0.200637
vn 0.567718 0.729625 -0.38124
vn -0.275822 0.951855 0.133772
vn -0.336519 0.940173 -0.0531936
vn 0.0697937 0.151939 -0.985923
vn 0.128713 0.193655 -0.97259
vn 0.198078 0.212363 -0.956905
vn 0.269674 0.205711 -0.940723
vn 0.334878 0.174336 -0.925993
vn 0.385827 0.121828 -0.914492
vn 0.416189 0.0544172 -0.907648
vn 0.422109 -0.0196778 -0.906331
vn 0.402746 -0.091442 -0.910732
vn 0.360489 -0.15199 -0.920297
vn 0.300517 -0.193878 -0.933864
vn 0.230202 -0.212066 -0.949755
vn 0.158274 -0.204393 -0.966009
vn 0.093425 -0.171992 -0.980658
vn 0.0433844 -0.118922 -0.991955
vn 0.0140899 -0.0517181 -0.998562
vn 0.00885703 0.0215426 -0.999729
vn 0.0281964 0.0922118 -0.99534
vn 0.334638 -0.00835091 0.94231
vn -0.0748049 0.99675 -0.0298919
vn 0.260515 0.964014 0.0529996
vn 0.300194 0.944165 -0.135779
vn -0.0287677 0.975882 -0.216395
vn -0.874761 0.431614 -0.220231
vn -0.678535 0.713371 -0.175192
vn -0.620512 0.69774 -0.357944
vn -0.812776 0.421633 -0.40202
vn -0.966091 0.0980497 -0.238861
vn -0.902327 0.09479 -0.420501
vn -0.941491 -0.247452 -0.228829
vn -0.878351 -0.243848 -0.411143
vn -0.803677 -0.563486 -0.191276
vn -0.743413 -0.553815 -0.375002
vn -0.568926 -0.811945 -0.130646
vn -0.513313 -0.797777 -0.316324
vn -0.265308 -0.962639 -0.0541966
vn -0.215438 -0.94603 -0.242104
vn 0.0706162 -0.997086 0.0288632
vn 0.114412 -0.980259 -0.16125
vn 0.398175 -0.910873 0.108476
vn 0.43628 -0.895921 -0.0835733
vn 0.677609 -0.714304 0.174975
vn 0.710952 -0.702996 -0.0185411
vn 0.874977 -0.431152 0.22028
vn 0.904898 -0.424839 0.0259173
vn 0.966312 -0.0957725 0.23889
vn 0.994456 -0.0953299 0.0443719
vn 0.940583 0.251124 0.228563
vn 0.968815 0.245356 0.0346047
vn 0.80103 0.567479 0.190578
vn 0.831322 0.555787 -0.00214792
vn 0.564744 0.81503 0.129581
vn 0.59897 0.798417 -0.0613595
vn -0.40084 0.909626 -0.109118
vn -0.348395 0.890206 -0.29352
vn -0.318063 0.222876 0.9215
vn -0.387682 0.212827 0.896888
vn -0.449813 0.177965 0.875212
vn -0.496841 0.122697 0.859124
vn -0.523097 0.0538899 0.850568
vn -0.525597 -0.0199943 0.850499
vn -0.504204 -0.0900432 0.858877
vn -0.461675 -0.147939 0.874626
vn -0.40319 -0.186873 0.895833
vn -0.335726 -0.202383 0.919962
vn -0.267223 -0.192666 0.944178
vn -0.205732 -0.15885 0.96563
vn -0.158581 -0.104809 0.981767
vn -0.131466 -0.0368644 0.990635
vn -0.127826 0.0369608 0.991108
vn -0.148277 0.107747 0.983059
vn -0.190532 0.166823 0.967403
vn -0.249527 0.206882 0.946011
vn -0.218887 -0.00123436 0.97575
vn 0.0055745 -0.00494938 0.999972
vn 0.0103597 -0.0048767 0.999934
vn 0.00664621 -0.00522791 0.999964
vn -1.19047e-06 -0.0052294 0.999986
vn -6.45538e-07 -0.00522863 0.999986
vn -4.75579e-07 -0.00522859 0.999986
vn 0.0208071 0.0109539 -0.999723
vn 0.0186488 0.0114227 -0.999761
vn 0.0194868 0.0121975 -0.999736
vn 0.0117939 0.0113995 -0.999866
vn -0.00632666 0.0121623 -0.999906
vn -0.0112962 0.0121664 -0.999862
vn -0.018659 0.0114216 -0.999761
vn -0.0208158 0.0109517 -0.999723
vn -0.019496 0.0122059 -0.999735
vn -6.07037e-07 -0.00522797 0.999986
vn -0.00665682 -0.00523 0.999964
vn -0.0103689 -0.00488014 0.999934
vn -0.00557561 -0.0049503 0.999972
vn -2.55209e-07 0.0121425 -0.999926
vn -0.00682628 0.0121388 -0.999903
vn 1.20233e-07 0.0121386 -0.999926
vn -3.68932e-07 0.012139 -0.999926
vn 0.00681666 0.0121405 -0.999903
vn 0.41991 0.887475 0.189906
vn 0.949022 0.312604 0.0404492
vn 0.91122 0.406766 0.0649567
vn 0.376458 0.90574 0.194717
vn 0.0178925 -0.00381485 0.999833
vn 0.0202018 -0.00314097 0.999791
vn -0.419562 0.887336 0.191318
vn -0.376538 0.905443 0.195939
vn -0.0173755 -0.00436297 0.99984
vn -0.0117996 0.0113946 -0.999865
vn 0.0173609 -0.00435644 0.99984
vn -0.00682574 0.0121378 -0.999903
vn 5.60812e-07 0.0121389 -0.999926
vn -0.948667 0.313046 0.0450863
vn -0.911276 0.405999 0.0688615
vn -0.910993 -0.395517 -0.116869
vn -0.943407 -0.316072 -0.100405
vn -0.377026 -0.899245 -0.221832
vn -0.415877 -0.882801 -0.218422
vn 0.377075 -0.898918 -0.223071
vn 0.415491 -0.882634 -0.219827
vn 0.910842 -0.394676 -0.120824
vn 0.942772 -0.316484 -0.104971
vn -0.190869 -0.0159484 -0.981486
vn 1.99058e-07 -0.0329868 -0.999456
vn -2.21297e-07 -0.0468771 -0.998901
vn -0.0693005 0.217044 -0.973699
vn -0.201409 0.203001 -0.958241
vn 0.190869 -0.0159481 -0.981486
vn 0.284506 0.00107382 -0.958674
vn 0.284506 0.00107407 -0.958674
vn 0.201408 0.203003 -0.95824
vn 0.0693001 0.217045 -0.973698
vn 0.0941373 -0.017749 -0.995401
vn 0.216007 -0.0145342 -0.976283
vn 2.03474e-07 -0.0218919 -0.99976
vn 0.284506 0.00107358 -0.958674
vn -0.284507 0.00107315 -0.958673
vn -0.284507 0.00107169 -0.958673
vn -0.284508 0.00107458 -0.958673
vn -0.216008 -0.0145331 -0.976283
vn -0.0941372 -0.0177479 -0.995401
vn -1.16532e-07 0.221448 -0.975172
vn 3.20811e-07 0.0472478 0.998883
vn 2.14551e-08 0.0329878 0.999456
vn 0.190531 0.0159895 0.981551
vn 0.194691 -0.201094 0.960029
vn 0.0669334 -0.219455 0.973324
vn -0.284377 -0.00125732 0.958712
vn -0.284369 -0.00107972 0.958714
vn -0.19053 0.0159894 0.981551
vn -0.194691 -0.201093 0.96003
vn -0.0669333 -0.219453 0.973324
vn -0.215865 0.0144667 0.976316
vn -0.0940223 0.0171049 0.995423
vn -2.54324e-07 0.0209299 0.999781
vn -0.284363 -0.000907533 0.958716
vn 0.284371 -0.00107916 0.958714
vn 0.284378 -0.00125828 0.958711
vn 0.215866 0.0144692 0.976316
vn 0.284364 -0.000905495 0.958716
vn 0.0940218 0.017107 0.995423
vn -1.40774e-07 -0.221344 0.975196
vn -0.244036 -0.967404 -0.06765
vn -0.244036 -0.967404 -0.06765
vn 0.106604 -0.994091 0.0204448
vn 0.110559 -0.993646 0.0210949
vn -0.723589 -0.655736 -0.215474
vn -0.72359 -0.655735 -0.215474
vn -0.11056 -0.993646 0.0210948
vn -0.106605 -0.994091 0.0204447
vn 0.244035 -0.967404 -0.0676517
vn 0.244035 -0.967404 -0.0676515
vn -0.952001 -0.117468 -0.282656
vn -0.952001 -0.117468 -0.282656
vn 0.983946 -0.000945824 -0.178466
vn 0.984033 -0.000943306 -0.177983
vn 0.896135 0.349429 -0.273572
vn 0.842728 0.450223 -0.295141
vn 0.952001 -0.117468 -0.282658
vn 0.952001 -0.117468 -0.282658
vn 0.955631 0.0799314 -0.283515
vn 0.955631 0.0799314 -0.283515
vn -0.922758 0.271463 -0.273544
vn -0.922758 0.271463 -0.273544
vn -0.955631 0.0799325 -0.283513
vn -0.955631 0.0799325 -0.283513
vn 0.72359 -0.655735 -0.215475
vn 0.72359 -0.655734 -0.215475
vn -0.628865 0.754992 -0.185786
vn -0.628866 0.754991 -0.185786
vn 0.129719 0.990598 -0.043463
vn 0.129719 0.990598 -0.0434631
vn -0.0556676 0.998433 0.00571127
vn -0.129718 0.990598 -0.0434649
vn -0.129718 0.990598 -0.043465
vn 0.628867 0.75499 -0.185785
vn 0.628866 0.754991 -0.185785
vn -0.135222 -0.990479 0.0258283
vn -0.137808 -0.990111 0.0262403
vn 0.0556678 0.998433 0.00570977
vn 0.922758 0.271462 -0.273545
vn 0.922758 0.271462 -0.273545
vn 0.135224 -0.990478 0.0258276
vn 0.13781 -0.990111 0.0262396
vn -0.0202152 -0.00313751 -0.999791
vn -0.100112 0.215453 -0.971369
vn -0.0680616 0.297678 -0.952237
vn -0.0118943 -0.00416397 -0.999921
vn -0.0179066 -0.00381481 -0.999832
vn -0.896135 0.349431 -0.273569
vn -0.984033 -0.000941335 -0.177983
vn -0.983946 -0.00094389 -0.178466
vn -0.842729 0.450224 -0.295137
vn -3.16287e-07 0.271782 -0.962359
vn -7.09809e-07 -0.00522848 -0.999986
vn -1.69788e-06 -0.00522842 -0.999986
vn -0.0066576 -0.00522975 -0.999964
vn 0.0680613 0.297676 -0.952238
vn 0.011886 -0.0041674 -0.999921
vn 0.00664692 -0.00522848 -0.999964
vn -2.58479e-08 -0.00522885 -0.999986
vn 0.00681691 0.0121415 0.999903
vn 0.0112898 0.0121641 0.999862
vn 0.00632813 0.0121592 0.999906
vn -1.42519e-07 0.0121408 0.999926
vn -1.16453e-07 0.0121416 0.999926
vn 9.82126e-08 0.0121424 0.999926
vn 0.336289 0.864407 -0.373779
vn 0.296616 0.877735 -0.376299
vn -1.13627e-06 0.927099 -0.374816
vn -1.13627e-06 0.927099 -0.374816
vn -0.33629 0.864408 -0.373775
vn -0.296618 0.877735 -0.376296
vn -0.0629832 -0.292675 0.954136
vn -0.0953474 -0.215564 0.971824
vn 0.100105 0.215446 -0.971371
vn 0.978714 0.10827 -0.174347
vn 0.982548 0.0622931 -0.17527
vn 0.983583 0.041745 -0.175561
vn 0.0953426 -0.215558 0.971825
vn 0.0629834 -0.292673 0.954136
vn -1.92365e-07 -0.268456 0.963292
vn -0.978714 0.10827 -0.174347
vn -0.983583 0.0417463 -0.175561
vn -0.982548 0.062294 -0.17527
vn 0.297712 0.912959 0.279057
vn 0.369658 0.92418 0.0961417
vn 0.0499477 0.998551 -0.0200281
vn -0.0164662 0.986143 0.165076
vn -0.623398 0.780724 -0.0429571
vn -0.568095 0.789795 -0.231283
vn -0.791447 0.532135 -0.300738
vn -0.842239 0.52741 -0.111677
vn -0.918907 0.210263 -0.333767
vn -0.966655 0.211278 -0.144708
vn -0.935273 -0.136711 -0.326457
vn -0.98195 -0.129152 -0.138179
vn -0.838907 -0.466843 -0.279809
vn -0.886772 -0.452741 -0.0930626
vn -0.641755 -0.74049 -0.199564
vn -0.693034 -0.72075 -0.0149391
vn -0.367758 -0.925011 -0.0954379
vn -0.424273 -0.901373 0.0867162
vn -0.0498255 -0.998556 0.0200735
vn -0.1127 -0.973346 0.199739
vn 0.274073 -0.952443 0.133176
vn 0.204609 -0.928231 0.31068
vn 0.565259 -0.792096 0.230362
vn 0.489894 -0.771297 0.406331
vn 0.788802 -0.536482 0.299965
vn 0.709027 -0.520985 0.475242
vn 0.917648 -0.216041 0.33354
vn 0.835484 -0.206946 0.509057
vn 0.935955 0.130808 0.32692
vn 0.853622 0.133294 0.50355
vn 0.841166 0.462167 0.280786
vn 0.760754 0.458681 0.4592
vn 0.6445 0.73781 0.200636
vn 0.567718 0.729625 0.38124
vn -0.275821 0.951855 -0.133773
vn -0.336514 0.940175 0.0531893
vn 0.198072 0.212365 0.956906
vn 0.128717 0.19365 0.97259
vn 0.069796 0.15194 0.985922
vn 0.0281949 0.0922173 0.99534
vn 0.00885648 0.0215522 0.999729
vn 0.0140923 -0.0517196 0.998562
vn 0.0433895 -0.118931 0.991954
vn 0.0934227 -0.171995 0.980658
vn 0.15827 -0.204398 0.966008
vn 0.230203 -0.21207 0.949754
vn 0.300521 -0.193881 0.933861
vn 0.360491 -0.152 0.920295
vn 0.402745 -0.0914449 0.910733
vn 0.422112 -0.0196753 0.90633
vn 0.416194 0.0544184 0.907646
vn 0.385825 0.121834 0.914492
vn 0.33488 0.174342 0.925992
vn 0.269674 0.205716 0.940722
vn 0.334638 -0.00835122 -0.94231
vn 0.300196 0.944164 0.135781
vn 0.260515 0.964014 -0.0530008
vn -0.0748071 0.99675 0.0298923
vn -0.0287714 0.975881 0.2164
vn -0.620509 0.697743 0.357943
vn -0.678535 0.713371 0.175192
vn -0.874762 0.431612 0.220231
vn -0.812778 0.421632 0.402019
vn -0.966091 0.0980505 0.238862
vn -0.902328 0.0947911 0.420499
vn -0.941491 -0.247451 0.228829
vn -0.878352 -0.243846 0.41114
vn -0.803678 -0.563486 0.191275
vn -0.743414 -0.553814 0.375002
vn -0.568927 -0.811944 0.130646
vn -0.513313 -0.797777 0.316325
vn -0.265309 -0.962639 0.0541969
vn -0.215437 -0.94603 0.242105
vn 0.0706154 -0.997086 -0.028863
vn 0.114413 -0.980259 0.161251
vn 0.398174 -0.910873 -0.108475
vn 0.436279 -0.895922 0.083574
vn 0.677609 -0.714304 -0.174975
vn 0.710953 -0.702995 0.0185419
vn 0.874977 -0.431152 -0.22028
vn 0.904898 -0.424838 -0.0259173
vn 0.966312 -0.0957729 -0.238891
vn 0.994456 -0.0953296 -0.0443716
vn 0.940583 0.251123 -0.228563
vn 0.968816 0.245353 -0.0346064
vn 0.80103 0.567478 -0.190577
vn 0.831323 0.555785 0.00214868
vn 0.564746 0.815028 -0.129581
vn 0.598973 0.798415 0.061362
vn -0.400838 0.909628 0.109118
vn -0.34839 0.890208 0.293522
vn -0.218887 -0.00123606 -0.97575
vn 0.00664624 -0.00522905 -0.999964
vn 0.0103597 -0.00487755 -0.999934
vn 0.00557451 -0.0049498 -0.999972
vn -4.72713e-07 -0.00522929 -0.999986
vn -6.43016e-07 -0.00522928 -0.999986
vn -1.18234e-06 -0.00522973 -0.999986
vn 0.0186488 0.0114227 0.999761
vn 0.0208071 0.0109538 0.999723
vn 0.0194868 0.012197 0.999736
vn 0.0117938 0.0113998 0.999866
vn -0.018659 0.0114212 0.999761
vn -0.0112962 0.0121664 0.999862
vn -0.00632666 0.0121624 0.999906
vn -0.019496 0.0122048 0.999735
vn -0.0208158 0.0109511 0.999723
vn -6.1116e-07 -0.00522882 -0.999986
vn -0.00557561 -0.00495114 -0.999972
vn -0.0103689 -0.00488038 -0.999934
vn -0.00665682 -0.00523001 -0.999964
vn -0.00682628 0.0121396 0.999903
vn -2.55209e-07 0.0121431 0.999926
vn 9.85639e-08 0.0121387 0.999926
vn 0.00681665 0.0121408 0.999903
vn -3.84304e-07 0.0121393 0.999926
vn 0.91122 0.406767 -0.0649569
vn 0.949022 0.312604 -0.0404494
vn 0.419909 0.887475 -0.189906
vn 0.376458 0.90574 -0.194717
vn 0.0202018 -0.00314168 -0.999791
vn 0.0178925 -0.00381581 -0.999833
vn -0.419562 0.887336 -0.191318
vn -0.376538 0.905443 -0.195939
vn -0.0173755 -0.00436329 -0.99984
vn -0.0117996 0.0113947 0.999865
vn 0.0173609 -0.00435704 -0.99984
vn -0.00682575 0.0121381 0.999903
vn 5.41606e-07 0.0121388 0.999926
vn -0.948667 0.313046 -0.0450865
vn -0.911275 0.405999 -0.0688617
vn -0.910993 -0.395517 0.116869
vn -0.943407 -0.316072 0.100405
vn -0.377026 -0.899245 0.221832
vn -0.415877 -0.882801 0.218422
vn 0.377075 -0.898918 0.223071
vn 0.415491 -0.882634 0.219827
vn 0.910842 -0.394676 0.120824
vn 0.942772 -0.316483 0.104971
vn -0.435209 0.703602 -0.561727
vn -0.197801 0.737981 -0.645181
vn -0.38768 0.212827 -0.896888
vn -0.318064 0.222876 -0.921499
vn -0.64722 0.584567 -0.489273
vn -0.449809 0.177962 -0.875215
vn -0.80773 0.396041 -0.43672
vn -0.496843 0.122691 -0.859124
vn -0.897471 0.161726 -0.410354
vn -0.523104 0.0538905 -0.850564
vn -0.906271 -0.0894568 -0.413124
vn -0.5256 -0.019989 -0.850497
vn -0.833968 -0.327154 -0.444374
vn -0.504205 -0.0900449 -0.858877
vn -0.69002 -0.52326 -0.500072
vn -0.461676 -0.147941 -0.874625
vn -0.492024 -0.655027 -0.573455
vn -0.40319 -0.186871 -0.895833
vn -0.263468 -0.707473 -0.655795
vn -0.335724 -0.202381 -0.919963
vn -0.0310716 -0.674646 -0.737487
vn -0.267223 -0.19267 -0.944177
vn 0.178028 -0.560244 -0.80897
vn -0.205732 -0.158856 -0.965629
vn 0.339089 -0.377224 -0.861813
vn -0.158578 -0.104804 -0.981768
vn 0.432605 -0.146747 -0.889561
vn -0.131468 -0.0368655 -0.990635
vn 0.446601 0.104101 -0.888656
vn -0.127833 0.0369509 -0.991107
vn 0.378528 0.345102 -0.858849
vn -0.14828 0.107746 -0.983059
vn 0.235836 0.546573 -0.803517
vn -0.190531 0.166821 -0.967403
vn 0.0355432 0.683327 -0.729247
vn -0.249526 0.20688 -0.946011
vn -0.136134 0.653507 -0.744578
vn 0.0987453 0.717395 -0.689633
vn -0.335649 0.511829 -0.790804
vn -0.476586 0.309297 -0.822923
vn -0.542474 0.069689 -0.837177
vn -0.525372 -0.178924 -0.831848
vn -0.426801 -0.407253 -0.807456
vn -0.2578 -0.587907 -0.76675
vn -0.0380951 -0.69861 -0.714488
vn 0.206116 -0.725257 -0.6569
vn 0.445152 -0.663803 -0.601004
vn 0.649363 -0.521288 -0.553703
vn 0.793365 -0.315019 -0.520898
vn 0.859273 -0.0705124 -0.506635
vn 0.839104 0.181852 -0.512674
vn 0.735823 0.411052 -0.538146
vn 0.562696 0.589244 -0.579797
vn 0.341356 0.695353 -0.632424
vn -0.435206 0.703606 0.561725
vn -0.197797 0.737984 0.645179
vn -0.647218 0.58457 0.489272
vn -0.807728 0.396046 0.43672
vn -0.897467 0.161723 0.410364
vn -0.90627 -0.089464 0.413124
vn -0.833966 -0.327155 0.444375
vn -0.690019 -0.523259 0.500075
vn -0.492023 -0.655026 0.573458
vn -0.263468 -0.707475 0.655793
vn -0.0310747 -0.674644 0.737488
vn 0.178027 -0.560242 0.808972
vn 0.339091 -0.37723 0.861809
vn 0.432607 -0.146742 0.889561
vn 0.446605 0.10411 0.888653
vn 0.378529 0.345099 0.85885
vn 0.235836 0.546573 0.803517
vn 0.0355425 0.683328 0.729245
vn -0.136126 0.653503 0.744583
vn 0.0987371 0.717393 0.689636
vn -0.335645 0.511833 0.790803
vn -0.476588 0.3093 0.82292
vn -0.542476 0.0696971 0.837175
vn -0.525373 -0.178925 0.831847
vn -0.426797 -0.407261 0.807454
vn -0.2578 -0.587908 0.766748
vn -0.0380991 -0.698614 0.714484
vn 0.206117 -0.725258 0.6569
vn 0.445154 -0.663806 0.600999
vn 0.649362 -0.521295 0.553697
vn 0.793364 -0.315021 0.520899
vn 0.859274 -0.0705107 0.506633
vn 0.839108 0.18185 0.512668
vn 0.73582 0.411053 0.538149
vn 0.562698 0.589243 0.579796
vn 0.341356 0.695353 0.632425
vn 0.923878 0.00160036 0.382684
vn 0.923878 0.00160036 0.382684
vn 0.98078 0.00156871 0.19511
vn 0.980788 0.0015687 0.195071
vn 0.707133 0.00147971 0.707079
vn 0.555615 0.00133304 0.831438
vn 0.999999 0.00147682 3.8876e-05
vn 0.999999 0.00147677 -3.79924e-05
vn 0.831479 0.00157036 0.555554
vn 0.980796 0.00132815 -0.195035
vn 0.980774 0.00132805 -0.195144
vn 0.923878 0.0016006 0.382683
vn 0.923906 0.00112856 -0.382617
vn 0.923852 0.0011284 -0.382747
vn 0.98078 0.00156885 0.195109
vn 0.831516 0.000885043 -0.5555
vn 0.831423 0.000884821 -0.555639
vn 0.999999 0.00147682 3.81705e-05
vn 0.707172 0.000607365 -0.707041
vn 0.707042 0.000607092 -0.707172
vn 0.980795 0.00132814 -0.195035
vn 0.555652 0.00030876 -0.831415
vn 0.555489 0.000308456 -0.831524
vn 0.366967 -3.09198e-05 -0.930234
vn -0.0154292 -0.000638717 -0.999881
vn 0.923906 0.00112868 -0.382618
vn 0.382776 -3.79232e-06 -0.923841
vn 0.382592 -4.11642e-06 -0.923917
vn 0.831515 0.000885777 -0.555501
vn 0.195187 -0.000317443 -0.980766
vn 0.194995 -0.000317748 -0.980804
vn 0.343974 -7.02651e-05 -0.938979
vn 0.707172 0.000609205 -0.707042
vn -0.195171 -0.000890933 -0.980769
vn -0.195008 -0.000890712 -0.980801
vn -0.382618 -0.00113424 -0.923906
vn -0.382748 -0.0011344 -0.923852
vn 0.555652 0.000308528 -0.831415
vn -0.555524 -0.00133333 -0.8315
vn -0.555615 -0.00133342 -0.831438
vn 0.382775 -3.00501e-06 -0.923841
vn -0.382617 -0.00113287 -0.923906
vn -0.195008 -0.000891816 -0.980801
vn -0.707079 -0.00147978 -0.707133
vn -0.707133 -0.00147982 -0.707079
vn 0.195186 -0.000314548 -0.980766
vn -0.831458 -0.00156995 -0.555585
vn -0.83148 -0.00156996 -0.555553
vn -0.555523 -0.00133173 -0.8315
vn -0.923878 -0.00160028 -0.382683
vn -0.923878 -0.00160028 -0.382683
vn -0.707078 -0.00147997 -0.707134
vn -0.18894 -0.000885546 -0.981988
vn -0.189415 -0.000886191 -0.981897
vn 0.189415 0.000885924 0.981897
vn -0.194995 0.000316065 0.980804
vn -0.980788 -0.0015688 -0.195071
vn -0.98078 -0.00156881 -0.19511
vn -0.831457 -0.00157064 -0.555587
vn 0.0138184 -0.00059437 -0.999904
vn 0.0140302 -0.000594057 -0.999901
vn 5.3426e-06 -1 -1.2759e-05
vn 5.3426e-06 -1 -1.2759e-05
vn 2.78518e-06 -1 -1.35549e-05
vn 2.78518e-06 -1 -1.35549e-05
vn 7.47964e-06 -1 -1.08083e-05
vn 7.47964e-06 -1 -1.08083e-05
vn 8.54816e-06 -1 -7.59137e-06
vn 8.54816e-06 -1 -7.59137e-06
vn 6.41112e-06 -1 -4.31395e-06
vn 6.41113e-06 -1 -4.31395e-06
vn 5.34261e-06 -1 -1.772e-06
vn 5.34261e-06 -1 -1.772e-06
vn 2.13704e-06 -1 -1.64065e-07
vn 2.13704e-06 -1 -1.64065e-07
vn 0 -1 3.85951e-07
vn -3.20557e-06 -1 -1.64065e-07
vn -3.20557e-06 -1 -1.64065e-07
vn -6.41113e-06 -1 -1.772e-06
vn -6.41112e-06 -1 -4.31395e-06
vn -6.41112e-06 -1 -4.31395e-06
vn -7.47965e-06 -1 -7.59138e-06
vn -7.47965e-06 -1 -7.59138e-06
vn -6.41113e-06 -1 -1.08083e-05
vn -6.41113e-06 -1 -1.08083e-05
vn -5.34261e-06 -1 -1.2759e-05
vn -2.62297e-06 -1 -1.35549e-05
vn 5.3426e-06 -1 -1.2759e-05
vn 5.3426e-06 -1 -1.2759e-05
vn 3.3045e-06 -1 -1.42544e-05
vn 3.3045e-06 -1 -1.42544e-05
vn 6.41112e-06 -1 -1.08083e-05
vn 6.41112e-06 -1 -1.08083e-05
vn 8.54817e-06 -1 -7.59138e-06
vn 8.54817e-06 -1 -7.59137e-06
vn 7.47965e-06 -1 -4.31395e-06
vn 7.47965e-06 -1 -4.31395e-06
vn 5.34261e-06 -1 -1.77199e-06
vn 5.3426e-06 -1 -1.77199e-06
vn 3.20556e-06 -1 -1.64061e-07
vn 3.20556e-06 -1 -1.64061e-07
vn -1.06852e-06 -1 3.8595e-07
vn -3.20556e-06 -1 -1.64067e-07
vn -3.20556e-06 -1 -1.64067e-07
vn -4.27408e-06 -1 -1.77201e-06
vn -4.27408e-06 -1 -1.77201e-06
vn -6.41113e-06 -1 -4.31396e-06
vn -7.47965e-06 -1 -7.59139e-06
vn -7.47965e-06 -1 -7.59139e-06
vn -6.41112e-06 -1 -1.08083e-05
vn -6.41112e-06 -1 -1.08083e-05
vn -4.80834e-06 -1 -1.2759e-05
vn -4.80834e-06 -1 -1.2759e-05
vn -3.15744e-06 -1 -1.42794e-05
vn -3.15744e-06 -1 -1.42794e-05
vn 0.0586166 -0.997977 0.0246021
vn 0.0588663 -0.997961 0.0246912
vn 0.0693471 -0.997239 0.0265665
vn 0.0695706 -0.997221 0.0266522
vn -0.0107256 -0.999941 -0.0019869
vn -0.0107255 -0.999941 -0.00198687
vn -3.09558e-06 -1 -1.50141e-05
vn -3.09558e-06 -1 -1.50141e-05
vn -4.04454e-06 -1 -1.49395e-05
vn -4.04455e-06 -1 -1.49395e-05
vn -2.67427e-07 -1 -1.44485e-05
vn -2.67427e-07 -1 -1.44485e-05
vn 0.382748 0.00113424 0.923852
vn 0.831457 0.00157011 0.555587
vn 0.831479 0.00157012 0.555555
vn 0.195171 0.000892764 0.980769
vn 0.707079 0.00147978 0.707133
vn 0.707133 0.00147982 0.70708
vn -0.382592 3.32405e-06 0.923917
vn 0.555523 0.00133333 0.8315
vn 0.555615 0.00133342 0.831439
vn -0.555489 -0.000309425 0.831524
vn 0.175235 0.000868372 0.984526
vn 0.382616 0.00113488 0.923907
vn 0.382747 0.00113504 0.923853
vn -0.382776 3.16148e-06 0.923841
vn -0.382592 3.47916e-06 0.923918
vn -0.194994 0.000315166 0.980804
vn -0.195187 0.000314858 0.980766
vn -0.707042 -0.000608631 0.707171
vn 0.195008 0.000891491 0.980801
vn 0.19517 0.000891713 0.980769
vn -0.555652 -0.000308128 0.831415
vn -0.555489 -0.00030782 0.831524
vn -0.831424 -0.000885252 0.555638
vn -0.0138185 0.00059793 0.999904
vn -0.366147 3.19285e-05 0.930557
vn -0.332658 8.91899e-05 0.943047
vn -0.383463 6.20498e-07 0.923556
vn -0.34603 6.49503e-05 0.938223
vn -0.707172 -0.000608316 0.707041
vn -0.707041 -0.000608043 0.707172
vn -0.923852 -0.00112859 0.382748
vn 0.0156585 0.000639327 0.999877
vn 0.0171977 0.000641594 0.999852
vn -0.831515 -0.000885361 0.555501
vn -0.831423 -0.000885139 0.555639
vn -0.980774 -0.00132814 0.195144
vn -0.175738 -0.000866876 -0.984437
vn -0.175235 -0.000866186 -0.984526
vn -0.923906 -0.00112864 0.382618
vn -0.923852 -0.00112848 0.382749
vn -0.999999 -0.00147678 3.74396e-05
vn -0.980795 -0.00132822 0.195036
vn -0.980774 -0.00132813 0.195145
vn -0.980788 -0.00156876 -0.195072
vn -0.923878 -0.00160052 -0.382684
vn -0.999999 -0.00147683 -3.84803e-05
vn -0.999999 -0.00147678 3.83784e-05

# Mesh 'Bucket_Bucket' with 5032 faces
g Bucket_Bucket
usemtl DefaultMaterial
f  1/1/1 2/2/2 3/3/3
f  3/3/3 4/4/4 1/1/1
f  5/5/5 6/6/6 2/2/2
f  2/2/2 1/1/1 5/5/5
f  7/7/7 8/8/8 6/6/6
f  6/6/6 5/5/5 7/7/7
f  9/9/9 10/10/10 8/8/8
f  8/8/8 7/7/7 9/9/9
f  11/11/11 12/12/12 10/10/10
f  10/10/10 9/9/9 11/11/11
f  13/13/13 14/14/14 12/12/12
f  12/12/12 11/11/11 13/13/13
f  15/15/15 16/16/16 14/14/14
f  14/14/14 13/13/13 15/15/15
f  17/17/17 18/18/18 16/16/16
f  16/16/16 15/15/15 17/17/17
f  19/19/19 20/20/20 18/18/18
f  18/18/18 17/17/17 19/19/19
f  21/21/21 22/22/22 20/20/20
f  20/20/20 19/19/19 21/21/21
f  23/23/23 24/24/24 22/22/22
f  22/22/22 21/21/21 23/23/23
f  25/25/25 26/26/26 24/24/24
f  24/24/24 23/23/23 25/25/25
f  27/27/27 28/28/28 26/26/26
f  26/26/26 25/25/25 27/27/27
f  29/29/29 30/30/30 31/31/31
f  31/31/31 32/32/32 29/29/29
f  33/33/33 34/34/34 35/35/35
f  35/35/35 28/28/28 33/33/33
f  36/36/36 37/37/37 38/38/38
f  38/38/38 39/39/39 36/36/36
f  40/40/40 41/41/41 37/37/37
f  37/37/37 36/36/36 40/40/40
f  42/42/42 43/43/43 41/41/41
f  41/41/41 40/40/40 42/42/42
f  44/44/44 45/45/45 43/43/43
f  43/43/43 42/42/42 44/44/44
f  46/46/46 47/47/47 45/45/45
f  45/45/45 44/44/44 46/46/46
f  48/48/48 49/49/49 47/47/47
f  47/47/47 46/46/46 48/48/48
f  50/50/50 51/51/51 49/49/49
f  49/49/49 48/48/48 50/50/50
f  52/52/52 53/53/53 51/51/51
f  51/51/51 50/50/50 52/52/52
f  54/54/54 55/55/55 53/53/53
f  53/53/53 52/52/52 54/54/54
f  56/56/56 57/57/57 55/55/55
f  55/55/55 54/54/54 56/56/56
f  58/58/58 59/59/59 57/57/57
f  57/57/57 56/56/56 58/58/58
f  60/60/60 61/61/61 59/59/59
f  59/59/59 58/58/58 60/60/60
f  62/62/62 63/63/63 61/61/61
f  61/61/61 60/60/60 62/62/62
f  64/64/64 65/65/65 63/63/63
f  63/63/63 62/62/62 64/64/64
f  66/66/66 67/67/67 68/68/68
f  68/68/68 69/69/69 66/66/66
f  70/70/70 71/71/71 72/72/72
f  72/72/72 73/73/73 70/70/70
f  38/38/38 74/74/74 75/75/75
f  75/75/75 76/76/76 38/38/38
f  77/77/77 78/78/78 79/79/79
f  79/79/79 80/80/80 77/77/77
f  81/81/81 82/82/82 83/83/83
f  83/83/83 84/84/84 81/81/81
f  82/82/82 85/85/85 86/86/86
f  86/86/86 83/83/83 82/82/82
f  85/85/85 87/87/87 88/88/88
f  88/88/88 86/86/86 85/85/85
f  87/87/87 89/89/89 90/90/90
f  90/90/90 88/88/88 87/87/87
f  89/89/89 91/91/91 92/92/92
f  92/92/92 90/90/90 89/89/89
f  91/91/91 93/93/93 94/94/94
f  94/94/94 92/92/92 91/91/91
f  93/93/93 95/95/95 96/96/96
f  96/96/96 94/94/94 93/93/93
f  95/95/95 97/97/97 98/98/98
f  98/98/98 96/96/96 95/95/95
f  97/97/97 99/99/99 100/100/100
f  100/100/100 98/98/98 97/97/97
f  99/99/99 101/101/101 102/102/102
f  102/102/102 100/100/100 99/99/99
f  101/101/101 103/103/103 104/104/104
f  104/104/104 102/102/102 101/101/101
f  103/103/103 105/105/105 106/106/106
f  106/106/106 104/104/104 103/103/103
f  105/105/105 107/107/107 108/108/108
f  108/108/108 106/106/106 105/105/105
f  107/107/107 109/109/109 110/110/110
f  110/110/110 108/108/108 107/107/107
f  111/111/111 112/112/112 113/113/113
f  113/113/113 114/114/114 111/111/111
f  109/109/109 115/115/115 116/116/116
f  116/116/116 110/110/110 109/109/109
f  112/112/117 117/117/118 118/118/119
f  118/118/119 119/119/120 112/112/117
f  117/117/118 120/120/121 121/121/122
f  121/121/122 118/118/119 117/117/118
f  120/120/121 122/122/123 123/123/124
f  123/123/124 121/121/122 120/120/121
f  122/122/123 124/124/125 125/125/126
f  125/125/126 123/123/124 122/122/123
f  124/124/125 126/126/127 127/127/128
f  127/127/128 125/125/126 124/124/125
f  126/126/127 128/128/129 129/129/130
f  129/129/130 127/127/128 126/126/127
f  128/128/129 130/130/131 131/131/132
f  131/131/132 129/129/130 128/128/129
f  130/130/131 132/132/133 133/133/134
f  133/133/134 131/131/132 130/130/131
f  132/132/133 134/134/135 135/135/136
f  135/135/136 133/133/134 132/132/133
f  134/134/135 136/136/137 137/137/138
f  137/137/138 135/135/136 134/134/135
f  136/136/137 138/138/139 139/139/140
f  139/139/140 137/137/138 136/136/137
f  138/138/139 140/140/141 141/141/142
f  141/141/142 139/139/140 138/138/139
f  140/140/141 142/142/143 143/143/144
f  143/143/144 141/141/142 140/140/141
f  142/142/143 72/72/145 144/144/146
f  144/144/146 143/143/144 142/142/143
f  145/145/147 146/146/148 147/147/149
f  147/147/149 148/148/150 145/145/147
f  149/149/151 150/150/152 151/151/153
f  151/151/153 152/152/154 149/149/151
f  4/4/4 3/3/3 153/153/155
f  153/153/155 30/30/156 4/4/4
f  154/154/157 77/77/77 80/80/80
f  80/80/80 155/155/158 154/154/157
f  156/156/159 157/157/160 148/148/161
f  148/148/161 158/158/162 156/156/159
f  78/78/78 159/159/163 160/160/164
f  160/160/164 79/79/79 78/78/78
f  159/159/163 161/161/165 162/162/166
f  162/162/166 160/160/164 159/159/163
f  161/161/165 163/163/167 164/164/168
f  164/164/168 162/162/166 161/161/165
f  163/163/167 165/165/169 166/166/170
f  166/166/170 164/164/168 163/163/167
f  165/165/169 167/167/171 168/168/172
f  168/168/172 166/166/170 165/165/169
f  167/167/171 169/169/173 170/170/174
f  170/170/174 168/168/172 167/167/171
f  169/169/173 171/171/175 172/172/176
f  172/172/176 170/170/174 169/169/173
f  171/171/175 173/173/177 174/174/178
f  174/174/178 172/172/176 171/171/175
f  173/173/177 175/175/179 176/176/180
f  176/176/180 174/174/178 173/173/177
f  175/175/179 177/177/181 178/178/182
f  178/178/182 176/176/180 175/175/179
f  177/177/181 179/179/183 180/180/184
f  180/180/184 178/178/182 177/177/181
f  181/181/185 182/182/186 183/183/187
f  183/183/187 184/184/188 181/181/185
f  185/185/189 81/81/190 186/186/191
f  186/186/191 187/187/192 185/185/189
f  179/179/183 188/188/193 189/189/194
f  189/189/194 180/180/184 179/179/183
f  190/190/195 191/191/196 192/192/197
f  192/192/197 193/193/198 190/190/195
f  191/191/196 194/194/199 195/195/200
f  195/195/200 192/192/197 191/191/196
f  194/194/199 196/196/201 197/197/202
f  197/197/202 195/195/200 194/194/199
f  196/196/201 198/198/203 199/199/204
f  199/199/204 197/197/202 196/196/201
f  198/198/203 200/200/205 201/201/206
f  201/201/206 199/199/204 198/198/203
f  200/200/205 202/202/207 203/203/208
f  203/203/208 201/201/206 200/200/205
f  202/202/207 204/204/209 205/205/210
f  205/205/210 203/203/208 202/202/207
f  204/204/209 206/206/211 207/207/212
f  207/207/212 205/205/210 204/204/209
f  206/206/211 208/208/213 209/209/214
f  209/209/214 207/207/212 206/206/211
f  208/208/213 210/210/215 211/211/216
f  211/211/216 209/209/214 208/208/213
f  210/210/215 212/212/217 213/213/218
f  213/213/218 211/211/216 210/210/215
f  212/212/217 214/214/219 215/215/220
f  215/215/220 213/213/218 212/212/217
f  214/214/219 216/216/221 217/217/222
f  217/217/222 215/215/220 214/214/219
f  188/188/193 218/218/223 219/219/224
f  219/219/224 189/189/194 188/188/193
f  151/151/153 220/220/225 221/221/226
f  221/221/226 152/152/154 151/151/153
f  183/183/187 222/222/227 223/223/228
f  223/223/228 184/184/188 183/183/187
f  224/224/229 225/225/230 146/146/148
f  146/146/148 145/145/147 224/224/229
f  226/226/231 227/227/232 228/228/233
f  228/228/233 229/229/234 226/226/231
f  230/230/235 231/231/236 225/225/230
f  225/225/230 224/224/229 230/230/235
f  232/232/237 82/82/238 81/81/190
f  81/81/190 185/185/189 232/232/237
f  233/233/239 234/234/240 231/231/236
f  231/231/236 230/230/235 233/233/239
f  235/235/241 85/85/242 82/82/238
f  82/82/238 232/232/237 235/235/241
f  236/236/243 237/237/244 234/234/240
f  234/234/240 233/233/239 236/236/243
f  238/238/245 87/87/246 85/85/242
f  85/85/242 235/235/241 238/238/245
f  239/239/247 240/240/248 237/237/244
f  237/237/244 236/236/243 239/239/247
f  241/241/249 89/89/250 87/87/246
f  87/87/246 238/238/245 241/241/249
f  242/242/251 243/243/252 240/240/248
f  240/240/248 239/239/247 242/242/251
f  244/244/253 91/91/254 89/89/250
f  89/89/250 241/241/249 244/244/253
f  245/245/255 246/246/256 243/243/252
f  243/243/252 242/242/251 245/245/255
f  247/247/257 93/93/258 91/91/254
f  91/91/254 244/244/253 247/247/257
f  248/248/259 249/249/260 246/246/256
f  246/246/256 245/245/255 248/248/259
f  250/250/261 95/95/262 93/93/258
f  93/93/258 247/247/257 250/250/261
f  251/251/263 252/252/264 249/249/260
f  249/249/260 248/248/259 251/251/263
f  253/253/265 97/97/266 95/95/262
f  95/95/262 250/250/261 253/253/265
f  254/254/267 255/255/268 252/252/264
f  252/252/264 251/251/263 254/254/267
f  256/256/269 99/99/270 97/97/266
f  97/97/266 253/253/265 256/256/269
f  257/257/271 258/258/272 255/255/268
f  255/255/268 254/254/267 257/257/271
f  259/259/273 101/101/274 99/99/270
f  99/99/270 256/256/269 259/259/273
f  260/260/275 261/261/276 258/258/272
f  258/258/272 257/257/271 260/260/275
f  262/262/277 103/103/278 101/101/274
f  101/101/274 259/259/273 262/262/277
f  263/263/279 264/264/280 261/261/276
f  261/261/276 260/260/275 263/263/279
f  265/265/281 105/105/282 103/103/278
f  103/103/278 262/262/277 265/265/281
f  184/184/188 223/223/228 264/264/280
f  264/264/280 263/263/279 184/184/188
f  266/266/283 107/107/284 105/105/282
f  105/105/282 265/265/281 266/266/283
f  267/267/285 268/268/286 269/269/287
f  269/269/287 270/270/288 267/267/285
f  271/271/289 109/109/290 107/107/284
f  107/107/284 266/266/283 271/271/289
f  272/272/291 115/115/292 109/109/290
f  109/109/290 271/271/289 272/272/291
f  113/113/293 112/112/117 119/119/120
f  119/119/120 273/273/294 113/113/293
f  274/274/295 275/275/296 268/268/286
f  268/268/286 267/267/285 274/274/295
f  228/228/233 227/227/232 276/276/297
f  276/276/297 277/277/298 228/228/233
f  278/278/299 279/279/300 275/275/296
f  275/275/296 274/274/295 278/278/299
f  280/280/301 117/117/302 112/112/112
f  112/112/112 111/111/111 280/280/301
f  281/281/303 282/282/304 279/279/300
f  279/279/300 278/278/299 281/281/303
f  283/283/305 120/120/306 117/117/302
f  117/117/302 280/280/301 283/283/305
f  284/284/307 285/285/308 282/282/304
f  282/282/304 281/281/303 284/284/307
f  286/286/309 122/122/310 120/120/306
f  120/120/306 283/283/305 286/286/309
f  287/287/311 288/288/312 285/285/308
f  285/285/308 284/284/307 287/287/311
f  289/289/313 124/124/314 122/122/310
f  122/122/310 286/286/309 289/289/313
f  290/290/315 291/291/316 288/288/312
f  288/288/312 287/287/311 290/290/315
f  292/292/317 126/126/318 124/124/314
f  124/124/314 289/289/313 292/292/317
f  293/293/319 294/294/320 291/291/316
f  291/291/316 290/290/315 293/293/319
f  295/295/321 128/128/322 126/126/318
f  126/126/318 292/292/317 295/295/321
f  296/296/323 297/297/324 294/294/320
f  294/294/320 293/293/319 296/296/323
f  298/298/325 130/130/326 128/128/322
f  128/128/322 295/295/321 298/298/325
f  299/299/327 300/300/328 297/297/324
f  297/297/324 296/296/323 299/299/327
f  301/301/329 132/132/330 130/130/326
f  130/130/326 298/298/325 301/301/329
f  302/302/331 303/303/332 300/300/328
f  300/300/328 299/299/327 302/302/331
f  304/304/333 134/134/334 132/132/330
f  132/132/330 301/301/329 304/304/333
f  305/305/335 306/306/336 303/303/332
f  303/303/332 302/302/331 305/305/335
f  307/307/337 136/136/338 134/134/334
f  134/134/334 304/304/333 307/307/337
f  308/308/339 309/309/340 306/306/336
f  306/306/336 305/305/335 308/308/339
f  310/310/341 138/138/342 136/136/338
f  136/136/338 307/307/337 310/310/341
f  311/311/343 312/312/344 309/309/340
f  309/309/340 308/308/339 311/311/343
f  313/313/345 140/140/346 138/138/342
f  138/138/342 310/310/341 313/313/345
f  152/152/154 221/221/226 312/312/344
f  312/312/344 311/311/343 152/152/154
f  314/314/347 142/142/348 140/140/346
f  140/140/346 313/313/345 314/314/347
f  186/186/349 81/81/81 84/84/84
f  84/84/84 315/315/350 186/186/349
f  73/73/73 72/72/72 142/142/348
f  142/142/348 314/314/347 73/73/73
f  316/316/351 317/317/352 318/318/353
f  318/318/353 144/144/146 316/316/351
f  116/116/116 319/319/354 320/320/355
f  320/320/355 110/110/110 116/116/116
f  83/83/83 321/321/356 322/322/357
f  322/322/357 84/84/84 83/83/83
f  86/86/86 323/323/358 321/321/356
f  321/321/356 83/83/83 86/86/86
f  324/324/359 325/325/360 227/227/232
f  227/227/232 226/226/231 324/324/359
f  88/88/88 326/326/361 323/323/358
f  323/323/358 86/86/86 88/88/88
f  327/327/362 328/328/363 325/325/360
f  325/325/360 324/324/359 327/327/362
f  90/90/90 329/329/364 326/326/361
f  326/326/361 88/88/88 90/90/90
f  330/330/365 331/331/366 328/328/363
f  328/328/363 327/327/362 330/330/365
f  92/92/92 332/332/367 329/329/364
f  329/329/364 90/90/90 92/92/92
f  333/333/368 334/334/369 331/331/366
f  331/331/366 330/330/365 333/333/368
f  94/94/94 335/335/370 332/332/367
f  332/332/367 92/92/92 94/94/94
f  336/336/371 337/337/372 334/334/369
f  334/334/369 333/333/368 336/336/371
f  96/96/96 338/338/373 335/335/370
f  335/335/370 94/94/94 96/96/96
f  339/339/374 340/340/375 337/337/372
f  337/337/372 336/336/371 339/339/374
f  98/98/98 341/341/376 338/338/373
f  338/338/373 96/96/96 98/98/98
f  342/342/377 343/343/378 340/340/375
f  340/340/375 339/339/374 342/342/377
f  100/100/100 344/344/379 341/341/376
f  341/341/376 98/98/98 100/100/100
f  345/345/380 346/346/381 343/343/378
f  343/343/378 342/342/377 345/345/380
f  102/102/102 347/347/382 344/344/379
f  344/344/379 100/100/100 102/102/102
f  348/348/383 349/349/384 346/346/381
f  346/346/381 345/345/380 348/348/383
f  104/104/104 350/350/385 347/347/382
f  347/347/382 102/102/102 104/104/104
f  351/351/386 352/352/387 349/349/384
f  349/349/384 348/348/383 351/351/386
f  106/106/106 353/353/388 350/350/385
f  350/350/385 104/104/104 106/106/106
f  354/354/389 355/355/390 352/352/387
f  352/352/387 351/351/386 354/354/389
f  108/108/108 356/356/391 353/353/388
f  353/353/388 106/106/106 108/108/108
f  357/357/392 358/358/393 355/355/390
f  355/355/390 354/354/389 357/357/392
f  110/110/110 320/320/355 356/356/391
f  356/356/391 108/108/108 110/110/110
f  359/359/394 360/360/395 358/358/393
f  358/358/393 357/357/392 359/359/394
f  119/119/120 361/361/396 362/362/397
f  362/362/397 273/273/294 119/119/120
f  363/363/398 364/364/399 360/360/395
f  360/360/395 359/359/394 363/363/398
f  364/364/399 365/365/400 75/75/75
f  75/75/75 74/74/74 364/364/399
f  366/366/401 367/367/402 35/35/35
f  35/35/35 34/34/34 366/366/401
f  118/118/119 368/368/403 361/361/396
f  361/361/396 119/119/120 118/118/119
f  369/369/404 221/221/226 220/220/225
f  220/220/225 370/370/405 369/369/404
f  121/121/122 371/371/406 368/368/403
f  368/368/403 118/118/119 121/121/122
f  372/372/407 373/373/408 367/367/402
f  367/367/402 374/374/409 372/372/407
f  123/123/124 375/375/410 371/371/406
f  371/371/406 121/121/122 123/123/124
f  376/376/411 377/377/412 373/373/408
f  373/373/408 372/372/407 376/376/411
f  125/125/126 378/378/413 375/375/410
f  375/375/410 123/123/124 125/125/126
f  379/379/414 380/380/415 377/377/412
f  377/377/412 376/376/411 379/379/414
f  127/127/128 381/381/416 378/378/413
f  378/378/413 125/125/126 127/127/128
f  382/382/417 383/383/418 380/380/415
f  380/380/415 379/379/414 382/382/417
f  129/129/130 384/384/419 381/381/416
f  381/381/416 127/127/128 129/129/130
f  385/385/420 386/386/421 383/383/418
f  383/383/418 382/382/417 385/385/420
f  131/131/132 387/387/422 384/384/419
f  384/384/419 129/129/130 131/131/132
f  388/388/423 389/389/424 386/386/421
f  386/386/421 385/385/420 388/388/423
f  133/133/134 390/390/425 387/387/422
f  387/387/422 131/131/132 133/133/134
f  391/391/426 392/392/427 389/389/424
f  389/389/424 388/388/423 391/391/426
f  135/135/136 393/393/428 390/390/425
f  390/390/425 133/133/134 135/135/136
f  394/394/429 395/395/430 392/392/427
f  392/392/427 391/391/426 394/394/429
f  137/137/138 396/396/431 393/393/428
f  393/393/428 135/135/136 137/137/138
f  397/397/432 398/398/433 395/395/430
f  395/395/430 394/394/429 397/397/432
f  139/139/140 399/399/434 396/396/431
f  396/396/431 137/137/138 139/139/140
f  400/400/435 401/401/436 398/398/433
f  398/398/433 397/397/432 400/400/435
f  141/141/142 402/402/437 399/399/434
f  399/399/434 139/139/140 141/141/142
f  403/403/438 404/404/439 401/401/436
f  401/401/436 400/400/435 403/403/438
f  143/143/144 405/405/440 402/402/437
f  402/402/437 141/141/142 143/143/144
f  406/406/441 407/407/442 404/404/439
f  404/404/439 403/403/438 406/406/441
f  144/144/146 318/318/353 405/405/440
f  405/405/440 143/143/144 144/144/146
f  408/408/443 409/409/444 407/407/442
f  407/407/442 406/406/441 408/408/443
f  410/410/445 411/411/446 412/412/447
f  412/412/447 413/413/448 410/410/445
f  414/414/449 410/410/445 409/409/444
f  409/409/444 408/408/443 414/414/449
f  415/415/450 416/416/450 417/417/450
f  417/417/450 418/418/450 419/419/450
f  417/417/450 419/419/450 420/420/450
f  417/417/450 420/420/450 421/421/450
f  417/417/450 421/421/450 422/422/450
f  417/417/450 422/422/450 423/423/450
f  417/417/450 423/423/450 424/424/450
f  417/417/450 424/424/450 425/425/450
f  417/417/450 425/425/450 426/426/450
f  417/417/450 426/426/450 427/427/450
f  417/417/450 427/427/450 428/428/450
f  417/417/450 428/428/450 429/429/450
f  417/417/450 429/429/450 430/430/450
f  417/417/450 430/430/450 431/431/450
f  417/417/450 431/431/450 432/432/450
f  417/417/450 432/432/450 433/433/450
f  417/417/450 433/433/450 434/434/450
f  417/417/450 434/434/450 435/435/450
f  417/417/450 435/435/450 436/436/450
f  417/417/450 436/436/450 437/437/450
f  417/417/450 437/437/450 438/438/450
f  417/417/450 438/438/450 439/439/450
f  417/417/450 439/439/450 440/440/450
f  417/417/450 440/440/450 441/441/450
f  417/417/450 441/441/450 442/442/450
f  417/417/450 442/442/450 443/443/450
f  417/417/450 443/443/450 444/444/450
f  417/417/450 444/444/450 445/445/450
f  417/417/450 445/445/450 446/446/450
f  417/417/450 446/446/450 447/447/450
f  417/417/450 447/447/450 448/448/450
f  417/417/450 448/448/450 449/449/450
f  417/417/450 449/449/450 450/450/450
f  417/417/450 450/450/450 415/415/450
f  451/451/451 261/261/276 264/264/280
f  264/264/280 452/452/452 451/451/451
f  453/453/453 309/309/340 312/312/344
f  312/312/344 454/454/454 453/453/453
f  185/185/189 455/455/455 456/456/456
f  456/456/456 232/232/237 185/185/189
f  457/457/457 147/147/149 146/146/148
f  146/146/148 458/458/458 457/457/457
f  232/232/237 456/456/456 459/459/459
f  459/459/459 235/235/241 232/232/237
f  458/460/458 146/146/148 225/225/230
f  225/225/230 460/461/460 458/460/458
f  235/235/241 459/459/459 461/462/461
f  461/462/461 238/238/245 235/235/241
f  460/461/460 225/225/230 231/231/236
f  231/231/236 462/463/462 460/461/460
f  238/238/245 461/464/461 463/465/463
f  463/465/463 241/241/249 238/238/245
f  462/463/462 231/231/236 234/234/240
f  234/234/240 464/466/464 462/463/462
f  241/241/249 463/465/463 465/467/465
f  465/467/465 244/244/253 241/241/249
f  464/466/464 234/234/240 237/237/244
f  237/237/244 466/468/466 464/466/464
f  244/244/253 465/469/465 467/470/467
f  467/470/467 247/247/257 244/244/253
f  466/468/466 237/237/244 240/240/248
f  240/240/248 468/471/468 466/468/466
f  247/247/257 467/472/467 469/473/469
f  469/473/469 250/250/261 247/247/257
f  468/471/468 240/240/248 243/243/252
f  243/243/252 470/474/470 468/471/468
f  250/250/261 469/475/469 471/476/471
f  471/476/471 253/253/265 250/250/261
f  470/474/470 243/243/252 246/246/256
f  246/246/256 472/477/472 470/474/470
f  253/253/265 471/476/471 473/478/473
f  473/478/473 256/256/269 253/253/265
f  472/479/472 246/246/256 249/249/260
f  249/249/260 474/480/474 472/479/472
f  256/256/269 473/478/473 475/481/475
f  475/481/475 259/259/273 256/256/269
f  474/480/474 249/249/260 252/252/264
f  252/252/264 476/482/476 474/480/474
f  259/259/273 475/483/475 477/484/477
f  477/484/477 262/262/277 259/259/273
f  476/482/476 252/252/264 255/255/268
f  255/255/268 478/485/478 476/482/476
f  262/262/277 477/484/477 479/486/479
f  479/486/479 265/265/281 262/262/277
f  478/485/478 255/255/268 258/258/272
f  258/258/272 480/487/480 478/485/478
f  265/265/281 479/486/479 481/488/481
f  481/488/481 266/266/283 265/265/281
f  480/489/480 258/258/272 261/261/276
f  261/261/276 451/490/451 480/489/480
f  266/266/283 481/488/481 482/491/482
f  482/491/482 271/271/289 266/266/283
f  271/271/289 482/491/482 483/492/483
f  483/492/483 272/272/291 271/271/289
f  114/114/114 484/493/484 485/494/485
f  485/494/485 111/111/111 114/114/114
f  486/495/486 318/318/353 317/317/352
f  317/317/352 487/496/487 486/495/486
f  452/452/452 264/264/280 223/223/228
f  223/223/228 488/497/488 452/452/452
f  488/497/488 223/223/228 222/222/227
f  222/222/227 489/498/489 488/497/488
f  111/111/111 485/499/485 490/500/490
f  490/500/490 280/280/301 111/111/111
f  491/501/491 269/269/287 268/268/286
f  268/268/286 492/502/492 491/501/491
f  280/280/301 490/500/490 493/503/493
f  493/503/493 283/283/305 280/280/301
f  492/502/492 268/268/286 275/275/296
f  275/275/296 494/504/494 492/502/492
f  283/283/305 493/503/493 495/505/495
f  495/505/495 286/286/309 283/283/305
f  494/504/494 275/275/296 279/279/300
f  279/279/300 496/506/496 494/504/494
f  286/286/309 495/505/495 497/507/497
f  497/507/497 289/289/313 286/286/309
f  496/508/496 279/279/300 282/282/304
f  282/282/304 498/509/498 496/508/496
f  289/289/313 497/507/497 499/510/499
f  499/510/499 292/292/317 289/289/313
f  498/511/498 282/282/304 285/285/308
f  285/285/308 500/512/500 498/511/498
f  292/292/317 499/513/499 501/514/501
f  501/514/501 295/295/321 292/292/317
f  500/512/500 285/285/308 288/288/312
f  288/288/312 502/515/502 500/512/500
f  295/295/321 501/516/501 503/517/503
f  503/517/503 298/298/325 295/295/321
f  502/518/502 288/288/312 291/291/316
f  291/291/316 504/519/504 502/518/502
f  298/298/325 503/517/503 505/520/505
f  505/520/505 301/301/329 298/298/325
f  504/519/504 291/291/316 294/294/320
f  294/294/320 506/521/506 504/519/504
f  301/301/329 505/522/505 507/523/507
f  507/523/507 304/304/333 301/301/329
f  506/521/506 294/294/320 297/297/324
f  297/297/324 508/524/508 506/521/506
f  304/304/333 507/525/507 509/526/509
f  509/526/509 307/307/337 304/304/333
f  508/524/508 297/297/324 300/300/328
f  300/300/328 510/527/510 508/524/508
f  307/307/337 509/528/509 511/529/511
f  511/529/511 310/310/341 307/307/337
f  510/527/510 300/300/328 303/303/332
f  303/303/332 512/530/512 510/527/510
f  310/310/341 511/531/511 513/532/513
f  513/532/513 313/313/345 310/310/341
f  512/530/512 303/303/332 306/306/336
f  306/306/336 514/533/514 512/530/512
f  313/313/345 513/532/513 515/534/515
f  515/534/515 314/314/347 313/313/345
f  514/535/514 306/306/336 309/309/340
f  309/309/340 453/453/453 514/535/514
f  314/314/347 515/534/515 516/536/516
f  516/536/516 73/73/73 314/314/347
f  73/73/73 516/536/516 517/537/517
f  517/537/517 70/70/70 73/73/73
f  187/187/192 518/538/518 455/455/455
f  455/455/455 185/185/189 187/187/192
f  519/539/519 405/405/440 318/318/353
f  318/318/353 486/540/486 519/539/519
f  520/541/520 353/353/388 356/356/391
f  356/356/391 521/542/521 520/541/520
f  522/543/522 402/402/437 405/405/440
f  405/405/440 519/539/519 522/543/522
f  226/226/231 523/544/523 524/545/524
f  524/545/524 324/324/359 226/226/231
f  525/546/525 526/547/526 322/322/357
f  322/322/357 527/548/527 525/546/525
f  324/324/359 524/549/524 528/550/528
f  528/550/528 327/327/362 324/324/359
f  527/548/527 322/322/357 321/321/356
f  321/321/356 529/551/529 527/548/527
f  327/327/362 528/552/528 530/553/530
f  530/553/530 330/330/365 327/327/362
f  529/554/529 321/321/356 323/323/358
f  323/323/358 531/555/531 529/554/529
f  330/330/365 530/553/530 532/556/532
f  532/556/532 333/333/368 330/330/365
f  531/557/531 323/323/358 326/326/361
f  326/326/361 533/558/533 531/557/531
f  333/333/368 532/559/532 534/560/534
f  534/560/534 336/336/371 333/333/368
f  533/558/533 326/326/361 329/329/364
f  329/329/364 535/561/535 533/558/533
f  336/336/371 534/562/534 536/563/536
f  536/563/536 339/339/374 336/336/371
f  535/564/535 329/329/364 332/332/367
f  332/332/367 537/565/537 535/564/535
f  339/339/374 536/563/536 538/566/538
f  538/566/538 342/342/377 339/339/374
f  537/565/537 332/332/367 335/335/370
f  335/335/370 539/567/539 537/565/537
f  342/342/377 538/568/538 540/569/540
f  540/569/540 345/345/380 342/342/377
f  539/570/539 335/335/370 338/338/373
f  338/338/373 541/571/541 539/570/539
f  345/345/380 540/572/540 542/573/542
f  542/573/542 348/348/383 345/345/380
f  541/574/541 338/338/373 341/341/376
f  341/341/376 543/575/543 541/574/541
f  348/348/383 542/573/542 544/576/544
f  544/576/544 351/351/386 348/348/383
f  543/575/543 341/341/376 344/344/379
f  344/344/379 545/577/545 543/575/543
f  351/351/386 544/576/544 546/578/546
f  546/578/546 354/354/389 351/351/386
f  545/579/545 344/344/379 347/347/382
f  347/347/382 547/580/547 545/579/545
f  354/354/389 546/578/546 548/581/548
f  548/581/548 357/357/392 354/354/389
f  547/580/547 347/347/382 350/350/385
f  350/350/385 549/582/549 547/580/547
f  357/357/392 548/581/548 550/583/550
f  550/583/550 359/359/394 357/357/392
f  549/584/549 350/350/385 353/353/388
f  353/353/388 520/541/520 549/584/549
f  359/359/394 550/585/550 551/586/551
f  551/586/551 363/363/398 359/359/394
f  363/363/398 551/587/551 552/588/552
f  552/588/552 553/589/553 363/363/398
f  554/590/554 555/591/555 556/592/556
f  556/592/556 374/374/409 554/590/554
f  557/593/557 29/29/29 32/32/32
f  32/32/32 558/594/558 557/593/557
f  521/542/521 356/356/391 320/320/355
f  320/320/355 559/595/559 521/542/521
f  559/595/559 320/320/355 319/319/354
f  319/319/354 560/596/560 559/595/559
f  374/374/409 556/592/556 561/597/561
f  561/597/561 372/372/407 374/374/409
f  562/598/562 362/362/397 361/361/396
f  361/361/396 563/599/563 562/598/562
f  372/372/407 561/600/561 564/601/564
f  564/601/564 376/376/411 372/372/407
f  563/599/563 361/361/396 368/368/403
f  368/368/403 565/602/565 563/599/563
f  376/376/411 564/603/564 566/604/566
f  566/604/566 379/379/414 376/376/411
f  565/602/565 368/368/403 371/371/406
f  371/371/406 567/605/567 565/602/565
f  379/379/414 566/606/566 568/607/568
f  568/607/568 382/382/417 379/379/414
f  567/605/567 371/371/406 375/375/410
f  375/375/410 569/608/569 567/605/567
f  382/382/417 568/607/568 570/609/570
f  570/609/570 385/385/420 382/382/417
f  569/610/569 375/375/410 378/378/413
f  378/378/413 571/611/571 569/610/569
f  385/385/420 570/609/570 572/612/572
f  572/612/572 388/388/423 385/385/420
f  571/613/571 378/378/413 381/381/416
f  381/381/416 573/614/573 571/613/571
f  388/388/423 572/612/572 574/615/574
f  574/615/574 391/391/426 388/388/423
f  573/616/573 381/381/416 384/384/419
f  384/384/419 575/617/575 573/616/573
f  391/391/426 574/615/574 576/618/576
f  576/618/576 394/394/429 391/391/426
f  575/617/575 384/384/419 387/387/422
f  387/387/422 577/619/577 575/617/575
f  394/394/429 576/620/576 578/621/578
f  578/621/578 397/397/432 394/394/429
f  577/619/577 387/387/422 390/390/425
f  390/390/425 579/622/579 577/619/577
f  397/397/432 578/623/578 580/624/580
f  580/624/580 400/400/435 397/397/432
f  579/622/579 390/390/425 393/393/428
f  393/393/428 581/625/581 579/622/579
f  400/400/435 580/624/580 582/626/582
f  582/626/582 403/403/438 400/400/435
f  581/627/581 393/393/428 396/396/431
f  396/396/431 583/628/583 581/627/581
f  403/403/438 582/626/582 584/629/584
f  584/629/584 406/406/441 403/403/438
f  583/628/583 396/396/431 399/399/434
f  399/399/434 585/630/585 583/628/583
f  406/406/441 584/631/584 586/632/586
f  586/632/586 408/408/443 406/406/441
f  585/633/585 399/399/434 402/402/437
f  402/402/437 522/634/522 585/633/585
f  408/408/443 586/632/586 587/635/587
f  587/635/587 414/414/449 408/408/443
f  414/414/449 587/636/587 588/637/588
f  588/637/588 589/638/589 414/414/449
f  229/229/234 590/639/590 523/640/523
f  523/640/523 226/226/231 229/229/234
f  187/187/591 591/641/592 592/642/593
f  592/642/593 518/643/594 187/187/591
f  72/72/145 71/71/595 316/316/351
f  316/316/351 144/144/146 72/72/145
f  352/352/387 355/355/390 593/644/596
f  593/644/596 594/645/597 352/352/387
f  84/84/84 322/322/357 526/547/526
f  526/547/526 315/315/350 84/84/84
f  331/331/366 334/334/369 595/646/598
f  595/646/598 596/647/599 331/331/366
f  392/392/427 395/395/430 597/648/600
f  597/648/600 598/649/601 392/392/427
f  367/367/402 373/373/408 599/650/602
f  599/650/602 35/35/35 367/367/402
f  349/349/384 352/352/387 594/645/597
f  594/645/597 600/651/603 349/349/384
f  409/409/444 410/410/445 413/413/448
f  413/413/448 601/652/604 409/409/444
f  328/328/363 331/331/366 596/647/599
f  596/647/599 602/653/605 328/328/363
f  389/389/424 392/392/427 598/649/601
f  598/649/601 603/654/606 389/389/424
f  374/374/409 367/367/402 366/366/401
f  366/366/401 554/590/554 374/374/409
f  346/346/381 349/349/384 600/651/603
f  600/651/603 604/655/607 346/346/381
f  407/407/442 409/409/444 601/652/604
f  601/652/604 605/656/608 407/407/442
f  325/325/360 328/328/363 602/653/605
f  602/653/605 606/657/609 325/325/360
f  386/386/421 389/389/424 603/654/606
f  603/654/606 607/658/610 386/386/421
f  553/589/553 365/365/400 364/364/399
f  364/364/399 363/363/398 553/589/553
f  343/343/378 346/346/381 604/655/607
f  604/655/607 608/659/611 343/343/378
f  404/404/439 407/407/442 605/656/608
f  605/656/608 609/660/612 404/404/439
f  227/227/232 325/325/360 606/657/609
f  606/657/609 276/276/297 227/227/232
f  383/383/418 386/386/421 607/658/610
f  607/658/610 610/661/613 383/383/418
f  360/360/395 364/364/399 74/74/74
f  74/74/74 611/662/614 360/360/395
f  340/340/375 343/343/378 608/659/611
f  608/659/611 612/663/615 340/340/375
f  401/401/436 404/404/439 609/660/612
f  609/660/612 613/664/616 401/401/436
f  589/638/589 411/411/446 410/410/445
f  410/410/445 414/414/449 589/638/589
f  380/380/415 383/383/418 610/661/613
f  610/661/613 614/665/617 380/380/415
f  358/358/393 360/360/395 611/662/614
f  611/662/614 615/666/618 358/358/393
f  337/337/372 340/340/375 612/663/615
f  612/663/615 616/667/619 337/337/372
f  398/398/433 401/401/436 613/664/616
f  613/664/616 617/668/620 398/398/433
f  377/377/412 380/380/415 614/665/617
f  614/665/617 618/669/621 377/377/412
f  355/355/390 358/358/393 615/666/618
f  615/666/618 593/644/596 355/355/390
f  334/334/369 337/337/372 616/667/619
f  616/667/619 595/646/598 334/334/369
f  395/395/430 398/398/433 617/668/620
f  617/668/620 597/648/600 395/395/430
f  373/373/408 377/377/412 618/669/621
f  618/669/621 599/650/602 373/373/408
f  153/153/155 413/413/448 412/412/447
f  412/412/447 619/670/622 153/153/155
f  620/671/623 621/672/624 622/673/625
f  622/673/625 623/674/626 620/671/623
f  69/69/69 68/68/68 624/675/627
f  624/675/627 625/676/628 69/69/69
f  626/677/629 627/678/630 628/679/631
f  628/679/631 629/680/632 626/677/629
f  630/681/633 631/682/634 621/672/624
f  621/672/624 620/671/623 630/681/633
f  632/683/635 633/684/636 627/678/630
f  627/678/630 626/677/629 632/683/635
f  634/685/637 635/686/638 631/682/634
f  631/682/634 630/681/633 634/685/637
f  636/687/639 637/688/640 29/29/29
f  29/29/29 557/593/557 636/687/639
f  638/689/641 639/690/642 633/684/636
f  633/684/636 632/683/635 638/689/641
f  640/691/643 641/692/644 635/686/638
f  635/686/638 634/685/637 640/691/643
f  642/693/645 643/694/646 639/690/642
f  639/690/642 638/689/641 642/693/645
f  644/695/647 645/696/648 641/692/644
f  641/692/644 640/691/643 644/695/647
f  646/697/649 647/698/650 643/694/646
f  643/694/646 642/693/645 646/697/649
f  648/699/651 649/700/652 645/696/648
f  645/696/648 644/695/647 648/699/651
f  650/701/653 651/702/654 647/698/650
f  647/698/650 646/697/649 650/701/653
f  652/703/655 653/704/656 649/700/652
f  649/700/652 648/699/651 652/703/655
f  654/705/657 655/706/658 651/702/654
f  651/702/654 650/701/653 654/705/657
f  656/707/659 657/708/660 653/704/656
f  653/704/656 652/703/655 656/707/659
f  658/709/661 659/710/662 655/706/658
f  655/706/658 654/705/657 658/709/661
f  660/711/663 661/712/664 657/708/660
f  657/708/660 656/707/659 660/711/663
f  662/713/665 663/714/666 659/710/662
f  659/710/662 658/709/661 662/713/665
f  664/715/667 665/716/668 661/712/664
f  661/712/664 660/711/663 664/715/667
f  666/717/669 667/718/670 663/714/666
f  663/714/666 662/713/665 666/717/669
f  668/719/671 669/720/672 665/716/668
f  665/716/668 664/715/667 668/719/671
f  670/721/673 671/722/674 667/718/670
f  667/718/670 666/717/669 670/721/673
f  672/723/675 673/724/676 669/720/672
f  669/720/672 668/719/671 672/723/675
f  674/725/677 675/726/678 673/724/676
f  673/724/676 672/723/675 674/725/677
f  676/727/679 677/728/680 671/722/674
f  671/722/674 670/721/673 676/727/679
f  629/680/632 628/679/631 678/729/681
f  678/729/681 679/730/682 629/680/632
f  623/674/626 622/673/625 637/688/640
f  637/688/640 636/687/639 623/674/626
f  625/676/628 624/675/627 677/728/680
f  677/728/680 676/727/679 625/676/628
f  680/731/683 277/277/298 276/276/297
f  276/276/297 65/65/65 680/731/683
f  3/3/3 601/652/604 413/413/448
f  413/413/448 153/153/155 3/3/3
f  2/2/2 605/656/608 601/652/604
f  601/652/604 3/3/3 2/2/2
f  6/6/6 609/660/612 605/656/608
f  605/656/608 2/2/2 6/6/6
f  8/8/8 613/664/616 609/660/612
f  609/660/612 6/6/6 8/8/8
f  10/10/10 617/668/620 613/664/616
f  613/664/616 8/8/8 10/10/10
f  12/12/12 597/648/600 617/668/620
f  617/668/620 10/10/10 12/12/12
f  14/14/14 598/649/601 597/648/600
f  597/648/600 12/12/12 14/14/14
f  16/16/16 603/654/606 598/649/601
f  598/649/601 14/14/14 16/16/16
f  18/18/18 607/658/610 603/654/606
f  603/654/606 16/16/16 18/18/18
f  20/20/20 610/661/613 607/658/610
f  607/658/610 18/18/18 20/20/20
f  22/22/22 614/665/617 610/661/613
f  610/661/613 20/20/20 22/22/22
f  24/24/24 618/669/621 614/665/617
f  614/665/617 22/22/22 24/24/24
f  26/26/26 599/650/602 618/669/621
f  618/669/621 24/24/24 26/26/26
f  28/28/28 35/35/35 599/650/602
f  599/650/602 26/26/26 28/28/28
f  681/732/684 33/33/33 28/28/28
f  28/28/28 27/27/27 681/732/684
f  39/39/39 38/38/38 76/76/76
f  76/76/76 682/733/685 39/39/39
f  37/37/37 611/662/614 74/74/74
f  74/74/74 38/38/38 37/37/37
f  41/41/41 615/666/618 611/662/614
f  611/662/614 37/37/37 41/41/41
f  43/43/43 593/644/596 615/666/618
f  615/666/618 41/41/41 43/43/43
f  45/45/45 594/645/597 593/644/596
f  593/644/596 43/43/43 45/45/45
f  47/47/47 600/651/603 594/645/597
f  594/645/597 45/45/45 47/47/47
f  49/49/49 604/655/607 600/651/603
f  600/651/603 47/47/47 49/49/49
f  51/51/51 608/659/611 604/655/607
f  604/655/607 49/49/49 51/51/51
f  53/53/53 612/663/615 608/659/611
f  608/659/611 51/51/51 53/53/53
f  55/55/55 616/667/619 612/663/615
f  612/663/615 53/53/53 55/55/55
f  57/57/57 595/646/598 616/667/619
f  616/667/619 55/55/55 57/57/57
f  59/59/59 596/647/599 595/646/598
f  595/646/598 57/57/57 59/59/59
f  61/61/61 602/653/605 596/647/599
f  596/647/599 59/59/59 61/61/61
f  63/63/63 606/657/609 602/653/605
f  602/653/605 61/61/61 63/63/63
f  65/65/65 276/276/297 606/657/609
f  606/657/609 63/63/63 65/65/65
f  30/30/156 153/153/155 619/670/622
f  619/670/622 31/31/686 30/30/156
f  67/67/67 683/734/687 64/64/688
f  64/64/688 68/68/68 67/67/67
f  637/688/640 4/4/689 30/30/30
f  30/30/30 29/29/29 637/688/640
f  622/673/625 1/1/690 4/4/689
f  4/4/689 637/688/640 622/673/625
f  621/672/624 5/5/691 1/1/690
f  1/1/690 622/673/625 621/672/624
f  631/682/634 7/7/692 5/5/691
f  5/5/691 621/672/624 631/682/634
f  635/686/638 9/9/693 7/7/692
f  7/7/692 631/682/634 635/686/638
f  641/692/644 11/11/694 9/9/693
f  9/9/693 635/686/638 641/692/644
f  645/696/648 13/13/695 11/11/694
f  11/11/694 641/692/644 645/696/648
f  649/700/652 15/15/696 13/13/695
f  13/13/695 645/696/648 649/700/652
f  653/704/656 17/17/697 15/15/696
f  15/15/696 649/700/652 653/704/656
f  657/708/660 19/19/698 17/17/697
f  17/17/697 653/704/656 657/708/660
f  661/712/664 21/21/699 19/19/698
f  19/19/698 657/708/660 661/712/664
f  665/716/668 23/23/700 21/21/699
f  21/21/699 661/712/664 665/716/668
f  669/720/672 25/25/701 23/23/700
f  23/23/700 665/716/668 669/720/672
f  673/724/676 27/27/702 25/25/701
f  25/25/701 669/720/672 673/724/676
f  675/726/678 681/732/703 27/27/702
f  27/27/702 673/724/676 675/726/678
f  627/678/630 36/36/704 39/39/705
f  39/39/705 628/679/631 627/678/630
f  633/684/636 40/40/706 36/36/704
f  36/36/704 627/678/630 633/684/636
f  639/690/642 42/42/707 40/40/706
f  40/40/706 633/684/636 639/690/642
f  643/694/646 44/44/708 42/42/707
f  42/42/707 639/690/642 643/694/646
f  647/698/650 46/46/709 44/44/708
f  44/44/708 643/694/646 647/698/650
f  651/702/654 48/48/710 46/46/709
f  46/46/709 647/698/650 651/702/654
f  655/706/658 50/50/711 48/48/710
f  48/48/710 651/702/654 655/706/658
f  659/710/662 52/52/712 50/50/711
f  50/50/711 655/706/658 659/710/662
f  663/714/666 54/54/713 52/52/712
f  52/52/712 659/710/662 663/714/666
f  667/718/670 56/56/714 54/54/713
f  54/54/713 663/714/666 667/718/670
f  671/722/674 58/58/715 56/56/714
f  56/56/714 667/718/670 671/722/674
f  677/728/680 60/60/716 58/58/715
f  58/58/715 671/722/674 677/728/680
f  624/675/627 62/62/717 60/60/716
f  60/60/716 677/728/680 624/675/627
f  68/68/68 64/64/688 62/62/717
f  62/62/717 624/675/627 68/68/68
f  628/679/631 39/39/705 682/733/718
f  682/733/718 678/729/681 628/679/631
f  683/734/719 680/731/683 65/65/65
f  65/65/65 64/64/64 683/734/719
f  684/735/720 154/154/157 155/155/721
f  155/155/721 685/736/722 684/735/720
f  686/737/723 687/738/724 688/739/725
f  688/739/725 689/740/726 686/737/723
f  690/741/727 186/186/728 315/315/729
f  315/315/729 691/742/730 690/741/727
f  71/71/595 690/741/727 691/742/730
f  691/742/730 316/316/351 71/71/595
f  692/743/731 183/744/732 182/745/733
f  182/745/733 693/746/734 692/743/731
f  694/747/735 116/748/736 115/749/737
f  115/749/737 695/750/738 694/747/735
f  273/273/294 694/747/735 695/750/738
f  695/750/738 113/113/293 273/273/294
f  696/751/739 269/269/287 491/501/491
f  491/501/491 697/752/740 696/751/739
f  591/641/592 70/70/70 517/537/517
f  517/537/517 592/753/593 591/641/592
f  698/754/741 370/755/405 220/220/225
f  220/220/225 699/756/742 698/754/741
f  457/457/743 698/754/741 699/756/742
f  699/756/742 147/147/744 457/457/743
f  700/757/745 484/493/484 114/114/114
f  114/114/114 701/758/746 700/757/745
f  229/229/747 702/759/748 703/760/749
f  703/760/749 590/639/750 229/229/747
f  483/761/751 700/762/745 701/758/746
f  701/758/746 272/763/752 483/761/751
f  222/764/753 696/751/739 697/752/740
f  697/752/740 489/765/754 222/764/753
f  704/766/755 362/362/397 562/767/562
f  562/767/562 705/768/756 704/766/755
f  702/759/748 589/638/589 588/769/588
f  588/769/588 703/760/749 702/759/748
f  706/770/757 487/771/487 317/317/352
f  317/317/352 707/772/758 706/770/757
f  525/546/759 706/773/757 707/772/758
f  707/772/758 526/547/760 525/546/759
f  708/774/761 555/775/555 554/590/554
f  554/590/554 709/776/762 708/774/761
f  552/777/763 708/778/761 709/776/762
f  709/776/762 553/779/764 552/777/763
f  319/780/765 704/766/755 705/781/756
f  705/781/756 560/782/766 319/780/765
f  591/641/592 187/187/591 186/186/728
f  186/186/728 690/741/727 591/641/592
f  70/70/70 591/641/592 690/741/727
f  690/741/727 71/71/71 70/70/70
f  699/756/742 220/220/225 151/151/153
f  151/151/153 158/158/162 699/756/742
f  147/147/744 699/756/742 158/158/162
f  158/158/162 148/148/161 147/147/744
f  695/750/738 115/749/737 272/763/752
f  272/763/752 701/758/746 695/750/738
f  113/113/113 695/750/738 701/758/746
f  701/758/746 114/114/114 113/113/113
f  696/751/739 222/764/753 183/744/732
f  183/744/732 692/743/731 696/751/739
f  269/269/287 696/751/739 692/743/731
f  692/743/731 270/270/288 269/269/287
f  702/759/748 229/229/747 228/228/767
f  228/228/767 710/783/768 702/759/748
f  589/638/589 702/759/748 710/783/768
f  710/783/768 411/411/446 589/638/589
f  707/772/758 317/317/352 316/316/351
f  316/316/351 691/742/730 707/772/758
f  526/547/760 707/772/758 691/742/730
f  691/742/730 315/315/729 526/547/760
f  711/784/769 365/785/770 553/779/764
f  553/779/764 709/776/762 711/784/769
f  366/366/401 711/784/769 709/776/762
f  709/776/762 554/590/554 366/366/401
f  704/766/755 319/780/765 116/748/736
f  116/748/736 694/747/735 704/766/755
f  362/362/397 704/766/755 694/747/735
f  694/747/735 273/273/294 362/362/397
f  712/786/771 277/277/772 680/731/773
f  680/731/773 713/787/774 712/786/771
f  412/412/447 712/786/771 713/787/774
f  713/787/774 619/670/622 412/412/447
f  714/788/775 76/789/776 75/790/777
f  75/790/777 715/791/778 714/788/775
f  33/33/33 714/788/775 715/791/778
f  715/791/778 34/34/34 33/33/33
f  716/792/779 683/734/780 67/67/781
f  67/67/781 717/793/782 716/792/779
f  31/31/31 716/792/779 717/793/782
f  717/793/782 32/32/32 31/31/31
f  718/794/783 678/795/784 682/796/785
f  682/796/785 719/797/786 718/794/783
f  675/726/678 718/794/783 719/797/786
f  719/797/786 681/732/703 675/726/678
f  713/787/774 680/731/773 683/734/787
f  683/734/787 716/792/788 713/787/774
f  619/670/622 713/787/774 716/792/788
f  716/792/788 31/31/686 619/670/622
f  710/783/768 228/228/767 277/277/772
f  277/277/772 712/786/771 710/783/768
f  411/411/446 710/783/768 712/786/771
f  712/786/771 412/412/447 411/411/446
f  719/797/789 682/796/790 76/789/776
f  76/789/776 714/788/775 719/797/789
f  681/732/684 719/797/789 714/788/775
f  714/788/775 33/33/33 681/732/684
f  715/791/778 75/790/777 365/785/770
f  365/785/770 711/784/769 715/791/778
f  34/34/34 715/791/778 711/784/769
f  711/784/769 366/366/401 34/34/34
f  717/793/782 67/67/781 66/66/791
f  66/66/791 720/798/792 717/793/782
f  32/32/32 717/793/782 720/798/792
f  720/798/792 558/594/558 32/32/32
f  721/799/793 679/800/794 678/795/784
f  678/795/784 718/794/783 721/799/793
f  674/725/677 721/799/793 718/794/783
f  718/794/783 675/726/678 674/725/677
f  722/801/795 723/802/796 224/224/229
f  224/224/229 145/145/147 722/801/795
f  724/803/797 725/804/798 726/805/799
f  726/805/799 727/806/800 724/803/797
f  725/804/798 728/807/801 729/808/802
f  729/808/802 726/805/799 725/804/798
f  728/807/801 730/809/803 731/810/804
f  731/810/804 729/808/802 728/807/801
f  730/809/803 732/811/805 733/812/806
f  733/812/806 731/810/804 730/809/803
f  732/811/805 734/813/807 735/814/808
f  735/814/808 733/812/806 732/811/805
f  734/813/807 736/815/809 737/816/810
f  737/816/810 735/814/808 734/813/807
f  736/815/809 738/817/811 739/818/812
f  739/818/812 737/816/810 736/815/809
f  738/817/811 740/819/813 741/820/814
f  741/820/814 739/818/812 738/817/811
f  740/819/813 742/821/815 743/822/816
f  743/822/816 741/820/814 740/819/813
f  742/821/815 744/823/817 745/824/818
f  745/824/818 743/822/816 742/821/815
f  744/823/817 746/825/819 747/826/820
f  747/826/820 745/824/818 744/823/817
f  746/825/819 748/827/821 749/828/822
f  749/828/822 747/826/820 746/825/819
f  748/827/821 750/829/823 751/830/824
f  751/830/824 749/828/822 748/827/821
f  752/831/825 753/832/826 754/833/827
f  754/833/827 755/834/828 752/831/825
f  756/835/829 757/836/830 758/837/831
f  758/837/831 750/838/823 756/835/829
f  759/839/832 760/840/833 761/841/834
f  761/841/834 762/842/835 759/839/832
f  760/840/833 763/843/836 764/844/837
f  764/844/837 761/841/834 760/840/833
f  763/843/836 765/845/838 766/846/839
f  766/846/839 764/844/837 763/843/836
f  765/845/838 767/847/840 768/848/841
f  768/848/841 766/846/839 765/845/838
f  767/847/840 769/849/842 770/850/843
f  770/850/843 768/848/841 767/847/840
f  769/849/842 771/851/844 772/852/845
f  772/852/845 770/850/843 769/849/842
f  771/851/844 773/853/846 774/854/847
f  774/854/847 772/852/845 771/851/844
f  773/853/846 775/855/848 776/856/849
f  776/856/849 774/854/847 773/853/846
f  775/855/848 777/857/850 778/858/851
f  778/858/851 776/856/849 775/855/848
f  777/857/850 779/859/852 780/860/853
f  780/860/853 778/858/851 777/857/850
f  779/859/852 781/861/854 782/862/855
f  782/862/855 780/860/853 779/859/852
f  781/861/854 783/863/856 784/864/857
f  784/864/857 782/862/855 781/861/854
f  783/863/856 785/865/858 786/866/859
f  786/866/859 784/864/857 783/863/856
f  785/865/858 787/867/860 788/868/861
f  788/868/861 786/866/859 785/865/858
f  789/869/862 790/870/863 791/871/864
f  791/871/864 792/872/865 789/869/862
f  793/873/866 794/874/867 795/875/868
f  795/875/868 796/876/869 793/873/866
f  797/877/870 798/878/871 759/879/832
f  759/879/832 799/880/872 797/877/870
f  800/881/873 801/882/874 802/883/875
f  802/883/875 803/884/876 800/881/873
f  804/885/877 805/886/878 806/887/879
f  806/887/879 807/888/880 804/885/877
f  808/889/881 809/890/882 805/886/878
f  805/886/878 804/885/877 808/889/881
f  810/891/883 811/892/884 809/890/882
f  809/890/882 808/889/881 810/891/883
f  812/893/885 813/894/886 811/892/884
f  811/892/884 810/891/883 812/893/885
f  814/895/887 815/896/888 813/894/886
f  813/894/886 812/893/885 814/895/887
f  816/897/889 817/898/890 815/896/888
f  815/896/888 814/895/887 816/897/889
f  818/899/891 819/900/892 817/898/890
f  817/898/890 816/897/889 818/899/891
f  820/901/893 821/902/894 819/900/892
f  819/900/892 818/899/891 820/901/893
f  822/903/895 823/904/896 821/902/894
f  821/902/894 820/901/893 822/903/895
f  824/905/897 825/906/898 823/904/896
f  823/904/896 822/903/895 824/905/897
f  826/907/899 827/908/900 825/906/898
f  825/906/898 824/905/897 826/907/899
f  828/909/901 829/910/902 827/908/900
f  827/908/900 826/907/899 828/909/901
f  830/911/903 831/912/904 829/910/902
f  829/910/902 828/909/901 830/911/903
f  832/913/905 833/914/906 831/912/904
f  831/912/904 830/911/903 832/913/905
f  834/915/907 835/916/908 836/917/909
f  836/917/909 837/918/910 834/915/907
f  838/919/911 839/920/912 833/914/906
f  833/914/906 832/913/905 838/919/911
f  840/921/913 841/922/914 835/916/908
f  835/916/908 842/923/915 840/921/913
f  843/924/916 844/925/917 841/922/914
f  841/922/914 840/921/913 843/924/916
f  845/926/918 846/927/919 844/925/917
f  844/925/917 843/924/916 845/926/918
f  847/928/920 848/929/921 846/927/919
f  846/927/919 845/926/918 847/928/920
f  849/930/922 850/931/923 848/929/921
f  848/929/921 847/928/920 849/930/922
f  851/932/924 852/933/925 850/931/923
f  850/931/923 849/930/922 851/932/924
f  853/934/926 854/935/927 852/933/925
f  852/933/925 851/932/924 853/934/926
f  855/936/928 856/937/929 854/935/927
f  854/935/927 853/934/926 855/936/928
f  857/938/930 858/939/931 856/937/929
f  856/937/929 855/936/928 857/938/930
f  859/940/932 860/941/933 858/939/931
f  858/939/931 857/938/930 859/940/932
f  861/942/934 862/943/935 860/941/933
f  860/941/933 859/940/932 861/942/934
f  863/944/936 864/945/937 862/943/935
f  862/943/935 861/942/934 863/944/936
f  865/946/938 866/947/939 864/945/937
f  864/945/937 863/944/936 865/946/938
f  867/948/940 793/873/866 866/947/939
f  866/947/939 865/946/938 867/948/940
f  868/949/941 869/950/942 800/881/873
f  800/881/873 803/884/876 868/949/941
f  870/951/943 871/952/944 872/953/945
f  872/953/945 873/954/946 870/951/943
f  874/955/947 724/803/797 727/806/800
f  727/806/800 753/832/948 874/955/947
f  875/956/949 876/957/950 801/882/874
f  801/882/874 800/881/873 875/956/949
f  877/958/951 878/959/952 876/957/950
f  876/957/950 875/956/949 877/958/951
f  879/960/953 880/961/954 878/959/952
f  878/959/952 877/958/951 879/960/953
f  881/962/955 882/963/956 880/961/954
f  880/961/954 879/960/953 881/962/955
f  883/964/957 884/965/958 882/963/956
f  882/963/956 881/962/955 883/964/957
f  885/966/959 886/967/960 884/965/958
f  884/965/958 883/964/957 885/966/959
f  887/968/961 888/969/962 886/967/960
f  886/967/960 885/966/959 887/968/961
f  889/970/963 890/971/964 888/969/962
f  888/969/962 887/968/961 889/970/963
f  891/972/965 892/973/966 890/971/964
f  890/971/964 889/970/963 891/972/965
f  893/974/967 894/975/968 892/973/966
f  892/973/966 891/972/965 893/974/967
f  895/976/969 896/977/970 894/975/968
f  894/975/968 893/974/967 895/976/969
f  897/978/971 898/979/972 896/977/970
f  896/977/970 895/976/969 897/978/971
f  899/980/973 900/981/974 898/979/972
f  898/979/972 897/978/971 899/980/973
f  901/982/975 902/983/976 900/981/974
f  900/981/974 899/980/973 901/982/975
f  903/984/977 806/887/879 904/985/978
f  904/985/978 905/986/979 903/984/977
f  906/987/980 907/988/981 902/983/976
f  902/983/976 901/982/975 906/987/980
f  908/989/982 909/990/983 910/991/984
f  910/991/984 911/992/985 908/989/982
f  912/993/986 913/994/987 909/990/983
f  909/990/983 908/989/982 912/993/986
f  914/995/988 915/996/989 913/994/987
f  913/994/987 912/993/986 914/995/988
f  916/997/990 917/998/991 915/996/989
f  915/996/989 914/995/988 916/997/990
f  918/999/992 919/1000/993 917/998/991
f  917/998/991 916/997/990 918/999/992
f  920/1001/994 921/1002/995 919/1000/993
f  919/1000/993 918/999/992 920/1001/994
f  922/1003/996 923/1004/997 921/1002/995
f  921/1002/995 920/1001/994 922/1003/996
f  924/1005/998 925/1006/999 923/1004/997
f  923/1004/997 922/1003/996 924/1005/998
f  926/1007/1000 927/1008/1001 925/1006/999
f  925/1006/999 924/1005/998 926/1007/1000
f  928/1009/1002 929/1010/1003 927/1008/1001
f  927/1008/1001 926/1007/1000 928/1009/1002
f  930/1011/1004 931/1012/1005 929/1010/1003
f  929/1010/1003 928/1009/1002 930/1011/1004
f  932/1013/1006 933/1014/1007 931/1012/1005
f  931/1012/1005 930/1011/1004 932/1013/1006
f  873/954/946 872/953/945 933/1014/1007
f  933/1014/1007 932/1013/1006 873/954/946
f  911/992/985 910/991/984 934/1015/1008
f  934/1015/1008 935/1016/1009 911/992/985
f  936/1017/1010 937/1018/1011 938/1019/1012
f  938/1019/1012 870/951/943 936/1017/1010
f  939/1020/1013 940/1021/1014 906/987/980
f  906/987/980 901/982/975 939/1020/1013
f  869/950/942 941/1022/1015 875/956/949
f  875/956/949 800/881/873 869/950/942
f  942/1023/1016 943/1024/1017 944/1025/1018
f  944/1025/1018 945/1026/1019 942/1023/1016
f  941/1022/1015 946/1027/1020 877/958/951
f  877/958/951 875/956/949 941/1022/1015
f  806/887/879 805/886/878 947/1028/1021
f  947/1028/1021 904/985/978 806/887/879
f  946/1027/1020 948/1029/1022 879/960/953
f  879/960/953 877/958/951 946/1027/1020
f  805/886/878 809/890/882 949/1030/1023
f  949/1030/1023 947/1028/1021 805/886/878
f  948/1029/1022 950/1031/1024 881/962/955
f  881/962/955 879/960/953 948/1029/1022
f  809/890/882 811/892/884 951/1032/1025
f  951/1032/1025 949/1030/1023 809/890/882
f  950/1031/1024 952/1033/1026 883/964/957
f  883/964/957 881/962/955 950/1031/1024
f  811/892/884 813/894/886 953/1034/1027
f  953/1034/1027 951/1032/1025 811/892/884
f  952/1033/1026 954/1035/1028 885/966/959
f  885/966/959 883/964/957 952/1033/1026
f  813/894/886 815/896/888 955/1036/1029
f  955/1036/1029 953/1034/1027 813/894/886
f  954/1035/1028 956/1037/1030 887/968/961
f  887/968/961 885/966/959 954/1035/1028
f  815/896/888 817/898/890 957/1038/1031
f  957/1038/1031 955/1036/1029 815/896/888
f  956/1037/1030 958/1039/1032 889/970/963
f  889/970/963 887/968/961 956/1037/1030
f  817/898/890 819/900/892 959/1040/1033
f  959/1040/1033 957/1038/1031 817/898/890
f  958/1039/1032 960/1041/1034 891/972/965
f  891/972/965 889/970/963 958/1039/1032
f  819/900/892 821/902/894 961/1042/1035
f  961/1042/1035 959/1040/1033 819/900/892
f  960/1041/1034 962/1043/1036 893/974/967
f  893/974/967 891/972/965 960/1041/1034
f  821/902/894 823/904/896 963/1044/1037
f  963/1044/1037 961/1042/1035 821/902/894
f  962/1043/1036 964/1045/1038 895/976/969
f  895/976/969 893/974/967 962/1043/1036
f  823/904/896 825/906/898 965/1046/1039
f  965/1046/1039 963/1044/1037 823/904/896
f  964/1045/1038 966/1047/1040 897/978/971
f  897/978/971 895/976/969 964/1045/1038
f  825/906/898 827/908/900 967/1048/1041
f  967/1048/1041 965/1046/1039 825/906/898
f  966/1047/1040 968/1049/1042 899/980/973
f  899/980/973 897/978/971 966/1047/1040
f  827/908/900 829/910/902 969/1050/1043
f  969/1050/1043 967/1048/1041 827/908/900
f  968/1049/1042 939/1020/1013 901/982/975
f  901/982/975 899/980/973 968/1049/1042
f  829/910/902 831/912/904 970/1051/1044
f  970/1051/1044 969/1050/1043 829/910/902
f  971/1052/1045 972/1053/1046 911/992/985
f  911/992/985 935/1016/1009 971/1052/1045
f  831/912/904 833/914/906 973/1054/1047
f  973/1054/1047 970/1051/1044 831/912/904
f  833/914/906 839/920/912 974/1055/1048
f  974/1055/1048 973/1054/1047 833/914/906
f  842/923/915 835/916/908 834/915/907
f  834/915/907 975/1056/1049 842/923/915
f  972/1053/1046 976/1057/1050 908/989/982
f  908/989/982 911/992/985 972/1053/1046
f  977/1058/1051 943/1024/1017 942/1023/1016
f  942/1023/1016 978/1059/1052 977/1058/1051
f  976/1057/1050 979/1060/1053 912/993/986
f  912/993/986 908/989/982 976/1057/1050
f  835/916/908 841/922/914 980/1061/1054
f  980/1061/1054 836/917/909 835/916/908
f  979/1060/1053 981/1062/1055 914/995/988
f  914/995/988 912/993/986 979/1060/1053
f  841/922/914 844/925/917 982/1063/1056
f  982/1063/1056 980/1061/1054 841/922/914
f  981/1062/1055 983/1064/1057 916/997/990
f  916/997/990 914/995/988 981/1062/1055
f  844/925/917 846/927/919 984/1065/1058
f  984/1065/1058 982/1063/1056 844/925/917
f  983/1064/1057 985/1066/1059 918/999/992
f  918/999/992 916/997/990 983/1064/1057
f  846/927/919 848/929/921 986/1067/1060
f  986/1067/1060 984/1065/1058 846/927/919
f  985/1066/1059 987/1068/1061 920/1001/994
f  920/1001/994 918/999/992 985/1066/1059
f  848/929/921 850/931/923 988/1069/1062
f  988/1069/1062 986/1067/1060 848/929/921
f  987/1068/1061 989/1070/1063 922/1003/996
f  922/1003/996 920/1001/994 987/1068/1061
f  850/931/923 852/933/925 990/1071/1064
f  990/1071/1064 988/1069/1062 850/931/923
f  989/1070/1063 991/1072/1065 924/1005/998
f  924/1005/998 922/1003/996 989/1070/1063
f  852/933/925 854/935/927 992/1073/1066
f  992/1073/1066 990/1071/1064 852/933/925
f  991/1072/1065 993/1074/1067 926/1007/1000
f  926/1007/1000 924/1005/998 991/1072/1065
f  854/935/927 856/937/929 994/1075/1068
f  994/1075/1068 992/1073/1066 854/935/927
f  993/1074/1067 995/1076/1069 928/1009/1002
f  928/1009/1002 926/1007/1000 993/1074/1067
f  856/937/929 858/939/931 996/1077/1070
f  996/1077/1070 994/1075/1068 856/937/929
f  995/1076/1069 997/1078/1071 930/1011/1004
f  930/1011/1004 928/1009/1002 995/1076/1069
f  858/939/931 860/941/933 998/1079/1072
f  998/1079/1072 996/1077/1070 858/939/931
f  997/1078/1071 999/1080/1073 932/1013/1006
f  932/1013/1006 930/1011/1004 997/1078/1071
f  860/941/933 862/943/935 1000/1081/1074
f  1000/1081/1074 998/1079/1072 860/941/933
f  999/1080/1073 1001/1082/1075 873/954/946
f  873/954/946 932/1013/1006 999/1080/1073
f  862/943/935 864/945/937 1002/1083/1076
f  1002/1083/1076 1000/1081/1074 862/943/935
f  1001/1082/1075 936/1017/1010 870/951/943
f  870/951/943 873/954/946 1001/1082/1075
f  864/945/937 866/947/939 1003/1084/1077
f  1003/1084/1077 1002/1083/1076 864/945/937
f  807/888/880 806/887/879 903/984/977
f  903/984/977 1004/1085/1078 807/888/880
f  866/947/939 793/873/866 796/876/869
f  796/876/869 1003/1084/1077 866/947/939
f  1005/1086/1079 1006/1087/1080 1007/1088/1081
f  1007/1088/1081 867/948/940 1005/1086/1079
f  1008/1089/1082 1009/1090/1083 838/919/911
f  838/919/911 832/913/905 1008/1089/1082
f  1010/1091/1084 1011/1092/1085 804/885/877
f  804/885/877 807/888/880 1010/1091/1084
f  1011/1092/1085 1012/1093/1086 808/889/881
f  808/889/881 804/885/877 1011/1092/1085
f  943/1024/1017 1013/1094/1087 1014/1095/1088
f  1014/1095/1088 944/1025/1018 943/1024/1017
f  1012/1093/1086 1015/1096/1089 810/891/883
f  810/891/883 808/889/881 1012/1093/1086
f  1013/1094/1087 1016/1097/1090 1017/1098/1091
f  1017/1098/1091 1014/1095/1088 1013/1094/1087
f  1015/1096/1089 1018/1099/1092 812/893/885
f  812/893/885 810/891/883 1015/1096/1089
f  1016/1097/1090 1019/1100/1093 1020/1101/1094
f  1020/1101/1094 1017/1098/1091 1016/1097/1090
f  1018/1099/1092 1021/1102/1095 814/895/887
f  814/895/887 812/893/885 1018/1099/1092
f  1019/1100/1093 1022/1103/1096 1023/1104/1097
f  1023/1104/1097 1020/1101/1094 1019/1100/1093
f  1021/1102/1095 1024/1105/1098 816/897/889
f  816/897/889 814/895/887 1021/1102/1095
f  1022/1103/1096 1025/1106/1099 1026/1107/1100
f  1026/1107/1100 1023/1104/1097 1022/1103/1096
f  1024/1105/1098 1027/1108/1101 818/899/891
f  818/899/891 816/897/889 1024/1105/1098
f  1025/1106/1099 1028/1109/1102 1029/1110/1103
f  1029/1110/1103 1026/1107/1100 1025/1106/1099
f  1027/1108/1101 1030/1111/1104 820/901/893
f  820/901/893 818/899/891 1027/1108/1101
f  1028/1109/1102 1031/1112/1105 1032/1113/1106
f  1032/1113/1106 1029/1110/1103 1028/1109/1102
f  1030/1111/1104 1033/1114/1107 822/903/895
f  822/903/895 820/901/893 1030/1111/1104
f  1031/1112/1105 1034/1115/1108 1035/1116/1109
f  1035/1116/1109 1032/1113/1106 1031/1112/1105
f  1033/1114/1107 1036/1117/1110 824/905/897
f  824/905/897 822/903/895 1033/1114/1107
f  1034/1115/1108 1037/1118/1111 1038/1119/1112
f  1038/1119/1112 1035/1116/1109 1034/1115/1108
f  1036/1117/1110 1039/1120/1113 826/907/899
f  826/907/899 824/905/897 1036/1117/1110
f  1037/1118/1111 1040/1121/1114 1041/1122/1115
f  1041/1122/1115 1038/1119/1112 1037/1118/1111
f  1039/1120/1113 1042/1123/1116 828/909/901
f  828/909/901 826/907/899 1039/1120/1113
f  1040/1121/1114 1043/1124/1117 1044/1125/1118
f  1044/1125/1118 1041/1122/1115 1040/1121/1114
f  1042/1123/1116 1045/1126/1119 830/911/903
f  830/911/903 828/909/901 1042/1123/1116
f  1043/1124/1117 1046/1127/1120 1047/1128/1121
f  1047/1128/1121 1044/1125/1118 1043/1124/1117
f  1045/1126/1119 1008/1089/1082 832/913/905
f  832/913/905 830/911/903 1045/1126/1119
f  1046/1127/1120 1048/1129/1122 1049/1130/1123
f  1049/1130/1123 1047/1128/1121 1046/1127/1120
f  1050/1131/1124 1051/1132/1125 842/923/915
f  842/923/915 975/1056/1049 1050/1131/1124
f  1048/1129/1122 1052/1133/1126 1053/1134/1127
f  1053/1134/1127 1049/1130/1123 1048/1129/1122
f  797/877/870 1054/1135/1128 1052/1133/1126
f  1052/1133/1126 798/878/871 797/877/870
f  756/835/829 1055/1136/1129 1056/1137/1130
f  1056/1137/1130 757/836/830 756/835/829
f  1051/1132/1125 1057/1138/1131 840/921/913
f  840/921/913 842/923/915 1051/1132/1125
f  1058/1139/1132 1059/1140/1133 796/876/869
f  796/876/869 795/875/868 1058/1139/1132
f  1057/1138/1131 1060/1141/1134 843/924/916
f  843/924/916 840/921/913 1057/1138/1131
f  1055/1136/1129 1061/1142/1135 1062/1143/1136
f  1062/1143/1136 1063/1144/1137 1055/1136/1129
f  1060/1141/1134 1064/1145/1138 845/926/918
f  845/926/918 843/924/916 1060/1141/1134
f  1061/1142/1135 1065/1146/1139 1066/1147/1140
f  1066/1147/1140 1062/1143/1136 1061/1142/1135
f  1064/1145/1138 1067/1148/1141 847/928/920
f  847/928/920 845/926/918 1064/1145/1138
f  1065/1146/1139 1068/1149/1142 1069/1150/1143
f  1069/1150/1143 1066/1147/1140 1065/1146/1139
f  1067/1148/1141 1070/1151/1144 849/930/922
f  849/930/922 847/928/920 1067/1148/1141
f  1068/1149/1142 1071/1152/1145 1072/1153/1146
f  1072/1153/1146 1069/1150/1143 1068/1149/1142
f  1070/1151/1144 1073/1154/1147 851/932/924
f  851/932/924 849/930/922 1070/1151/1144
f  1071/1152/1145 1074/1155/1148 1075/1156/1149
f  1075/1156/1149 1072/1153/1146 1071/1152/1145
f  1073/1154/1147 1076/1157/1150 853/934/926
f  853/934/926 851/932/924 1073/1154/1147
f  1074/1155/1148 1077/1158/1151 1078/1159/1152
f  1078/1159/1152 1075/1156/1149 1074/1155/1148
f  1076/1157/1150 1079/1160/1153 855/936/928
f  855/936/928 853/934/926 1076/1157/1150
f  1077/1158/1151 1080/1161/1154 1081/1162/1155
f  1081/1162/1155 1078/1159/1152 1077/1158/1151
f  1079/1160/1153 1082/1163/1156 857/938/930
f  857/938/930 855/936/928 1079/1160/1153
f  1080/1161/1154 1083/1164/1157 1084/1165/1158
f  1084/1165/1158 1081/1162/1155 1080/1161/1154
f  1082/1163/1156 1085/1166/1159 859/940/932
f  859/940/932 857/938/930 1082/1163/1156
f  1083/1164/1157 1086/1167/1160 1087/1168/1161
f  1087/1168/1161 1084/1165/1158 1083/1164/1157
f  1085/1166/1159 1088/1169/1162 861/942/934
f  861/942/934 859/940/932 1085/1166/1159
f  1086/1167/1160 1089/1170/1163 1090/1171/1164
f  1090/1171/1164 1087/1168/1161 1086/1167/1160
f  1088/1169/1162 1091/1172/1165 863/944/936
f  863/944/936 861/942/934 1088/1169/1162
f  1089/1170/1163 1092/1173/1166 1093/1174/1167
f  1093/1174/1167 1090/1171/1164 1089/1170/1163
f  1091/1172/1165 1094/1175/1168 865/946/938
f  865/946/938 863/944/936 1091/1172/1165
f  1092/1173/1166 1095/1176/1169 1096/1177/1170
f  1096/1177/1170 1093/1174/1167 1092/1173/1166
f  1094/1175/1168 1005/1086/1079 867/948/940
f  867/948/940 865/946/938 1094/1175/1168
f  1095/1176/1169 1097/1178/1171 1098/1179/1172
f  1098/1179/1172 1096/1177/1170 1095/1176/1169
f  1099/1180/1173 1100/1181/1174 1101/1182/1175
f  1101/1182/1175 1102/1183/1176 1099/1180/1173
f  1097/1178/1171 1101/1182/1175 1103/1184/1177
f  1103/1184/1177 1098/1179/1172 1097/1178/1171
f  1104/1185/1178 802/1186/1178 801/1187/1178
f  1104/1185/1178 801/1187/1178 876/1188/1178
f  1104/1185/1178 876/1188/1178 878/1189/1178
f  1104/1185/1178 878/1189/1178 880/1190/1178
f  1104/1185/1178 880/1190/1178 882/1191/1178
f  1104/1185/1178 882/1191/1178 884/1192/1178
f  1104/1185/1178 884/1192/1178 886/1193/1178
f  1104/1185/1178 886/1193/1178 888/1194/1178
f  1104/1185/1178 888/1194/1178 890/1195/1178
f  1104/1185/1178 890/1195/1178 892/1196/1178
f  1104/1185/1178 892/1196/1178 894/1197/1178
f  1104/1185/1178 894/1197/1178 896/1198/1178
f  1104/1185/1178 896/1198/1178 898/1199/1178
f  1104/1185/1178 898/1199/1178 900/1200/1178
f  1104/1185/1178 900/1200/1178 902/1201/1178
f  1104/1185/1178 902/1201/1178 907/1202/1178
f  1104/1185/1178 907/1202/1178 1105/1203/1178
f  1104/1185/1178 1105/1203/1178 934/1204/1178
f  1104/1185/1178 934/1204/1178 910/1205/1178
f  1104/1185/1178 910/1205/1178 909/1206/1178
f  1104/1185/1178 909/1206/1178 913/1207/1178
f  1104/1185/1178 913/1207/1178 915/1208/1178
f  1104/1185/1178 915/1208/1178 917/1209/1178
f  1104/1185/1178 917/1209/1178 919/1210/1178
f  1104/1185/1178 919/1210/1178 921/1211/1178
f  1104/1185/1178 921/1211/1178 923/1212/1178
f  1104/1185/1178 923/1212/1178 925/1213/1178
f  1104/1185/1178 925/1213/1178 927/1214/1178
f  1104/1185/1178 927/1214/1178 929/1215/1178
f  1104/1185/1178 929/1215/1178 931/1216/1178
f  1104/1185/1178 931/1216/1178 933/1217/1178
f  1104/1185/1178 933/1217/1178 872/1218/1178
f  1104/1185/1178 872/1218/1178 871/1219/1178
f  871/1219/1178 1106/1220/1178 1104/1185/1178
f  940/1021/1014 939/1020/1013 1107/1221/1179
f  1107/1221/1179 1108/1222/1180 940/1021/1014
f  937/1018/1011 936/1017/1010 1059/1140/1181
f  1059/1140/1181 1058/1139/1182 937/1018/1011
f  941/1022/1015 869/950/942 1109/1223/1183
f  1109/1223/1183 1110/1224/1184 941/1022/1015
f  1110/1224/1185 1109/1223/1186 904/985/978
f  904/985/978 947/1028/1021 1110/1224/1185
f  946/1027/1020 941/1022/1015 1110/1224/1184
f  1110/1224/1184 1111/1225/1187 946/1027/1020
f  1111/1225/1188 1110/1224/1185 947/1028/1021
f  947/1028/1021 949/1030/1023 1111/1225/1188
f  948/1029/1022 946/1027/1020 1111/1225/1187
f  1111/1225/1187 1112/1226/1189 948/1029/1022
f  1112/1226/1190 1111/1225/1188 949/1030/1023
f  949/1030/1023 951/1032/1025 1112/1226/1190
f  950/1031/1024 948/1029/1022 1112/1226/1189
f  1112/1226/1189 1113/1227/1191 950/1031/1024
f  1113/1227/1192 1112/1226/1190 951/1032/1025
f  951/1032/1025 953/1034/1027 1113/1227/1192
f  952/1033/1026 950/1031/1024 1113/1227/1191
f  1113/1227/1191 1114/1228/1193 952/1033/1026
f  1114/1228/1194 1113/1227/1192 953/1034/1027
f  953/1034/1027 955/1036/1029 1114/1228/1194
f  954/1035/1028 952/1033/1026 1114/1228/1193
f  1114/1228/1193 1115/1229/1195 954/1035/1028
f  1115/1229/1196 1114/1228/1194 955/1036/1029
f  955/1036/1029 957/1038/1031 1115/1229/1196
f  956/1037/1030 954/1035/1028 1115/1229/1195
f  1115/1229/1195 1116/1230/1197 956/1037/1030
f  1116/1230/1198 1115/1229/1196 957/1038/1031
f  957/1038/1031 959/1040/1033 1116/1230/1198
f  958/1039/1032 956/1037/1030 1116/1230/1197
f  1116/1230/1197 1117/1231/1199 958/1039/1032
f  1117/1231/1200 1116/1230/1198 959/1040/1033
f  959/1040/1033 961/1042/1035 1117/1231/1200
f  960/1041/1034 958/1039/1032 1117/1231/1199
f  1117/1231/1199 1118/1232/1201 960/1041/1034
f  1118/1232/1202 1117/1231/1200 961/1042/1035
f  961/1042/1035 963/1044/1037 1118/1232/1202
f  962/1043/1036 960/1041/1034 1118/1232/1201
f  1118/1232/1201 1119/1233/1203 962/1043/1036
f  1119/1233/1204 1118/1232/1202 963/1044/1037
f  963/1044/1037 965/1046/1039 1119/1233/1204
f  964/1045/1038 962/1043/1036 1119/1233/1203
f  1119/1233/1203 1120/1234/1205 964/1045/1038
f  1120/1234/1206 1119/1233/1204 965/1046/1039
f  965/1046/1039 967/1048/1041 1120/1234/1206
f  966/1047/1040 964/1045/1038 1120/1234/1205
f  1120/1234/1205 1121/1235/1207 966/1047/1040
f  1121/1235/1208 1120/1234/1206 967/1048/1041
f  967/1048/1041 969/1050/1043 1121/1235/1208
f  968/1049/1042 966/1047/1040 1121/1235/1207
f  1121/1235/1207 1122/1236/1209 968/1049/1042
f  1122/1236/1210 1121/1235/1208 969/1050/1043
f  969/1050/1043 970/1051/1044 1122/1236/1210
f  939/1020/1013 968/1049/1042 1122/1236/1209
f  1122/1236/1209 1107/1221/1179 939/1020/1013
f  1107/1221/1211 1122/1236/1210 970/1051/1044
f  970/1051/1044 973/1054/1047 1107/1221/1211
f  972/1053/1046 971/1052/1045 1123/1237/1212
f  1123/1237/1212 1124/1238/1213 972/1053/1046
f  1125/1239/1214 1126/1240/1215 1103/1184/1177
f  1103/1184/1177 1127/1241/1216 1125/1239/1214
f  1124/1238/1217 1123/1237/1218 837/918/910
f  837/918/910 836/917/909 1124/1238/1217
f  1108/1222/1219 1107/1221/1211 973/1054/1047
f  973/1054/1047 974/1055/1048 1108/1222/1219
f  976/1057/1050 972/1053/1046 1124/1238/1213
f  1124/1238/1213 1128/1242/1220 976/1057/1050
f  1128/1242/1221 1124/1238/1217 836/917/909
f  836/917/909 980/1061/1054 1128/1242/1221
f  979/1060/1053 976/1057/1050 1128/1242/1220
f  1128/1242/1220 1129/1243/1222 979/1060/1053
f  1129/1243/1223 1128/1242/1221 980/1061/1054
f  980/1061/1054 982/1063/1056 1129/1243/1223
f  981/1062/1055 979/1060/1053 1129/1243/1222
f  1129/1243/1222 1130/1244/1224 981/1062/1055
f  1130/1244/1225 1129/1243/1223 982/1063/1056
f  982/1063/1056 984/1065/1058 1130/1244/1225
f  983/1064/1057 981/1062/1055 1130/1244/1224
f  1130/1244/1224 1131/1245/1226 983/1064/1057
f  1131/1245/1227 1130/1244/1225 984/1065/1058
f  984/1065/1058 986/1067/1060 1131/1245/1227
f  985/1066/1059 983/1064/1057 1131/1245/1226
f  1131/1245/1226 1132/1246/1228 985/1066/1059
f  1132/1246/1229 1131/1245/1227 986/1067/1060
f  986/1067/1060 988/1069/1062 1132/1246/1229
f  987/1068/1061 985/1066/1059 1132/1246/1228
f  1132/1246/1228 1133/1247/1230 987/1068/1061
f  1133/1247/1231 1132/1246/1229 988/1069/1062
f  988/1069/1062 990/1071/1064 1133/1247/1231
f  989/1070/1063 987/1068/1061 1133/1247/1230
f  1133/1247/1230 1134/1248/1232 989/1070/1063
f  1134/1248/1233 1133/1247/1231 990/1071/1064
f  990/1071/1064 992/1073/1066 1134/1248/1233
f  991/1072/1065 989/1070/1063 1134/1248/1232
f  1134/1248/1232 1135/1249/1234 991/1072/1065
f  1135/1249/1235 1134/1248/1233 992/1073/1066
f  992/1073/1066 994/1075/1068 1135/1249/1235
f  993/1074/1067 991/1072/1065 1135/1249/1234
f  1135/1249/1234 1136/1250/1236 993/1074/1067
f  1136/1250/1237 1135/1249/1235 994/1075/1068
f  994/1075/1068 996/1077/1070 1136/1250/1237
f  995/1076/1069 993/1074/1067 1136/1250/1236
f  1136/1250/1236 1137/1251/1238 995/1076/1069
f  1137/1251/1239 1136/1250/1237 996/1077/1070
f  996/1077/1070 998/1079/1072 1137/1251/1239
f  997/1078/1071 995/1076/1069 1137/1251/1238
f  1137/1251/1238 1138/1252/1240 997/1078/1071
f  1138/1252/1241 1137/1251/1239 998/1079/1072
f  998/1079/1072 1000/1081/1074 1138/1252/1241
f  999/1080/1073 997/1078/1071 1138/1252/1240
f  1138/1252/1240 1139/1253/1242 999/1080/1073
f  1139/1253/1243 1138/1252/1241 1000/1081/1074
f  1000/1081/1074 1002/1083/1076 1139/1253/1243
f  1001/1082/1075 999/1080/1073 1139/1253/1242
f  1139/1253/1242 1140/1254/1244 1001/1082/1075
f  1140/1254/1245 1139/1253/1243 1002/1083/1076
f  1002/1083/1076 1003/1084/1077 1140/1254/1245
f  936/1017/1010 1001/1082/1075 1140/1254/1244
f  1140/1254/1244 1059/1140/1181 936/1017/1010
f  1059/1140/1133 1140/1254/1245 1003/1084/1077
f  1003/1084/1077 796/876/869 1059/1140/1133
f  869/950/942 868/949/941 1141/1255/1246
f  1141/1255/1246 1109/1223/1183 869/950/942
f  1109/1223/1186 1141/1255/1247 905/986/979
f  905/986/979 904/985/978 1109/1223/1186
f  1009/1090/1083 1008/1089/1082 1142/1256/1248
f  1142/1256/1248 1143/1257/1249 1009/1090/1083
f  1006/1087/1080 1005/1086/1079 1126/1240/1250
f  1126/1240/1250 1125/1239/1251 1006/1087/1080
f  1011/1092/1085 1010/1091/1084 1144/1258/1252
f  1144/1258/1252 1145/1259/1253 1011/1092/1085
f  1145/1259/1254 1144/1258/1255 944/1025/1018
f  944/1025/1018 1014/1095/1088 1145/1259/1254
f  1012/1093/1086 1011/1092/1085 1145/1259/1253
f  1145/1259/1253 1146/1260/1256 1012/1093/1086
f  1146/1260/1257 1145/1259/1254 1014/1095/1088
f  1014/1095/1088 1017/1098/1091 1146/1260/1257
f  1015/1096/1089 1012/1093/1086 1146/1260/1256
f  1146/1260/1256 1147/1261/1258 1015/1096/1089
f  1147/1261/1259 1146/1260/1257 1017/1098/1091
f  1017/1098/1091 1020/1101/1094 1147/1261/1259
f  1018/1099/1092 1015/1096/1089 1147/1261/1258
f  1147/1261/1258 1148/1262/1260 1018/1099/1092
f  1148/1262/1261 1147/1261/1259 1020/1101/1094
f  1020/1101/1094 1023/1104/1097 1148/1262/1261
f  1021/1102/1095 1018/1099/1092 1148/1262/1260
f  1148/1262/1260 1149/1263/1262 1021/1102/1095
f  1149/1263/1263 1148/1262/1261 1023/1104/1097
f  1023/1104/1097 1026/1107/1100 1149/1263/1263
f  1024/1105/1098 1021/1102/1095 1149/1263/1262
f  1149/1263/1262 1150/1264/1264 1024/1105/1098
f  1150/1264/1265 1149/1263/1263 1026/1107/1100
f  1026/1107/1100 1029/1110/1103 1150/1264/1265
f  1027/1108/1101 1024/1105/1098 1150/1264/1264
f  1150/1264/1264 1151/1265/1266 1027/1108/1101
f  1151/1265/1267 1150/1264/1265 1029/1110/1103
f  1029/1110/1103 1032/1113/1106 1151/1265/1267
f  1030/1111/1104 1027/1108/1101 1151/1265/1266
f  1151/1265/1266 1152/1266/1268 1030/1111/1104
f  1152/1266/1269 1151/1265/1267 1032/1113/1106
f  1032/1113/1106 1035/1116/1109 1152/1266/1269
f  1033/1114/1107 1030/1111/1104 1152/1266/1268
f  1152/1266/1268 1153/1267/1270 1033/1114/1107
f  1153/1267/1271 1152/1266/1269 1035/1116/1109
f  1035/1116/1109 1038/1119/1112 1153/1267/1271
f  1036/1117/1110 1033/1114/1107 1153/1267/1270
f  1153/1267/1270 1154/1268/1272 1036/1117/1110
f  1154/1268/1273 1153/1267/1271 1038/1119/1112
f  1038/1119/1112 1041/1122/1115 1154/1268/1273
f  1039/1120/1113 1036/1117/1110 1154/1268/1272
f  1154/1268/1272 1155/1269/1274 1039/1120/1113
f  1155/1269/1275 1154/1268/1273 1041/1122/1115
f  1041/1122/1115 1044/1125/1118 1155/1269/1275
f  1042/1123/1116 1039/1120/1113 1155/1269/1274
f  1155/1269/1274 1156/1270/1276 1042/1123/1116
f  1156/1270/1277 1155/1269/1275 1044/1125/1118
f  1044/1125/1118 1047/1128/1121 1156/1270/1277
f  1045/1126/1119 1042/1123/1116 1156/1270/1276
f  1156/1270/1276 1157/1271/1278 1045/1126/1119
f  1157/1271/1279 1156/1270/1277 1047/1128/1121
f  1047/1128/1121 1049/1130/1123 1157/1271/1279
f  1008/1089/1082 1045/1126/1119 1157/1271/1278
f  1157/1271/1278 1142/1256/1248 1008/1089/1082
f  1142/1256/1280 1157/1271/1279 1049/1130/1123
f  1049/1130/1123 1053/1134/1127 1142/1256/1280
f  1051/1132/1125 1050/1131/1124 1158/1272/1281
f  1158/1272/1281 1159/1273/1282 1051/1132/1125
f  755/834/828 754/833/827 1160/1274/1283
f  1160/1274/1283 1161/1275/1284 755/834/828
f  1159/1273/1285 1158/1272/1286 1162/1276/1287
f  1162/1276/1287 1063/1144/1137 1159/1273/1285
f  1143/1257/1288 1142/1256/1280 1053/1134/1127
f  1053/1134/1127 1163/1277/1289 1143/1257/1288
f  1057/1138/1131 1051/1132/1125 1159/1273/1282
f  1159/1273/1282 1164/1278/1290 1057/1138/1131
f  1164/1278/1291 1159/1273/1285 1063/1144/1137
f  1063/1144/1137 1062/1143/1136 1164/1278/1291
f  1060/1141/1134 1057/1138/1131 1164/1278/1290
f  1164/1278/1290 1165/1279/1292 1060/1141/1134
f  1165/1279/1293 1164/1278/1291 1062/1143/1136
f  1062/1143/1136 1066/1147/1140 1165/1279/1293
f  1064/1145/1138 1060/1141/1134 1165/1279/1292
f  1165/1279/1292 1166/1280/1294 1064/1145/1138
f  1166/1280/1295 1165/1279/1293 1066/1147/1140
f  1066/1147/1140 1069/1150/1143 1166/1280/1295
f  1067/1148/1141 1064/1145/1138 1166/1280/1294
f  1166/1280/1294 1167/1281/1296 1067/1148/1141
f  1167/1281/1297 1166/1280/1295 1069/1150/1143
f  1069/1150/1143 1072/1153/1146 1167/1281/1297
f  1070/1151/1144 1067/1148/1141 1167/1281/1296
f  1167/1281/1296 1168/1282/1298 1070/1151/1144
f  1168/1282/1299 1167/1281/1297 1072/1153/1146
f  1072/1153/1146 1075/1156/1149 1168/1282/1299
f  1073/1154/1147 1070/1151/1144 1168/1282/1298
f  1168/1282/1298 1169/1283/1300 1073/1154/1147
f  1169/1283/1301 1168/1282/1299 1075/1156/1149
f  1075/1156/1149 1078/1159/1152 1169/1283/1301
f  1076/1157/1150 1073/1154/1147 1169/1283/1300
f  1169/1283/1300 1170/1284/1302 1076/1157/1150
f  1170/1284/1303 1169/1283/1301 1078/1159/1152
f  1078/1159/1152 1081/1162/1155 1170/1284/1303
f  1079/1160/1153 1076/1157/1150 1170/1284/1302
f  1170/1284/1302 1171/1285/1304 1079/1160/1153
f  1171/1285/1305 1170/1284/1303 1081/1162/1155
f  1081/1162/1155 1084/1165/1158 1171/1285/1305
f  1082/1163/1156 1079/1160/1153 1171/1285/1304
f  1171/1285/1304 1172/1286/1306 1082/1163/1156
f  1172/1286/1307 1171/1285/1305 1084/1165/1158
f  1084/1165/1158 1087/1168/1161 1172/1286/1307
f  1085/1166/1159 1082/1163/1156 1172/1286/1306
f  1172/1286/1306 1173/1287/1308 1085/1166/1159
f  1173/1287/1309 1172/1286/1307 1087/1168/1161
f  1087/1168/1161 1090/1171/1164 1173/1287/1309
f  1088/1169/1162 1085/1166/1159 1173/1287/1308
f  1173/1287/1308 1174/1288/1310 1088/1169/1162
f  1174/1288/1311 1173/1287/1309 1090/1171/1164
f  1090/1171/1164 1093/1174/1167 1174/1288/1311
f  1091/1172/1165 1088/1169/1162 1174/1288/1310
f  1174/1288/1310 1175/1289/1312 1091/1172/1165
f  1175/1289/1313 1174/1288/1311 1093/1174/1167
f  1093/1174/1167 1096/1177/1170 1175/1289/1313
f  1094/1175/1168 1091/1172/1165 1175/1289/1312
f  1175/1289/1312 1176/1290/1314 1094/1175/1168
f  1176/1290/1315 1175/1289/1313 1096/1177/1170
f  1096/1177/1170 1098/1179/1172 1176/1290/1315
f  1005/1086/1079 1094/1175/1168 1176/1290/1314
f  1176/1290/1314 1126/1240/1250 1005/1086/1079
f  1126/1240/1215 1176/1290/1315 1098/1179/1172
f  1098/1179/1172 1103/1184/1177 1126/1240/1215
f  1010/1091/1084 1177/1291/1316 1178/1292/1317
f  1178/1292/1317 1144/1258/1252 1010/1091/1084
f  1144/1258/1255 1178/1292/1318 945/1026/1019
f  945/1026/1019 944/1025/1018 1144/1258/1255
f  1007/1088/1081 794/874/867 793/873/866
f  793/873/866 867/948/940 1007/1088/1081
f  1179/1293/1319 1043/1124/1117 1040/1121/1114
f  1040/1121/1114 1180/1294/1320 1179/1293/1319
f  1177/1291/1316 1010/1091/1084 807/888/880
f  807/888/880 1004/1085/1078 1177/1291/1316
f  1181/1295/1321 1022/1103/1096 1019/1100/1093
f  1019/1100/1093 1182/1296/1322 1181/1295/1321
f  1183/1297/1323 1083/1164/1157 1080/1161/1154
f  1080/1161/1154 1184/1298/1324 1183/1297/1323
f  1185/1299/1325 1061/1142/1135 1055/1136/1129
f  1055/1136/1129 756/835/829 1185/1299/1325
f  1180/1294/1320 1040/1121/1114 1037/1118/1111
f  1037/1118/1111 1186/1300/1326 1180/1294/1320
f  1102/1183/1176 1101/1182/1175 1097/1178/1171
f  1097/1178/1171 1187/1301/1327 1102/1183/1176
f  1182/1296/1322 1019/1100/1093 1016/1097/1090
f  1016/1097/1090 1188/1302/1328 1182/1296/1322
f  1184/1298/1324 1080/1161/1154 1077/1158/1151
f  1077/1158/1151 1189/1303/1329 1184/1298/1324
f  1056/1137/1130 1055/1136/1129 1063/1144/1137
f  1063/1144/1137 1162/1276/1287 1056/1137/1130
f  1186/1300/1326 1037/1118/1111 1034/1115/1108
f  1034/1115/1108 1190/1304/1330 1186/1300/1326
f  1187/1301/1327 1097/1178/1171 1095/1176/1169
f  1095/1176/1169 1191/1305/1331 1187/1301/1327
f  1188/1302/1328 1016/1097/1090 1013/1094/1087
f  1013/1094/1087 1192/1306/1332 1188/1302/1328
f  1189/1303/1329 1077/1158/1151 1074/1155/1148
f  1074/1155/1148 1193/1307/1333 1189/1303/1329
f  1052/1133/1126 1054/1135/1128 1163/1277/1289
f  1163/1277/1289 1053/1134/1127 1052/1133/1126
f  1190/1304/1330 1034/1115/1108 1031/1112/1105
f  1031/1112/1105 1194/1308/1334 1190/1304/1330
f  1191/1305/1331 1095/1176/1169 1092/1173/1166
f  1092/1173/1166 1195/1309/1335 1191/1305/1331
f  1192/1306/1332 1013/1094/1087 943/1024/1017
f  943/1024/1017 977/1058/1051 1192/1306/1332
f  1193/1307/1333 1074/1155/1148 1071/1152/1145
f  1071/1152/1145 1196/1310/1336 1193/1307/1333
f  798/878/871 1052/1133/1126 1048/1129/1122
f  1048/1129/1122 1197/1311/1337 798/878/871
f  1194/1308/1334 1031/1112/1105 1028/1109/1102
f  1028/1109/1102 1198/1312/1338 1194/1308/1334
f  1195/1309/1335 1092/1173/1166 1089/1170/1163
f  1089/1170/1163 1199/1313/1339 1195/1309/1335
f  1101/1182/1175 1100/1181/1174 1127/1241/1216
f  1127/1241/1216 1103/1184/1177 1101/1182/1175
f  1196/1310/1336 1071/1152/1145 1068/1149/1142
f  1068/1149/1142 1200/1314/1340 1196/1310/1336
f  1197/1311/1337 1048/1129/1122 1046/1127/1120
f  1046/1127/1120 1201/1315/1341 1197/1311/1337
f  1198/1312/1338 1028/1109/1102 1025/1106/1099
f  1025/1106/1099 1202/1316/1342 1198/1312/1338
f  1199/1313/1339 1089/1170/1163 1086/1167/1160
f  1086/1167/1160 1203/1317/1343 1199/1313/1339
f  1200/1314/1340 1068/1149/1142 1065/1146/1139
f  1065/1146/1139 1204/1318/1344 1200/1314/1340
f  1201/1315/1341 1046/1127/1120 1043/1124/1117
f  1043/1124/1117 1179/1293/1319 1201/1315/1341
f  1202/1316/1342 1025/1106/1099 1022/1103/1096
f  1022/1103/1096 1181/1295/1321 1202/1316/1342
f  1203/1317/1343 1086/1167/1160 1083/1164/1157
f  1083/1164/1157 1183/1297/1323 1203/1317/1343
f  1204/1318/1344 1065/1146/1139 1061/1142/1135
f  1061/1142/1135 1185/1299/1325 1204/1318/1344
f  1099/1180/1173 1102/1183/1176 874/1319/947
f  874/1319/947 1205/1320/1345 1099/1180/1173
f  1206/1321/1346 1207/1322/1347 1208/1323/1348
f  1208/1323/1348 1209/1324/1349 1206/1321/1346
f  1210/1325/1350 789/869/862 792/872/865
f  792/872/865 1211/1326/1351 1210/1325/1350
f  1212/1327/1352 1213/1328/1353 1214/1329/1354
f  1214/1329/1354 1215/1330/1355 1212/1327/1352
f  1207/1322/1347 1216/1331/1356 1217/1332/1357
f  1217/1332/1357 1208/1323/1348 1207/1322/1347
f  1213/1328/1353 1218/1333/1358 1219/1334/1359
f  1219/1334/1359 1214/1329/1354 1213/1328/1353
f  1216/1331/1356 1220/1335/1360 1221/1336/1361
f  1221/1336/1361 1217/1332/1357 1216/1331/1356
f  754/833/827 1222/1337/1362 1223/1338/1363
f  1223/1338/1363 1160/1274/1283 754/833/827
f  1218/1333/1358 1224/1339/1364 1225/1340/1365
f  1225/1340/1365 1219/1334/1359 1218/1333/1358
f  1220/1335/1360 1226/1341/1366 1227/1342/1367
f  1227/1342/1367 1221/1336/1361 1220/1335/1360
f  1224/1339/1364 1228/1343/1368 1229/1344/1369
f  1229/1344/1369 1225/1340/1365 1224/1339/1364
f  1226/1341/1366 1230/1345/1370 1231/1346/1371
f  1231/1346/1371 1227/1342/1367 1226/1341/1366
f  1228/1343/1368 1232/1347/1372 1233/1348/1373
f  1233/1348/1373 1229/1344/1369 1228/1343/1368
f  1230/1345/1370 1234/1349/1374 1235/1350/1375
f  1235/1350/1375 1231/1346/1371 1230/1345/1370
f  1232/1347/1372 1236/1351/1376 1237/1352/1377
f  1237/1352/1377 1233/1348/1373 1232/1347/1372
f  1234/1349/1374 1238/1353/1378 1239/1354/1379
f  1239/1354/1379 1235/1350/1375 1234/1349/1374
f  1236/1351/1376 1240/1355/1380 1241/1356/1381
f  1241/1356/1381 1237/1352/1377 1236/1351/1376
f  1238/1353/1378 1242/1357/1382 1243/1358/1383
f  1243/1358/1383 1239/1354/1379 1238/1353/1378
f  1240/1355/1380 1244/1359/1384 1245/1360/1385
f  1245/1360/1385 1241/1356/1381 1240/1355/1380
f  1242/1357/1382 1246/1361/1386 1247/1362/1387
f  1247/1362/1387 1243/1358/1383 1242/1357/1382
f  1244/1359/1384 1248/1363/1388 1249/1364/1389
f  1249/1364/1389 1245/1360/1385 1244/1359/1384
f  1246/1361/1386 1250/1365/1390 1251/1366/1391
f  1251/1366/1391 1247/1362/1387 1246/1361/1386
f  1248/1363/1388 1252/1367/1392 1253/1368/1393
f  1253/1368/1393 1249/1364/1389 1248/1363/1388
f  1250/1365/1390 1254/1369/1394 1255/1370/1395
f  1255/1370/1395 1251/1366/1391 1250/1365/1390
f  1252/1367/1392 1256/1371/1396 1257/1372/1397
f  1257/1372/1397 1253/1368/1393 1252/1367/1392
f  1254/1369/1394 1258/1373/1398 1259/1374/1399
f  1259/1374/1399 1255/1370/1395 1254/1369/1394
f  1258/1373/1398 1260/1375/1400 1261/1376/1401
f  1261/1376/1401 1259/1374/1399 1258/1373/1398
f  1256/1371/1396 1262/1377/1402 1263/1378/1403
f  1263/1378/1403 1257/1372/1397 1256/1371/1396
f  1264/1379/1404 1212/1327/1352 1215/1330/1355
f  1215/1330/1355 1265/1380/1405 1264/1379/1404
f  1222/1337/1362 1206/1321/1346 1209/1324/1349
f  1209/1324/1349 1223/1338/1363 1222/1337/1362
f  1262/1377/1402 1210/1325/1350 1211/1326/1351
f  1211/1326/1351 1263/1378/1403 1262/1377/1402
f  977/1058/1051 978/1059/1052 1266/1381/1406
f  1266/1381/1406 787/1382/860 977/1058/1051
f  1102/1183/1176 1187/1301/1327 724/1383/797
f  724/1383/797 874/1319/947 1102/1183/1176
f  1187/1301/1327 1191/1305/1331 725/1384/798
f  725/1384/798 724/1383/797 1187/1301/1327
f  1191/1305/1331 1195/1309/1335 728/1385/801
f  728/1385/801 725/1384/798 1191/1305/1331
f  1195/1309/1335 1199/1313/1339 730/1386/803
f  730/1386/803 728/1385/801 1195/1309/1335
f  1199/1313/1339 1203/1317/1343 732/1387/805
f  732/1387/805 730/1386/803 1199/1313/1339
f  1203/1317/1343 1183/1297/1323 734/1388/807
f  734/1388/807 732/1387/805 1203/1317/1343
f  1183/1297/1323 1184/1298/1324 736/1389/809
f  736/1389/809 734/1388/807 1183/1297/1323
f  1184/1298/1324 1189/1303/1329 738/1390/811
f  738/1390/811 736/1389/809 1184/1298/1324
f  1189/1303/1329 1193/1307/1333 740/1391/813
f  740/1391/813 738/1390/811 1189/1303/1329
f  1193/1307/1333 1196/1310/1336 742/1392/815
f  742/1392/815 740/1391/813 1193/1307/1333
f  1196/1310/1336 1200/1314/1340 744/1393/817
f  744/1393/817 742/1392/815 1196/1310/1336
f  1200/1314/1340 1204/1318/1344 746/1394/819
f  746/1394/819 744/1393/817 1200/1314/1340
f  1204/1318/1344 1185/1299/1325 748/1395/821
f  748/1395/821 746/1394/819 1204/1318/1344
f  1185/1299/1325 756/835/829 750/838/823
f  750/838/823 748/1395/821 1185/1299/1325
f  750/829/823 758/1396/831 1267/1397/1407
f  1267/1397/1407 751/830/824 750/829/823
f  799/1398/872 759/839/832 762/842/835
f  762/842/835 1268/1399/1408 799/1398/872
f  798/878/871 1197/1311/1337 760/1400/833
f  760/1400/833 759/879/832 798/878/871
f  1197/1311/1337 1201/1315/1341 763/1401/836
f  763/1401/836 760/1400/833 1197/1311/1337
f  1201/1315/1341 1179/1293/1319 765/1402/838
f  765/1402/838 763/1401/836 1201/1315/1341
f  1179/1293/1319 1180/1294/1320 767/1403/840
f  767/1403/840 765/1402/838 1179/1293/1319
f  1180/1294/1320 1186/1300/1326 769/1404/842
f  769/1404/842 767/1403/840 1180/1294/1320
f  1186/1300/1326 1190/1304/1330 771/1405/844
f  771/1405/844 769/1404/842 1186/1300/1326
f  1190/1304/1330 1194/1308/1334 773/1406/846
f  773/1406/846 771/1405/844 1190/1304/1330
f  1194/1308/1334 1198/1312/1338 775/1407/848
f  775/1407/848 773/1406/846 1194/1308/1334
f  1198/1312/1338 1202/1316/1342 777/1408/850
f  777/1408/850 775/1407/848 1198/1312/1338
f  1202/1316/1342 1181/1295/1321 779/1409/852
f  779/1409/852 777/1408/850 1202/1316/1342
f  1181/1295/1321 1182/1296/1322 781/1410/854
f  781/1410/854 779/1409/852 1181/1295/1321
f  1182/1296/1322 1188/1302/1328 783/1411/856
f  783/1411/856 781/1410/854 1182/1296/1322
f  1188/1302/1328 1192/1306/1332 785/1412/858
f  785/1412/858 783/1411/856 1188/1302/1328
f  1192/1306/1332 977/1058/1051 787/1382/860
f  787/1382/860 785/1412/858 1192/1306/1332
f  1205/1413/1345 874/955/947 753/832/948
f  753/832/948 752/831/1409 1205/1413/1345
f  788/868/1410 1269/1414/1411 790/870/863
f  790/870/863 789/869/862 788/868/1410
f  753/832/826 727/806/1412 1222/1337/1362
f  1222/1337/1362 754/833/827 753/832/826
f  727/806/1412 726/805/1413 1206/1321/1346
f  1206/1321/1346 1222/1337/1362 727/806/1412
f  726/805/1413 729/808/1414 1207/1322/1347
f  1207/1322/1347 1206/1321/1346 726/805/1413
f  729/808/1414 731/810/1415 1216/1331/1356
f  1216/1331/1356 1207/1322/1347 729/808/1414
f  731/810/1415 733/812/1416 1220/1335/1360
f  1220/1335/1360 1216/1331/1356 731/810/1415
f  733/812/1416 735/814/1417 1226/1341/1366
f  1226/1341/1366 1220/1335/1360 733/812/1416
f  735/814/1417 737/816/1418 1230/1345/1370
f  1230/1345/1370 1226/1341/1366 735/814/1417
f  737/816/1418 739/818/1419 1234/1349/1374
f  1234/1349/1374 1230/1345/1370 737/816/1418
f  739/818/1419 741/820/1420 1238/1353/1378
f  1238/1353/1378 1234/1349/1374 739/818/1419
f  741/820/1420 743/822/1421 1242/1357/1382
f  1242/1357/1382 1238/1353/1378 741/820/1420
f  743/822/1421 745/824/1422 1246/1361/1386
f  1246/1361/1386 1242/1357/1382 743/822/1421
f  745/824/1422 747/826/1423 1250/1365/1390
f  1250/1365/1390 1246/1361/1386 745/824/1422
f  747/826/1423 749/828/1424 1254/1369/1394
f  1254/1369/1394 1250/1365/1390 747/826/1423
f  749/828/1424 751/830/1425 1258/1373/1398
f  1258/1373/1398 1254/1369/1394 749/828/1424
f  751/830/1425 1267/1397/1426 1260/1375/1400
f  1260/1375/1400 1258/1373/1398 751/830/1425
f  762/842/1427 761/841/1428 1213/1328/1353
f  1213/1328/1353 1212/1327/1352 762/842/1427
f  761/841/1428 764/844/1429 1218/1333/1358
f  1218/1333/1358 1213/1328/1353 761/841/1428
f  764/844/1429 766/846/1430 1224/1339/1364
f  1224/1339/1364 1218/1333/1358 764/844/1429
f  766/846/1430 768/848/1431 1228/1343/1368
f  1228/1343/1368 1224/1339/1364 766/846/1430
f  768/848/1431 770/850/1432 1232/1347/1372
f  1232/1347/1372 1228/1343/1368 768/848/1431
f  770/850/1432 772/852/1433 1236/1351/1376
f  1236/1351/1376 1232/1347/1372 770/850/1432
f  772/852/1433 774/854/1434 1240/1355/1380
f  1240/1355/1380 1236/1351/1376 772/852/1433
f  774/854/1434 776/856/1435 1244/1359/1384
f  1244/1359/1384 1240/1355/1380 774/854/1434
f  776/856/1435 778/858/1436 1248/1363/1388
f  1248/1363/1388 1244/1359/1384 776/856/1435
f  778/858/1436 780/860/1437 1252/1367/1392
f  1252/1367/1392 1248/1363/1388 778/858/1436
f  780/860/1437 782/862/1438 1256/1371/1396
f  1256/1371/1396 1252/1367/1392 780/860/1437
f  782/862/1438 784/864/1439 1262/1377/1402
f  1262/1377/1402 1256/1371/1396 782/862/1438
f  784/864/1439 786/866/1440 1210/1325/1350
f  1210/1325/1350 1262/1377/1402 784/864/1439
f  786/866/1440 788/868/1410 789/869/862
f  789/869/862 1210/1325/1350 786/866/1440
f  1268/1399/1441 762/842/1427 1212/1327/1352
f  1212/1327/1352 1264/1379/1404 1268/1399/1441
f  787/867/860 1266/1415/1406 1269/1414/1442
f  1269/1414/1442 788/868/861 787/867/860
f  803/884/1443 802/883/1444 1104/1416/1445
f  1104/1416/1445 1270/1417/1446 803/884/1443
f  1270/1417/1446 1104/1416/1445 1106/1418/1447
f  1106/1418/1447 938/1019/1012 1270/1417/1446
f  1004/1085/1448 903/984/1449 1271/1419/1450
f  1271/1419/1450 1272/1420/1451 1004/1085/1448
f  1272/1420/1451 1271/1419/1450 794/874/867
f  794/874/867 1007/1088/1081 1272/1420/1451
f  907/1421/1452 906/1422/1453 1273/1423/1454
f  1273/1423/1454 1105/1424/1455 907/1421/1452
f  1105/1424/1455 1273/1423/1454 935/1016/1009
f  935/1016/1009 934/1015/1008 1105/1424/1455
f  839/1425/1456 838/1426/1457 1274/1427/1458
f  1274/1427/1458 1275/1428/1459 839/1425/1456
f  1275/1428/1459 1274/1427/1458 975/1056/1049
f  975/1056/1049 834/915/907 1275/1428/1459
f  937/1018/1011 1058/1139/1182 1276/1429/1460
f  1276/1429/1460 1277/1430/1461 937/1018/1011
f  1277/1430/1461 1276/1429/1460 1141/1255/1462
f  1141/1255/1462 868/949/1463 1277/1430/1461
f  1058/1139/1132 795/875/868 1278/1431/1464
f  1278/1431/1464 1276/1429/1465 1058/1139/1132
f  1276/1429/1465 1278/1431/1464 905/986/1466
f  905/986/1466 1141/1255/1467 1276/1429/1465
f  1123/1237/1212 971/1052/1045 1279/1432/1468
f  1279/1432/1468 1280/1433/1469 1123/1237/1212
f  1280/1433/1469 1279/1432/1468 940/1434/1470
f  940/1434/1470 1108/1435/1471 1280/1433/1469
f  837/918/910 1123/1237/1218 1280/1433/1472
f  1280/1433/1472 1281/1436/1473 837/918/910
f  1281/1436/1473 1280/1433/1472 1108/1435/1474
f  1108/1435/1474 974/1437/1475 1281/1436/1473
f  1006/1087/1080 1125/1239/1251 1282/1438/1476
f  1282/1438/1476 1283/1439/1477 1006/1087/1080
f  1283/1439/1477 1282/1438/1476 1178/1292/1478
f  1178/1292/1478 1177/1291/1479 1283/1439/1477
f  1125/1239/1214 1127/1241/1216 1284/1440/1480
f  1284/1440/1480 1282/1438/1481 1125/1239/1214
f  1282/1438/1481 1284/1440/1480 945/1026/1482
f  945/1026/1482 1178/1292/1483 1282/1438/1481
f  1158/1272/1281 1050/1131/1124 1285/1441/1484
f  1285/1441/1484 1286/1442/1485 1158/1272/1281
f  1286/1442/1485 1285/1441/1484 1009/1443/1486
f  1009/1443/1486 1143/1444/1487 1286/1442/1485
f  1162/1276/1287 1158/1272/1286 1286/1442/1488
f  1286/1442/1488 1287/1445/1489 1162/1276/1287
f  1287/1445/1489 1286/1442/1488 1143/1444/1490
f  1143/1444/1490 1163/1446/1491 1287/1445/1489
f  903/984/1449 905/986/1466 1278/1431/1464
f  1278/1431/1464 1271/1419/1450 903/984/1449
f  1271/1419/1450 1278/1431/1464 795/875/868
f  795/875/868 794/874/867 1271/1419/1450
f  938/1019/1012 937/1018/1011 1277/1430/1461
f  1277/1430/1461 1270/1417/1446 938/1019/1012
f  1270/1417/1446 1277/1430/1461 868/949/1463
f  868/949/1463 803/884/1443 1270/1417/1446
f  974/1437/1475 839/1425/1456 1275/1428/1459
f  1275/1428/1459 1281/1436/1473 974/1437/1475
f  1281/1436/1473 1275/1428/1459 834/915/907
f  834/915/907 837/918/910 1281/1436/1473
f  906/1422/1453 940/1434/1470 1279/1432/1468
f  1279/1432/1468 1273/1423/1454 906/1422/1453
f  1273/1423/1454 1279/1432/1468 971/1052/1045
f  971/1052/1045 935/1016/1009 1273/1423/1454
f  942/1023/1492 945/1026/1482 1284/1440/1480
f  1284/1440/1480 1288/1447/1493 942/1023/1492
f  1288/1447/1493 1284/1440/1480 1127/1241/1216
f  1127/1241/1216 1100/1181/1174 1288/1447/1493
f  1007/1088/1081 1006/1087/1080 1283/1439/1477
f  1283/1439/1477 1272/1420/1451 1007/1088/1081
f  1272/1420/1451 1283/1439/1477 1177/1291/1479
f  1177/1291/1479 1004/1085/1448 1272/1420/1451
f  1163/1446/1491 1054/1448/1494 1289/1449/1495
f  1289/1449/1495 1287/1445/1489 1163/1446/1491
f  1287/1445/1489 1289/1449/1495 1056/1137/1130
f  1056/1137/1130 1162/1276/1287 1287/1445/1489
f  838/1426/1457 1009/1443/1486 1285/1441/1484
f  1285/1441/1484 1274/1427/1458 838/1426/1457
f  1274/1427/1458 1285/1441/1484 1050/1131/1124
f  1050/1131/1124 975/1056/1049 1274/1427/1458
f  1266/1381/1496 978/1059/1497 1290/1450/1498
f  1290/1450/1498 1291/1451/1499 1266/1381/1496
f  1291/1451/1499 1290/1450/1498 1099/1180/1173
f  1099/1180/1173 1205/1320/1345 1291/1451/1499
f  797/1452/1500 799/1453/1501 1292/1454/1502
f  1292/1454/1502 1293/1455/1503 797/1452/1500
f  1293/1455/1503 1292/1454/1502 758/837/831
f  758/837/831 757/836/830 1293/1455/1503
f  790/870/1504 1269/1414/1505 1294/1456/1506
f  1294/1456/1506 1295/1457/1507 790/870/1504
f  1295/1457/1507 1294/1456/1506 752/831/825
f  752/831/825 755/834/828 1295/1457/1507
f  1268/1458/1508 1264/1459/1509 1296/1460/1510
f  1296/1460/1510 1297/1461/1511 1268/1458/1508
f  1297/1461/1511 1296/1460/1510 1260/1375/1400
f  1260/1375/1400 1267/1397/1426 1297/1461/1511
f  1269/1414/1512 1266/1415/1496 1291/1462/1499
f  1291/1462/1499 1294/1456/1513 1269/1414/1512
f  1294/1456/1513 1291/1462/1499 1205/1413/1345
f  1205/1413/1345 752/831/1409 1294/1456/1513
f  978/1059/1497 942/1023/1492 1288/1447/1493
f  1288/1447/1493 1290/1450/1498 978/1059/1497
f  1290/1450/1498 1288/1447/1493 1100/1181/1174
f  1100/1181/1174 1099/1180/1173 1290/1450/1498
f  799/1463/1501 1268/1458/1514 1297/1461/1515
f  1297/1461/1515 1292/1464/1502 799/1463/1501
f  1292/1464/1502 1297/1461/1515 1267/1397/1407
f  1267/1397/1407 758/1396/831 1292/1464/1502
f  1054/1448/1494 797/1452/1500 1293/1455/1503
f  1293/1455/1503 1289/1449/1495 1054/1448/1494
f  1289/1449/1495 1293/1455/1503 757/836/830
f  757/836/830 1056/1137/1130 1289/1449/1495
f  791/871/1516 790/870/1504 1295/1457/1507
f  1295/1457/1507 1298/1465/1517 791/871/1516
f  1298/1465/1517 1295/1457/1507 755/834/828
f  755/834/828 1161/1275/1284 1298/1465/1517
f  1264/1459/1509 1265/1466/1518 1299/1467/1519
f  1299/1467/1519 1296/1460/1510 1264/1459/1509
f  1296/1460/1510 1299/1467/1519 1261/1376/1401
f  1261/1376/1401 1260/1375/1400 1296/1460/1510
f  938/1019/1012 1106/1418/1447 871/952/944
f  871/952/944 870/951/943 938/1019/1012
f  1223/1338/1520 636/687/1521 557/593/1522
f  557/593/1522 1160/1274/1523 1223/1338/1520
f  1209/1324/1524 623/674/1525 636/687/1521
f  636/687/1521 1223/1338/1520 1209/1324/1524
f  1208/1323/1526 620/671/1527 623/674/1525
f  623/674/1525 1209/1324/1524 1208/1323/1526
f  1217/1332/1528 630/681/1529 620/671/1527
f  620/671/1527 1208/1323/1526 1217/1332/1528
f  1221/1336/1530 634/685/1531 630/681/1529
f  630/681/1529 1217/1332/1528 1221/1336/1530
f  1227/1342/1532 640/691/1533 634/685/1531
f  634/685/1531 1221/1336/1530 1227/1342/1532
f  1231/1346/1534 644/695/1535 640/691/1533
f  640/691/1533 1227/1342/1532 1231/1346/1534
f  1235/1350/1536 648/699/1537 644/695/1535
f  644/695/1535 1231/1346/1534 1235/1350/1536
f  1239/1354/1538 652/703/1539 648/699/1537
f  648/699/1537 1235/1350/1536 1239/1354/1538
f  1243/1358/1540 656/707/1541 652/703/1539
f  652/703/1539 1239/1354/1538 1243/1358/1540
f  1247/1362/1542 660/711/1543 656/707/1541
f  656/707/1541 1243/1358/1540 1247/1362/1542
f  1251/1366/1544 664/715/1545 660/711/1543
f  660/711/1543 1247/1362/1542 1251/1366/1544
f  1255/1370/1546 668/719/1547 664/715/1545
f  664/715/1545 1251/1366/1544 1255/1370/1546
f  1259/1374/1548 672/723/1549 668/719/1547
f  668/719/1547 1255/1370/1546 1259/1374/1548
f  1214/1329/1550 626/677/1551 629/680/1552
f  629/680/1552 1215/1330/1553 1214/1329/1550
f  1219/1334/1554 632/683/1555 626/677/1551
f  626/677/1551 1214/1329/1550 1219/1334/1554
f  1225/1340/1556 638/689/1557 632/683/1555
f  632/683/1555 1219/1334/1554 1225/1340/1556
f  1229/1344/1558 642/693/1559 638/689/1557
f  638/689/1557 1225/1340/1556 1229/1344/1558
f  1233/1348/1560 646/697/1561 642/693/1559
f  642/693/1559 1229/1344/1558 1233/1348/1560
f  1237/1352/1562 650/701/1563 646/697/1561
f  646/697/1561 1233/1348/1560 1237/1352/1562
f  1241/1356/1564 654/705/1565 650/701/1563
f  650/701/1563 1237/1352/1562 1241/1356/1564
f  1245/1360/1566 658/709/1567 654/705/1565
f  654/705/1565 1241/1356/1564 1245/1360/1566
f  1249/1364/1568 662/713/1569 658/709/1567
f  658/709/1567 1245/1360/1566 1249/1364/1568
f  1253/1368/1570 666/717/1571 662/713/1569
f  662/713/1569 1249/1364/1568 1253/1368/1570
f  1257/1372/1572 670/721/1573 666/717/1571
f  666/717/1571 1253/1368/1570 1257/1372/1572
f  1263/1378/1574 676/727/1575 670/721/1573
f  670/721/1573 1257/1372/1572 1263/1378/1574
f  1211/1326/1576 625/676/1577 676/727/1575
f  676/727/1575 1263/1378/1574 1211/1326/1576
f  792/872/1578 69/69/1579 625/676/1577
f  625/676/1577 1211/1326/1576 792/872/1578
f  1298/1465/1580 720/798/1581 66/66/1582
f  66/66/1582 791/871/1583 1298/1465/1580
f  1161/1275/1584 558/594/1585 720/798/1581
f  720/798/1581 1298/1465/1580 1161/1275/1584
f  1265/1466/1586 679/800/1587 721/799/1588
f  721/799/1588 1299/1467/1589 1265/1466/1586
f  1299/1467/1589 721/799/1588 674/725/1590
f  674/725/1590 1261/1376/1591 1299/1467/1589
f  1160/1274/1523 557/593/1522 558/594/1585
f  558/594/1585 1161/1275/1584 1160/1274/1523
f  791/871/1583 66/66/1582 69/69/1579
f  69/69/1579 792/872/1578 791/871/1583
f  1261/1376/1591 674/725/1590 672/723/1549
f  672/723/1549 1259/1374/1548 1261/1376/1591
f  1215/1330/1553 629/680/1552 679/730/1587
f  679/730/1587 1265/1380/1586 1215/1330/1553
f  1300/1468/1592 149/149/151 152/152/154
f  152/152/154 311/311/343 1300/1468/1592
f  193/193/198 686/737/723 689/740/726
f  689/740/726 190/190/195 193/193/198
f  270/270/288 692/743/731 693/746/734
f  693/746/734 1301/1469/1593 270/270/288
f  150/150/152 156/156/159 158/158/162
f  158/158/162 151/151/153 150/150/152
f  1302/1470/1594 684/735/720 685/736/722
f  685/736/722 1303/1471/1595 1302/1470/1594
f  1301/1469/1593 1304/1472/1596 267/267/285
f  267/267/285 270/270/288 1301/1469/1593
f  1305/1473/1597 1300/1468/1592 311/311/343
f  311/311/343 308/308/339 1305/1473/1597
f  1306/1474/1598 1305/1473/1597 308/308/339
f  308/308/339 305/305/335 1306/1474/1598
f  1307/1475/1599 1306/1474/1598 305/305/335
f  305/305/335 302/302/331 1307/1475/1599
f  1308/1476/1600 1307/1475/1599 302/302/331
f  302/302/331 299/299/327 1308/1476/1600
f  1309/1477/1601 1308/1476/1600 299/299/327
f  299/299/327 296/296/323 1309/1477/1601
f  1310/1478/1602 1309/1477/1601 296/296/323
f  296/296/323 293/293/319 1310/1478/1602
f  1311/1479/1603 1310/1478/1602 293/293/319
f  293/293/319 290/290/315 1311/1479/1603
f  1312/1480/1604 1311/1479/1603 290/290/315
f  290/290/315 287/287/311 1312/1480/1604
f  1313/1481/1605 1312/1480/1604 287/287/311
f  287/287/311 284/284/307 1313/1481/1605
f  1314/1482/1606 1313/1481/1605 284/284/307
f  284/284/307 281/281/303 1314/1482/1606
f  1315/1483/1607 1314/1482/1606 281/281/303
f  281/281/303 278/278/299 1315/1483/1607
f  1316/1484/1608 1315/1483/1607 278/278/299
f  278/278/299 274/274/295 1316/1484/1608
f  1304/1472/1596 1316/1484/1608 274/274/295
f  274/274/295 267/267/285 1304/1472/1596
f  1317/1485/1609 181/181/185 184/184/188
f  184/184/188 263/263/279 1317/1485/1609
f  218/218/223 688/1486/725 687/1487/1610
f  687/1487/1610 219/219/224 218/218/223
f  1318/1488/1611 1317/1485/1609 263/263/279
f  263/263/279 260/260/275 1318/1488/1611
f  1319/1489/1612 1318/1488/1611 260/260/275
f  260/260/275 257/257/271 1319/1489/1612
f  1320/1490/1613 1319/1489/1612 257/257/271
f  257/257/271 254/254/267 1320/1490/1613
f  1321/1491/1614 1320/1490/1613 254/254/267
f  254/254/267 251/251/263 1321/1491/1614
f  1322/1492/1615 1321/1491/1614 251/251/263
f  251/251/263 248/248/259 1322/1492/1615
f  1323/1493/1616 1322/1492/1615 248/248/259
f  248/248/259 245/245/255 1323/1493/1616
f  1324/1494/1617 1323/1493/1616 245/245/255
f  245/245/255 242/242/251 1324/1494/1617
f  1325/1495/1618 1324/1494/1617 242/242/251
f  242/242/251 239/239/247 1325/1495/1618
f  1326/1496/1619 1325/1495/1618 239/239/247
f  239/239/247 236/236/243 1326/1496/1619
f  1327/1497/1620 1326/1496/1619 236/236/243
f  236/236/243 233/233/239 1327/1497/1620
f  1328/1498/1621 1327/1497/1620 233/233/239
f  233/233/239 230/230/235 1328/1498/1621
f  723/802/796 1328/1498/1621 230/230/235
f  230/230/235 224/224/229 723/802/796
f  216/216/221 1329/1499/1622 1330/1500/1623
f  1330/1500/1623 217/217/222 216/216/221
f  1331/1501/1624 1302/1470/1594 1303/1471/1595
f  1303/1471/1595 1332/1502/1625 1331/1501/1624
f  157/157/1626 722/801/795 145/145/147
f  145/145/147 148/148/150 157/157/1626
f  1303/1471/1595 1333/1503/1627 1334/1504/1628
f  1334/1504/1628 1332/1502/1625 1303/1471/1595
f  1332/1502/1625 1334/1504/1628 1335/1505/1629
f  1335/1505/1629 1330/1500/1623 1332/1502/1625
f  693/746/734 1336/1506/1630 1337/1507/1631
f  1337/1507/1631 1301/1469/1593 693/746/734
f  182/745/733 1338/1508/1632 1336/1506/1630
f  1336/1506/1630 693/746/734 182/745/733
f  1339/1509/1633 686/737/723 193/193/198
f  193/193/198 1340/1510/1634 1339/1509/1633
f  685/736/722 1341/1511/1635 1333/1503/1627
f  1333/1503/1627 1303/1471/1595 685/736/722
f  1342/1512/1636 687/738/724 686/737/723
f  686/737/723 1339/1509/1633 1342/1512/1636
f  155/155/721 1343/1513/1637 1341/1511/1635
f  1341/1511/1635 685/736/722 155/155/721
f  1344/1514/1638 156/156/159 150/150/152
f  150/150/152 1345/1515/1639 1344/1514/1638
f  192/192/197 1346/1516/1640 1340/1510/1634
f  1340/1510/1634 193/193/198 192/192/197
f  1347/1517/1641 181/181/185 1317/1485/1609
f  1317/1485/1609 1348/1518/1642 1347/1517/1641
f  1330/1500/1623 1335/1505/1629 1349/1519/1643
f  1349/1519/1643 217/217/222 1330/1500/1623
f  1350/1520/1644 1305/1473/1597 1306/1474/1598
f  1306/1474/1598 1351/1521/1645 1350/1520/1644
f  217/217/222 1349/1519/1643 1352/1522/1646
f  1352/1522/1646 215/215/220 217/217/222
f  1351/1521/1645 1306/1474/1598 1307/1475/1599
f  1307/1475/1599 1353/1523/1647 1351/1521/1645
f  215/215/220 1352/1522/1646 1354/1524/1648
f  1354/1524/1648 213/213/218 215/215/220
f  1353/1523/1647 1307/1475/1599 1308/1476/1600
f  1308/1476/1600 1355/1525/1649 1353/1523/1647
f  213/213/218 1354/1524/1648 1356/1526/1650
f  1356/1526/1650 211/211/216 213/213/218
f  1355/1525/1649 1308/1476/1600 1309/1477/1601
f  1309/1477/1601 1357/1527/1651 1355/1525/1649
f  211/211/216 1356/1526/1650 1358/1528/1652
f  1358/1528/1652 209/209/214 211/211/216
f  1357/1527/1651 1309/1477/1601 1310/1478/1602
f  1310/1478/1602 1359/1529/1653 1357/1527/1651
f  209/209/214 1358/1528/1652 1360/1530/1654
f  1360/1530/1654 207/207/212 209/209/214
f  1359/1529/1653 1310/1478/1602 1311/1479/1603
f  1311/1479/1603 1361/1531/1655 1359/1529/1653
f  207/207/212 1360/1530/1654 1362/1532/1656
f  1362/1532/1656 205/205/210 207/207/212
f  1361/1531/1655 1311/1479/1603 1312/1480/1604
f  1312/1480/1604 1363/1533/1657 1361/1531/1655
f  205/205/210 1362/1532/1656 1364/1534/1658
f  1364/1534/1658 203/203/208 205/205/210
f  1363/1533/1657 1312/1480/1604 1313/1481/1605
f  1313/1481/1605 1365/1535/1659 1363/1533/1657
f  203/203/208 1364/1534/1658 1366/1536/1660
f  1366/1536/1660 201/201/206 203/203/208
f  1365/1535/1659 1313/1481/1605 1314/1482/1606
f  1314/1482/1606 1367/1537/1661 1365/1535/1659
f  201/201/206 1366/1536/1660 1368/1538/1662
f  1368/1538/1662 199/199/204 201/201/206
f  1367/1537/1661 1314/1482/1606 1315/1483/1607
f  1315/1483/1607 1369/1539/1663 1367/1537/1661
f  199/199/204 1368/1538/1662 1370/1540/1664
f  1370/1540/1664 197/197/202 199/199/204
f  1369/1539/1663 1315/1483/1607 1316/1484/1608
f  1316/1484/1608 1371/1541/1665 1369/1539/1663
f  197/197/202 1370/1540/1664 1372/1542/1666
f  1372/1542/1666 195/195/200 197/197/202
f  1371/1541/1665 1316/1484/1608 1304/1472/1596
f  1304/1472/1596 1373/1543/1667 1371/1541/1665
f  195/195/200 1372/1542/1666 1346/1516/1640
f  1346/1516/1640 192/192/197 195/195/200
f  1373/1543/1667 1304/1472/1596 1301/1469/1593
f  1301/1469/1593 1337/1507/1631 1373/1543/1667
f  687/1487/1610 1342/1544/1668 1374/1545/1669
f  1374/1545/1669 219/219/224 687/1487/1610
f  219/219/224 1374/1545/1669 1375/1546/1670
f  1375/1546/1670 189/189/194 219/219/224
f  1338/1547/1671 182/182/186 181/181/185
f  181/181/185 1347/1517/1641 1338/1547/1671
f  1348/1518/1642 1317/1485/1609 1318/1488/1611
f  1318/1488/1611 1376/1548/1672 1348/1518/1642
f  189/189/194 1375/1546/1670 1377/1549/1673
f  1377/1549/1673 180/180/184 189/189/194
f  1376/1548/1672 1318/1488/1611 1319/1489/1612
f  1319/1489/1612 1378/1550/1674 1376/1548/1672
f  180/180/184 1377/1549/1673 1379/1551/1675
f  1379/1551/1675 178/178/182 180/180/184
f  1378/1550/1674 1319/1489/1612 1320/1490/1613
f  1320/1490/1613 1380/1552/1676 1378/1550/1674
f  178/178/182 1379/1551/1675 1381/1553/1677
f  1381/1553/1677 176/176/180 178/178/182
f  1380/1552/1676 1320/1490/1613 1321/1491/1614
f  1321/1491/1614 1382/1554/1678 1380/1552/1676
f  176/176/180 1381/1553/1677 1383/1555/1679
f  1383/1555/1679 174/174/178 176/176/180
f  1382/1554/1678 1321/1491/1614 1322/1492/1615
f  1322/1492/1615 1384/1556/1680 1382/1554/1678
f  174/174/178 1383/1555/1679 1385/1557/1681
f  1385/1557/1681 172/172/176 174/174/178
f  1384/1556/1680 1322/1492/1615 1323/1493/1616
f  1323/1493/1616 1386/1558/1682 1384/1556/1680
f  172/172/176 1385/1557/1681 1387/1559/1683
f  1387/1559/1683 170/170/174 172/172/176
f  1386/1558/1682 1323/1493/1616 1324/1494/1617
f  1324/1494/1617 1388/1560/1684 1386/1558/1682
f  170/170/174 1387/1559/1683 1389/1561/1685
f  1389/1561/1685 168/168/172 170/170/174
f  1388/1560/1684 1324/1494/1617 1325/1495/1618
f  1325/1495/1618 1390/1562/1686 1388/1560/1684
f  168/168/172 1389/1561/1685 1391/1563/1687
f  1391/1563/1687 166/166/170 168/168/172
f  1390/1562/1686 1325/1495/1618 1326/1496/1619
f  1326/1496/1619 1392/1564/1688 1390/1562/1686
f  166/166/170 1391/1563/1687 1393/1565/1689
f  1393/1565/1689 164/164/168 166/166/170
f  1392/1564/1688 1326/1496/1619 1327/1497/1620
f  1327/1497/1620 1394/1566/1690 1392/1564/1688
f  164/164/168 1393/1565/1689 1395/1567/1691
f  1395/1567/1691 162/162/166 164/164/168
f  1394/1566/1690 1327/1497/1620 1328/1498/1621
f  1328/1498/1621 1396/1568/1692 1394/1566/1690
f  162/162/166 1395/1567/1691 1397/1569/1693
f  1397/1569/1693 160/160/164 162/162/166
f  1396/1568/1692 1328/1498/1621 723/802/796
f  723/802/796 1398/1570/1694 1396/1568/1692
f  160/160/164 1397/1569/1693 1399/1571/1695
f  1399/1571/1695 79/79/79 160/160/164
f  1400/1572/1696 157/157/160 156/156/159
f  156/156/159 1344/1514/1638 1400/1572/1696
f  79/79/79 1399/1571/1695 1401/1573/1697
f  1401/1573/1697 80/80/80 79/79/79
f  80/80/80 1401/1573/1697 1343/1513/1698
f  1343/1513/1698 155/155/158 80/80/80
f  1345/1515/1639 150/150/152 149/149/151
f  149/149/151 1402/1574/1699 1345/1515/1639
f  1403/1575/1700 722/801/795 157/157/1626
f  157/157/1626 1400/1572/1701 1403/1575/1700
f  1398/1570/1694 723/802/796 722/801/795
f  722/801/795 1403/1575/1700 1398/1570/1694
f  1404/1576/1702 1300/1468/1592 1305/1473/1597
f  1305/1473/1597 1350/1520/1644 1404/1576/1702
f  1329/1499/1622 1331/1501/1624 1332/1502/1625
f  1332/1502/1625 1330/1500/1623 1329/1499/1622
f  1402/1574/1699 1405/1577/1703 1406/1578/1704
f  1406/1578/1704 1345/1515/1639 1402/1574/1699
f  1404/1576/1702 1407/1579/1705 1405/1577/1703
f  1405/1577/1703 1402/1574/1699 1404/1576/1702
f  1340/1510/1634 1408/1580/1706 1409/1581/1707
f  1409/1581/1707 1339/1509/1633 1340/1510/1634
f  1339/1509/1633 1409/1582/1707 1410/1583/1708
f  1410/1583/1708 1342/1512/1636 1339/1509/1633
f  1411/1584/1709 1337/1507/1631 1336/1506/1630
f  1336/1506/1630 1412/1585/1710 1411/1584/1709
f  1345/1515/1639 1406/1578/1704 1413/1586/1711
f  1413/1586/1711 1344/1514/1638 1345/1515/1639
f  1412/1587/1710 1336/1506/1630 1338/1508/1632
f  1338/1508/1632 1414/1588/1712 1412/1587/1710
f  1344/1514/1638 1413/1586/1711 1415/1589/1713
f  1415/1589/1713 1400/1572/1696 1344/1514/1638
f  1416/1590/1714 1333/1503/1627 1341/1511/1635
f  1341/1511/1635 1417/1591/1715 1416/1590/1714
f  1337/1507/1631 1411/1584/1709 1418/1592/1716
f  1418/1592/1716 1373/1543/1667 1337/1507/1631
f  1419/1593/1717 1375/1546/1670 1374/1545/1669
f  1374/1545/1669 1420/1594/1718 1419/1593/1717
f  1350/1520/1644 1421/1595/1719 1407/1579/1705
f  1407/1579/1705 1404/1576/1702 1350/1520/1644
f  1422/1596/1720 1352/1522/1646 1349/1519/1643
f  1349/1519/1643 1423/1597/1721 1422/1596/1720
f  1351/1521/1645 1424/1598/1722 1421/1595/1719
f  1421/1595/1719 1350/1520/1644 1351/1521/1645
f  1425/1599/1723 1354/1524/1648 1352/1522/1646
f  1352/1522/1646 1422/1600/1720 1425/1599/1723
f  1353/1523/1647 1426/1601/1724 1424/1602/1722
f  1424/1602/1722 1351/1521/1645 1353/1523/1647
f  1427/1603/1725 1356/1526/1650 1354/1524/1648
f  1354/1524/1648 1425/1599/1723 1427/1603/1725
f  1355/1525/1649 1428/1604/1726 1426/1601/1724
f  1426/1601/1724 1353/1523/1647 1355/1525/1649
f  1429/1605/1727 1358/1528/1652 1356/1526/1650
f  1356/1526/1650 1427/1603/1725 1429/1605/1727
f  1357/1527/1651 1430/1606/1728 1428/1604/1726
f  1428/1604/1726 1355/1525/1649 1357/1527/1651
f  1431/1607/1729 1360/1530/1654 1358/1528/1652
f  1358/1528/1652 1429/1605/1727 1431/1607/1729
f  1359/1529/1653 1432/1608/1730 1430/1606/1728
f  1430/1606/1728 1357/1527/1651 1359/1529/1653
f  1433/1609/1731 1362/1532/1656 1360/1530/1654
f  1360/1530/1654 1431/1610/1729 1433/1609/1731
f  1361/1531/1655 1434/1611/1732 1432/1608/1730
f  1432/1608/1730 1359/1529/1653 1361/1531/1655
f  1435/1612/1733 1364/1534/1658 1362/1532/1656
f  1362/1532/1656 1433/1609/1731 1435/1612/1733
f  1363/1533/1657 1436/1613/1734 1434/1614/1732
f  1434/1614/1732 1361/1531/1655 1363/1533/1657
f  1437/1615/1735 1366/1536/1660 1364/1534/1658
f  1364/1534/1658 1435/1616/1733 1437/1615/1735
f  1365/1535/1659 1438/1617/1736 1436/1613/1734
f  1436/1613/1734 1363/1533/1657 1365/1535/1659
f  1439/1618/1737 1368/1538/1662 1366/1536/1660
f  1366/1536/1660 1437/1619/1735 1439/1618/1737
f  1367/1537/1661 1440/1620/1738 1438/1617/1736
f  1438/1617/1736 1365/1535/1659 1367/1537/1661
f  1441/1621/1739 1370/1540/1664 1368/1538/1662
f  1368/1538/1662 1439/1622/1737 1441/1621/1739
f  1369/1539/1663 1442/1623/1740 1440/1620/1738
f  1440/1620/1738 1367/1537/1661 1369/1539/1663
f  1443/1624/1741 1372/1542/1666 1370/1540/1664
f  1370/1540/1664 1441/1621/1739 1443/1624/1741
f  1371/1541/1665 1444/1625/1742 1442/1626/1740
f  1442/1626/1740 1369/1539/1663 1371/1541/1665
f  1445/1627/1743 1346/1516/1640 1372/1542/1666
f  1372/1542/1666 1443/1624/1741 1445/1627/1743
f  1373/1543/1667 1418/1628/1716 1444/1629/1742
f  1444/1629/1742 1371/1541/1665 1373/1543/1667
f  1408/1630/1706 1340/1510/1634 1346/1516/1640
f  1346/1516/1640 1445/1627/1743 1408/1630/1706
f  1347/1517/1641 1446/1631/1744 1414/1632/1745
f  1414/1632/1745 1338/1547/1671 1347/1517/1641
f  1348/1518/1642 1447/1633/1746 1446/1634/1744
f  1446/1634/1744 1347/1517/1641 1348/1518/1642
f  1420/1594/1718 1374/1545/1669 1342/1544/1668
f  1342/1544/1668 1410/1635/1747 1420/1594/1718
f  1448/1636/1748 1377/1549/1673 1375/1546/1670
f  1375/1546/1670 1419/1637/1717 1448/1636/1748
f  1376/1548/1672 1449/1638/1749 1447/1639/1746
f  1447/1639/1746 1348/1518/1642 1376/1548/1672
f  1450/1640/1750 1379/1551/1675 1377/1549/1673
f  1377/1549/1673 1448/1641/1748 1450/1640/1750
f  1378/1550/1674 1451/1642/1751 1449/1643/1749
f  1449/1643/1749 1376/1548/1672 1378/1550/1674
f  1452/1644/1752 1381/1553/1677 1379/1551/1675
f  1379/1551/1675 1450/1640/1750 1452/1644/1752
f  1380/1552/1676 1453/1645/1753 1451/1646/1751
f  1451/1646/1751 1378/1550/1674 1380/1552/1676
f  1454/1647/1754 1383/1555/1679 1381/1553/1677
f  1381/1553/1677 1452/1644/1752 1454/1647/1754
f  1382/1554/1678 1455/1648/1755 1453/1645/1753
f  1453/1645/1753 1380/1552/1676 1382/1554/1678
f  1456/1649/1756 1385/1557/1681 1383/1555/1679
f  1383/1555/1679 1454/1647/1754 1456/1649/1756
f  1384/1556/1680 1457/1650/1757 1455/1648/1755
f  1455/1648/1755 1382/1554/1678 1384/1556/1680
f  1458/1651/1758 1387/1559/1683 1385/1557/1681
f  1385/1557/1681 1456/1649/1756 1458/1651/1758
f  1386/1558/1682 1459/1652/1759 1457/1650/1757
f  1457/1650/1757 1384/1556/1680 1386/1558/1682
f  1460/1653/1760 1389/1561/1685 1387/1559/1683
f  1387/1559/1683 1458/1651/1758 1460/1653/1760
f  1388/1560/1684 1461/1654/1761 1459/1652/1759
f  1459/1652/1759 1386/1558/1682 1388/1560/1684
f  1462/1655/1762 1391/1563/1687 1389/1561/1685
f  1389/1561/1685 1460/1656/1760 1462/1655/1762
f  1390/1562/1686 1463/1657/1763 1461/1654/1761
f  1461/1654/1761 1388/1560/1684 1390/1562/1686
f  1464/1658/1764 1393/1565/1689 1391/1563/1687
f  1391/1563/1687 1462/1655/1762 1464/1658/1764
f  1392/1564/1688 1465/1659/1765 1463/1657/1763
f  1463/1657/1763 1390/1562/1686 1392/1564/1688
f  1466/1660/1766 1395/1567/1691 1393/1565/1689
f  1393/1565/1689 1464/1658/1764 1466/1660/1766
f  1394/1566/1690 1467/1661/1767 1465/1662/1765
f  1465/1662/1765 1392/1564/1688 1394/1566/1690
f  1468/1663/1768 1397/1569/1693 1395/1567/1691
f  1395/1567/1691 1466/1664/1766 1468/1663/1768
f  1396/1568/1692 1469/1665/1769 1467/1666/1767
f  1467/1666/1767 1394/1566/1690 1396/1568/1692
f  1470/1667/1770 1399/1571/1695 1397/1569/1693
f  1397/1569/1693 1468/1668/1768 1470/1667/1770
f  1398/1570/1694 1471/1669/1771 1469/1665/1769
f  1469/1665/1769 1396/1568/1692 1398/1570/1694
f  1417/1591/1715 1341/1511/1635 1343/1513/1637
f  1343/1513/1637 1472/1670/1772 1417/1591/1715
f  1403/1575/1700 1473/1671/1773 1471/1672/1771
f  1471/1672/1771 1398/1570/1694 1403/1575/1700
f  1400/1572/1701 1415/1589/1774 1473/1673/1773
f  1473/1673/1773 1403/1575/1700 1400/1572/1701
f  1474/1674/1775 1334/1504/1628 1333/1503/1627
f  1333/1503/1627 1416/1590/1714 1474/1674/1775
f  1472/1675/1776 1343/1513/1698 1401/1573/1697
f  1401/1573/1697 1475/1676/1777 1472/1675/1776
f  1475/1677/1777 1401/1573/1697 1399/1571/1695
f  1399/1571/1695 1470/1678/1770 1475/1677/1777
f  1423/1679/1721 1349/1519/1643 1335/1505/1629
f  1335/1505/1629 1476/1680/1778 1423/1679/1721
f  1402/1574/1699 149/149/151 1300/1468/1592
f  1300/1468/1592 1404/1576/1702 1402/1574/1699
f  1477/1681/1779 1478/1682/1780 1479/1683/1781
f  1479/1683/1781 1480/1684/1782 1477/1681/1779
f  1481/1685/1783 1477/1681/1779 1480/1684/1782
f  1480/1684/1782 1482/1686/1784 1481/1685/1783
f  1483/1687/1785 1481/1685/1783 1482/1686/1784
f  1482/1686/1784 1484/1688/1786 1483/1687/1785
f  1485/1689/1787 1483/1690/1785 1484/1691/1786
f  1484/1691/1786 1486/1692/1788 1485/1689/1787
f  1487/1693/1789 1485/1689/1787 1486/1692/1788
f  1486/1692/1788 1488/1694/1790 1487/1693/1789
f  1489/1695/1791 1487/1693/1789 1488/1694/1790
f  1488/1694/1790 1490/1696/1792 1489/1695/1791
f  1491/1697/1793 1489/1695/1791 1490/1696/1792
f  1490/1696/1792 1492/1698/1794 1491/1697/1793
f  1493/1699/1795 1491/1697/1793 1492/1698/1794
f  1492/1698/1794 1494/1700/1796 1493/1699/1795
f  1495/1701/1797 1493/1699/1795 1494/1700/1796
f  1494/1700/1796 1496/1702/1798 1495/1701/1797
f  1497/1703/1799 1495/1704/1797 1496/1705/1798
f  1496/1705/1798 1498/1706/1800 1497/1703/1799
f  1499/1707/1801 1497/1703/1799 1498/1706/1800
f  1498/1706/1800 1500/1708/1802 1499/1707/1801
f  1478/1682/1780 1499/1707/1801 1500/1708/1802
f  1500/1708/1802 1479/1683/1781 1478/1682/1780
f  1480/1684/1782 1479/1683/1781 1501/1709/1803
f  1501/1709/1803 1502/1710/1804 1480/1684/1782
f  1482/1686/1784 1480/1684/1782 1502/1710/1804
f  1502/1710/1804 1503/1711/1805 1482/1686/1784
f  1484/1688/1786 1482/1686/1784 1503/1711/1805
f  1503/1711/1805 1504/1712/1806 1484/1688/1786
f  1486/1692/1788 1484/1691/1786 1504/1713/1806
f  1504/1713/1806 1505/1714/1807 1486/1692/1788
f  1488/1694/1790 1486/1692/1788 1505/1714/1807
f  1505/1714/1807 1506/1715/1808 1488/1694/1790
f  1490/1696/1792 1488/1694/1790 1506/1715/1808
f  1506/1715/1808 1507/1716/1809 1490/1696/1792
f  1492/1698/1794 1490/1696/1792 1507/1716/1809
f  1507/1716/1809 1508/1717/1810 1492/1698/1794
f  1494/1700/1796 1492/1698/1794 1508/1717/1810
f  1508/1717/1810 1509/1718/1811 1494/1700/1796
f  1496/1702/1798 1494/1700/1796 1509/1718/1811
f  1509/1718/1811 1510/1719/1812 1496/1702/1798
f  1498/1706/1800 1496/1705/1798 1510/1720/1812
f  1510/1720/1812 1511/1721/1813 1498/1706/1800
f  1500/1708/1802 1498/1706/1800 1511/1721/1813
f  1511/1721/1813 1512/1722/1814 1500/1708/1802
f  1479/1683/1781 1500/1708/1802 1512/1722/1814
f  1512/1722/1814 1501/1709/1803 1479/1683/1781
f  1502/1710/1804 1501/1709/1803 1513/1723/1815
f  1513/1723/1815 1514/1724/1816 1502/1710/1804
f  1503/1711/1805 1502/1710/1804 1514/1724/1816
f  1514/1724/1816 1515/1725/1817 1503/1711/1805
f  1504/1712/1806 1503/1711/1805 1515/1725/1817
f  1515/1725/1817 1516/1726/1818 1504/1712/1806
f  1505/1714/1807 1504/1713/1806 1516/1727/1818
f  1516/1727/1818 1517/1728/1819 1505/1714/1807
f  1506/1715/1808 1505/1714/1807 1517/1728/1819
f  1517/1728/1819 1518/1729/1820 1506/1715/1808
f  1507/1716/1809 1506/1715/1808 1518/1729/1820
f  1518/1729/1820 1519/1730/1821 1507/1716/1809
f  1508/1717/1810 1507/1716/1809 1519/1730/1821
f  1519/1730/1821 1520/1731/1822 1508/1717/1810
f  1509/1718/1811 1508/1717/1810 1520/1731/1822
f  1520/1731/1822 1521/1732/1823 1509/1718/1811
f  1510/1719/1812 1509/1718/1811 1521/1732/1823
f  1521/1732/1823 1522/1733/1824 1510/1719/1812
f  1511/1721/1813 1510/1720/1812 1522/1734/1824
f  1522/1734/1824 1523/1735/1825 1511/1721/1813
f  1512/1722/1814 1511/1721/1813 1523/1735/1825
f  1523/1735/1825 1524/1736/1826 1512/1722/1814
f  1501/1709/1803 1512/1722/1814 1524/1736/1826
f  1524/1736/1826 1513/1723/1815 1501/1709/1803
f  1514/1724/1816 1513/1723/1815 1525/1737/1827
f  1525/1737/1827 1526/1738/1828 1514/1724/1816
f  1515/1725/1817 1514/1724/1816 1526/1738/1828
f  1526/1738/1828 1527/1739/1829 1515/1725/1817
f  1516/1726/1818 1515/1725/1817 1527/1739/1829
f  1527/1739/1829 1528/1740/1830 1516/1726/1818
f  1517/1728/1819 1516/1727/1818 1528/1741/1830
f  1528/1741/1830 1529/1742/1831 1517/1728/1819
f  1518/1729/1820 1517/1728/1819 1529/1742/1831
f  1529/1742/1831 1530/1743/1832 1518/1729/1820
f  1519/1730/1821 1518/1729/1820 1530/1743/1832
f  1530/1743/1832 1531/1744/1833 1519/1730/1821
f  1520/1731/1822 1519/1730/1821 1531/1744/1833
f  1531/1744/1833 1532/1745/1834 1520/1731/1822
f  1521/1732/1823 1520/1731/1822 1532/1745/1834
f  1532/1745/1834 1533/1746/1835 1521/1732/1823
f  1522/1733/1824 1521/1732/1823 1533/1746/1835
f  1533/1746/1835 1534/1747/1836 1522/1733/1824
f  1523/1735/1825 1522/1734/1824 1534/1748/1836
f  1534/1748/1836 1535/1749/1837 1523/1735/1825
f  1524/1736/1826 1523/1735/1825 1535/1749/1837
f  1535/1749/1837 1536/1750/1838 1524/1736/1826
f  1513/1723/1815 1524/1736/1826 1536/1750/1838
f  1536/1750/1838 1525/1737/1827 1513/1723/1815
f  1526/1738/1828 1525/1737/1827 1537/1751/1839
f  1537/1751/1839 1538/1752/1840 1526/1738/1828
f  1527/1739/1829 1526/1738/1828 1538/1752/1840
f  1538/1752/1840 1539/1753/1841 1527/1739/1829
f  1528/1740/1830 1527/1739/1829 1539/1753/1841
f  1539/1753/1841 1540/1754/1842 1528/1740/1830
f  1529/1742/1831 1528/1741/1830 1540/1755/1842
f  1540/1755/1842 1541/1756/1843 1529/1742/1831
f  1530/1743/1832 1529/1742/1831 1541/1756/1843
f  1541/1756/1843 1542/1757/1844 1530/1743/1832
f  1531/1744/1833 1530/1743/1832 1542/1757/1844
f  1542/1757/1844 1543/1758/1845 1531/1744/1833
f  1532/1745/1834 1531/1744/1833 1543/1758/1845
f  1543/1758/1845 1544/1759/1846 1532/1745/1834
f  1533/1746/1835 1532/1745/1834 1544/1759/1846
f  1544/1759/1846 1545/1760/1847 1533/1746/1835
f  1534/1747/1836 1533/1746/1835 1545/1760/1847
f  1545/1760/1847 1546/1761/1848 1534/1747/1836
f  1535/1749/1837 1534/1748/1836 1546/1762/1848
f  1546/1762/1848 1547/1763/1849 1535/1749/1837
f  1536/1750/1838 1535/1749/1837 1547/1763/1849
f  1547/1763/1849 1548/1764/1850 1536/1750/1838
f  1525/1737/1827 1536/1750/1838 1548/1764/1850
f  1548/1764/1850 1537/1751/1839 1525/1737/1827
f  1538/1752/1840 1537/1751/1839 1549/1765/1851
f  1549/1765/1851 1550/1766/1852 1538/1752/1840
f  1539/1753/1841 1538/1752/1840 1550/1766/1852
f  1550/1766/1852 1551/1767/1853 1539/1753/1841
f  1540/1754/1842 1539/1753/1841 1551/1767/1853
f  1551/1767/1853 1552/1768/1854 1540/1754/1842
f  1541/1756/1843 1540/1755/1842 1552/1769/1854
f  1552/1769/1854 1553/1770/1855 1541/1756/1843
f  1542/1757/1844 1541/1756/1843 1553/1770/1855
f  1553/1770/1855 1554/1771/1856 1542/1757/1844
f  1543/1758/1845 1542/1757/1844 1554/1771/1856
f  1554/1771/1856 1555/1772/1857 1543/1758/1845
f  1544/1759/1846 1543/1758/1845 1555/1772/1857
f  1555/1772/1857 1556/1773/1858 1544/1759/1846
f  1545/1760/1847 1544/1759/1846 1556/1773/1858
f  1556/1773/1858 1557/1774/1859 1545/1760/1847
f  1546/1761/1848 1545/1760/1847 1557/1774/1859
f  1557/1774/1859 1558/1775/1860 1546/1761/1848
f  1547/1763/1849 1546/1762/1848 1558/1776/1860
f  1558/1776/1860 1559/1777/1861 1547/1763/1849
f  1548/1764/1850 1547/1763/1849 1559/1777/1861
f  1559/1777/1861 1560/1778/1862 1548/1764/1850
f  1537/1751/1839 1548/1764/1850 1560/1778/1862
f  1560/1778/1862 1549/1765/1851 1537/1751/1839
f  1550/1779/1852 1549/1780/1851 1561/1781/1863
f  1561/1781/1863 1562/1782/1864 1550/1779/1852
f  1551/1783/1853 1550/1779/1852 1562/1782/1864
f  1562/1782/1864 1563/1784/1865 1551/1783/1853
f  1552/1785/1854 1551/1783/1853 1563/1784/1865
f  1563/1784/1865 1564/1786/1866 1552/1785/1854
f  1553/1787/1855 1552/1788/1854 1564/1789/1866
f  1564/1789/1866 1565/1790/1867 1553/1787/1855
f  1554/1791/1856 1553/1787/1855 1565/1790/1867
f  1565/1790/1867 1566/1792/1868 1554/1791/1856
f  1555/1793/1857 1554/1791/1856 1566/1792/1868
f  1566/1792/1868 1567/1794/1869 1555/1793/1857
f  1556/1795/1858 1555/1793/1857 1567/1794/1869
f  1567/1794/1869 1568/1796/1870 1556/1795/1858
f  1557/1797/1859 1556/1795/1858 1568/1796/1870
f  1568/1796/1870 1569/1798/1871 1557/1797/1859
f  1558/1799/1860 1557/1797/1859 1569/1798/1871
f  1569/1798/1871 1570/1800/1872 1558/1799/1860
f  1559/1801/1861 1558/1802/1860 1570/1803/1872
f  1570/1803/1872 1571/1804/1873 1559/1801/1861
f  1560/1805/1862 1559/1801/1861 1571/1804/1873
f  1571/1804/1873 1572/1806/1874 1560/1805/1862
f  1549/1780/1851 1560/1805/1862 1572/1806/1874
f  1572/1806/1874 1561/1781/1863 1549/1780/1851
f  1562/1782/1864 1561/1781/1863 1573/1807/1875
f  1573/1807/1875 1574/1808/1876 1562/1782/1864
f  1563/1784/1865 1562/1782/1864 1574/1808/1876
f  1574/1808/1876 1575/1809/1877 1563/1784/1865
f  1564/1786/1866 1563/1784/1865 1575/1809/1877
f  1575/1809/1877 1576/1810/1878 1564/1786/1866
f  1565/1790/1867 1564/1789/1866 1576/1811/1878
f  1576/1811/1878 1577/1812/1879 1565/1790/1867
f  1566/1792/1868 1565/1790/1867 1577/1812/1879
f  1577/1812/1879 1578/1813/1880 1566/1792/1868
f  1567/1794/1869 1566/1792/1868 1578/1813/1880
f  1578/1813/1880 1579/1814/1881 1567/1794/1869
f  1568/1796/1870 1567/1794/1869 1579/1814/1881
f  1579/1814/1881 1580/1815/1882 1568/1796/1870
f  1569/1798/1871 1568/1796/1870 1580/1815/1882
f  1580/1815/1882 1581/1816/1883 1569/1798/1871
f  1570/1800/1872 1569/1798/1871 1581/1816/1883
f  1581/1816/1883 1582/1817/1884 1570/1800/1872
f  1571/1804/1873 1570/1803/1872 1582/1818/1884
f  1582/1818/1884 1583/1819/1885 1571/1804/1873
f  1572/1806/1874 1571/1804/1873 1583/1819/1885
f  1583/1819/1885 1584/1820/1886 1572/1806/1874
f  1561/1781/1863 1572/1806/1874 1584/1820/1886
f  1584/1820/1886 1573/1807/1875 1561/1781/1863
f  1574/1808/1876 1573/1807/1875 1585/1821/1887
f  1585/1821/1887 1586/1822/1888 1574/1808/1876
f  1575/1809/1877 1574/1808/1876 1586/1822/1888
f  1586/1822/1888 1587/1823/1889 1575/1809/1877
f  1576/1810/1878 1575/1809/1877 1587/1823/1889
f  1587/1823/1889 1588/1824/1890 1576/1810/1878
f  1577/1812/1879 1576/1811/1878 1588/1825/1890
f  1588/1825/1890 1589/1826/1891 1577/1812/1879
f  1578/1813/1880 1577/1812/1879 1589/1826/1891
f  1589/1826/1891 1590/1827/1892 1578/1813/1880
f  1579/1814/1881 1578/1813/1880 1590/1827/1892
f  1590/1827/1892 1591/1828/1893 1579/1814/1881
f  1580/1815/1882 1579/1814/1881 1591/1828/1893
f  1591/1828/1893 1592/1829/1894 1580/1815/1882
f  1581/1816/1883 1580/1815/1882 1592/1829/1894
f  1592/1829/1894 1593/1830/1895 1581/1816/1883
f  1582/1817/1884 1581/1816/1883 1593/1830/1895
f  1593/1830/1895 1594/1831/1896 1582/1817/1884
f  1583/1819/1885 1582/1818/1884 1594/1832/1896
f  1594/1832/1896 1595/1833/1897 1583/1819/1885
f  1584/1820/1886 1583/1819/1885 1595/1833/1897
f  1595/1833/1897 1596/1834/1898 1584/1820/1886
f  1573/1807/1875 1584/1820/1886 1596/1834/1898
f  1596/1834/1898 1585/1821/1887 1573/1807/1875
f  1586/1822/1888 1585/1821/1887 1597/1835/1899
f  1597/1835/1899 1598/1836/1900 1586/1822/1888
f  1587/1823/1889 1586/1822/1888 1598/1836/1900
f  1598/1836/1900 1599/1837/1901 1587/1823/1889
f  1588/1824/1890 1587/1823/1889 1599/1837/1901
f  1599/1837/1901 1600/1838/1902 1588/1824/1890
f  1589/1826/1891 1588/1825/1890 1600/1839/1902
f  1600/1839/1902 1601/1840/1903 1589/1826/1891
f  1590/1827/1892 1589/1826/1891 1601/1840/1903
f  1601/1840/1903 1602/1841/1904 1590/1827/1892
f  1591/1828/1893 1590/1827/1892 1602/1841/1904
f  1602/1841/1904 1603/1842/1905 1591/1828/1893
f  1592/1829/1894 1591/1828/1893 1603/1842/1905
f  1603/1842/1905 1604/1843/1906 1592/1829/1894
f  1593/1830/1895 1592/1829/1894 1604/1843/1906
f  1604/1843/1906 1605/1844/1907 1593/1830/1895
f  1594/1831/1896 1593/1830/1895 1605/1844/1907
f  1605/1844/1907 1606/1845/1908 1594/1831/1896
f  1595/1833/1897 1594/1832/1896 1606/1846/1908
f  1606/1846/1908 1607/1847/1909 1595/1833/1897
f  1596/1834/1898 1595/1833/1897 1607/1847/1909
f  1607/1847/1909 1608/1848/1910 1596/1834/1898
f  1585/1821/1887 1596/1834/1898 1608/1848/1910
f  1608/1848/1910 1597/1835/1899 1585/1821/1887
f  1598/1836/1900 1597/1835/1899 1609/1849/1911
f  1609/1849/1911 1610/1850/1912 1598/1836/1900
f  1599/1837/1901 1598/1836/1900 1610/1850/1912
f  1610/1850/1912 1611/1851/1913 1599/1837/1901
f  1600/1838/1902 1599/1837/1901 1611/1851/1913
f  1611/1851/1913 1612/1852/1914 1600/1838/1902
f  1601/1840/1903 1600/1839/1902 1612/1853/1914
f  1612/1853/1914 1613/1854/1915 1601/1840/1903
f  1602/1841/1904 1601/1840/1903 1613/1854/1915
f  1613/1854/1915 1614/1855/1916 1602/1841/1904
f  1603/1842/1905 1602/1841/1904 1614/1855/1916
f  1614/1855/1916 1615/1856/1917 1603/1842/1905
f  1604/1843/1906 1603/1842/1905 1615/1856/1917
f  1615/1856/1917 1616/1857/1918 1604/1843/1906
f  1605/1844/1907 1604/1843/1906 1616/1857/1918
f  1616/1857/1918 1617/1858/1919 1605/1844/1907
f  1606/1845/1908 1605/1844/1907 1617/1858/1919
f  1617/1858/1919 1618/1859/1920 1606/1845/1908
f  1607/1847/1909 1606/1846/1908 1618/1860/1920
f  1618/1860/1920 1619/1861/1921 1607/1847/1909
f  1608/1848/1910 1607/1847/1909 1619/1861/1921
f  1619/1861/1921 1620/1862/1922 1608/1848/1910
f  1597/1835/1899 1608/1848/1910 1620/1862/1922
f  1620/1862/1922 1609/1849/1911 1597/1835/1899
f  1610/1850/1912 1609/1849/1911 1621/1863/1923
f  1621/1863/1923 1622/1864/1924 1610/1850/1912
f  1611/1851/1913 1610/1850/1912 1622/1864/1924
f  1622/1864/1924 1623/1865/1925 1611/1851/1913
f  1612/1852/1914 1611/1851/1913 1623/1865/1925
f  1623/1865/1925 1624/1866/1926 1612/1852/1914
f  1613/1854/1915 1612/1853/1914 1624/1867/1926
f  1624/1867/1926 1625/1868/1927 1613/1854/1915
f  1614/1855/1916 1613/1854/1915 1625/1868/1927
f  1625/1868/1927 1626/1869/1928 1614/1855/1916
f  1615/1856/1917 1614/1855/1916 1626/1869/1928
f  1626/1869/1928 1627/1870/1929 1615/1856/1917
f  1616/1857/1918 1615/1856/1917 1627/1870/1929
f  1627/1870/1929 1628/1871/1930 1616/1857/1918
f  1617/1858/1919 1616/1857/1918 1628/1871/1930
f  1628/1871/1930 1629/1872/1931 1617/1858/1919
f  1618/1859/1920 1617/1858/1919 1629/1872/1931
f  1629/1872/1931 1630/1873/1932 1618/1859/1920
f  1619/1861/1921 1618/1860/1920 1630/1874/1932
f  1630/1874/1932 1631/1875/1933 1619/1861/1921
f  1620/1862/1922 1619/1861/1921 1631/1875/1933
f  1631/1875/1933 1632/1876/1934 1620/1862/1922
f  1609/1849/1911 1620/1862/1922 1632/1876/1934
f  1632/1876/1934 1621/1863/1923 1609/1849/1911
f  1633/1877/1935 1634/1878/1935 1635/1879/1935
f  1633/1877/1935 1635/1879/1935 1636/1880/1935
f  1633/1877/1935 1636/1880/1935 1637/1881/1935
f  1633/1877/1935 1637/1881/1935 1638/1882/1935
f  1633/1877/1935 1638/1882/1935 1639/1883/1935
f  1633/1877/1935 1639/1883/1935 1640/1884/1935
f  1633/1877/1935 1640/1884/1935 1641/1885/1935
f  1633/1877/1935 1641/1885/1935 1642/1886/1935
f  1633/1877/1935 1642/1886/1935 1643/1887/1935
f  1643/1887/1935 1644/1888/1935 1633/1877/1935
f  1645/1889/1936 1646/1890/1937 1647/1891/1938
f  1647/1891/1938 1648/1892/1939 1645/1889/1936
f  1648/1892/1939 1647/1891/1938 1649/1893/1940
f  1649/1893/1940 1650/1894/1941 1648/1892/1939
f  1651/1895/1942 1652/1896/1943 1653/1897/1944
f  1653/1897/1944 1654/1898/1945 1651/1895/1942
f  1655/1899/1946 1656/1900/1947 1646/1890/1937
f  1646/1890/1937 1645/1889/1936 1655/1899/1946
f  1657/1901/1948 1658/1902/1949 1656/1900/1947
f  1656/1900/1947 1655/1899/1946 1657/1901/1948
f  1659/1903/1950 1660/1904/1951 1661/1905/1952
f  1661/1905/1952 1662/1906/1953 1659/1903/1950
f  1663/1907/1954 1664/1908/1955 1665/1909/1956
f  1665/1909/1956 1666/1910/1957 1663/1907/1954
f  1654/1898/1945 1653/1897/1944 1664/1908/1955
f  1664/1908/1955 1663/1907/1954 1654/1898/1945
f  1662/1911/1953 1661/1912/1952 1652/1896/1943
f  1652/1896/1943 1651/1895/1942 1662/1911/1953
f  1667/1913/1958 1668/1914/1959 1658/1915/1949
f  1658/1915/1949 1657/1916/1948 1667/1913/1958
f  1650/1894/1941 1649/1893/1940 1660/1904/1951
f  1660/1904/1951 1659/1903/1950 1650/1894/1941
f  1666/1910/1957 1665/1909/1956 1668/1914/1959
f  1668/1914/1959 1667/1913/1958 1666/1910/1957
f  1637/1917/1960 1669/1918/1961 1670/1919/1962
f  1670/1919/1962 1638/1920/1963 1637/1917/1960
f  1671/1921/1964 1672/1922/1965 1673/1923/1966
f  1673/1923/1966 1674/1924/1967 1671/1921/1964
f  1643/1925/1968 1675/1926/1969 1676/1927/1970
f  1676/1927/1970 1644/1928/1971 1643/1925/1968
f  1640/1929/1972 1677/1930/1973 1678/1931/1974
f  1678/1931/1974 1641/1932/1975 1640/1929/1972
f  1641/1932/1975 1678/1931/1974 1679/1933/1976
f  1679/1933/1976 1642/1934/1977 1641/1932/1975
f  1642/1934/1977 1679/1933/1976 1675/1935/1969
f  1675/1935/1969 1643/1936/1968 1642/1934/1977
f  1638/1920/1963 1670/1919/1962 1680/1937/1978
f  1680/1937/1978 1639/1938/1979 1638/1920/1963
f  1635/1939/1980 1681/1940/1981 1682/1941/1982
f  1682/1941/1982 1636/1942/1983 1635/1939/1980
f  1639/1938/1979 1680/1937/1978 1677/1930/1973
f  1677/1930/1973 1640/1929/1972 1639/1938/1979
f  1634/1943/1984 1683/1944/1985 1681/1940/1981
f  1681/1940/1981 1635/1939/1980 1634/1943/1984
f  1633/1945/1986 1684/1946/1987 1683/1944/1985
f  1683/1944/1985 1634/1943/1984 1633/1945/1986
f  1636/1942/1983 1682/1941/1982 1669/1947/1961
f  1669/1947/1961 1637/1948/1960 1636/1942/1983
f  1674/1924/1967 1673/1923/1966 1685/1949/1988
f  1685/1949/1988 1686/1950/1989 1674/1924/1967
f  1687/1951/1990 1688/1952/1991 1689/1953/1992
f  1689/1953/1992 1690/1954/1993 1687/1951/1990
f  1691/1955/1994 1692/1956/1995 1688/1952/1991
f  1688/1952/1991 1687/1951/1990 1691/1955/1994
f  1693/1957/1996 1694/1958/1997 1695/1959/1998
f  1695/1959/1998 1696/1960/1999 1693/1957/1996
f  1697/1961/2000 1698/1962/2001 1672/1922/1965
f  1672/1922/1965 1671/1921/1964 1697/1961/2000
f  1699/1963/2002 1700/1964/2003 1701/1965/2004
f  1701/1965/2004 1702/1966/2005 1699/1963/2002
f  1703/1967/2006 1499/1707/1801 1478/1682/1780
f  1478/1682/1780 1704/1968/2007 1703/1967/2006
f  1696/1960/1999 1695/1959/1998 1705/1969/2008
f  1705/1969/2008 1706/1970/2009 1696/1960/1999
f  1702/1966/2005 1701/1965/2004 1698/1962/2001
f  1698/1962/2001 1697/1961/2000 1702/1966/2005
f  1686/1950/1989 1685/1949/1988 1694/1971/1997
f  1694/1971/1997 1693/1972/1996 1686/1950/1989
f  1690/1954/1993 1689/1953/1992 1700/1973/2003
f  1700/1973/2003 1699/1974/2002 1690/1954/1993
f  1706/1970/2009 1705/1969/2008 1692/1956/1995
f  1692/1956/1995 1691/1955/1994 1706/1970/2009
f  1707/1975/2010 1495/1704/1797 1497/1703/1799
f  1497/1703/1799 1708/1976/2011 1707/1975/2010
f  1709/1977/2012 1491/1697/1793 1493/1699/1795
f  1493/1699/1795 1710/1978/2013 1709/1977/2012
f  1711/1979/2014 1485/1689/1787 1487/1693/1789
f  1487/1693/1789 1712/1980/2015 1711/1979/2014
f  1713/1981/2016 1481/1685/1783 1483/1687/1785
f  1483/1687/1785 1714/1982/2017 1713/1981/2016
f  1708/1976/2011 1497/1703/1799 1499/1707/1801
f  1499/1707/1801 1703/1967/2006 1708/1976/2011
f  1714/1983/2017 1483/1690/1785 1485/1689/1787
f  1485/1689/1787 1711/1979/2014 1714/1983/2017
f  1715/1984/2018 1489/1695/1791 1491/1697/1793
f  1491/1697/1793 1709/1977/2012 1715/1984/2018
f  1716/1985/2019 1477/1681/1779 1481/1685/1783
f  1481/1685/1783 1713/1981/2016 1716/1985/2019
f  1710/1978/2013 1493/1699/1795 1495/1701/1797
f  1495/1701/1797 1707/1986/2010 1710/1978/2013
f  1712/1980/2015 1487/1693/1789 1489/1695/1791
f  1489/1695/1791 1715/1984/2018 1712/1980/2015
f  1704/1968/2007 1478/1682/1780 1477/1681/1779
f  1477/1681/1779 1716/1985/2019 1704/1968/2007
f  1682/1941/1982 1667/1913/1958 1657/1916/1948
f  1657/1916/1948 1669/1947/1961 1682/1941/1982
f  1669/1918/1961 1657/1901/1948 1655/1899/1946
f  1655/1899/1946 1670/1919/1962 1669/1918/1961
f  1675/1926/1969 1662/1911/1953 1651/1895/1942
f  1651/1895/1942 1676/1927/1970 1675/1926/1969
f  1677/1930/1973 1648/1892/1939 1650/1894/1941
f  1650/1894/1941 1678/1931/1974 1677/1930/1973
f  1663/1907/1954 1683/1944/1985 1684/1946/1987
f  1684/1946/1987 1654/1898/1945 1663/1907/1954
f  1678/1931/1974 1650/1894/1941 1659/1903/1950
f  1659/1903/1950 1679/1933/1976 1678/1931/1974
f  1679/1933/1976 1659/1903/1950 1662/1906/1953
f  1662/1906/1953 1675/1935/1969 1679/1933/1976
f  1680/1937/1978 1645/1889/1936 1648/1892/1939
f  1648/1892/1939 1677/1930/1973 1680/1937/1978
f  1676/1927/1970 1651/1895/1942 1654/1898/1945
f  1654/1898/1945 1684/1946/1987 1676/1927/1970
f  1670/1919/1962 1655/1899/1946 1645/1889/1936
f  1645/1889/1936 1680/1937/1978 1670/1919/1962
f  1681/1940/1981 1666/1910/1957 1667/1913/1958
f  1667/1913/1958 1682/1941/1982 1681/1940/1981
f  1683/1944/1985 1663/1907/1954 1666/1910/1957
f  1666/1910/1957 1681/1940/1981 1683/1944/1985
f  1664/1908/1955 1671/1921/1964 1674/1924/1967
f  1674/1924/1967 1665/1909/1956 1664/1908/1955
f  1665/1909/1956 1674/1924/1967 1686/1950/1989
f  1686/1950/1989 1668/1914/1959 1665/1909/1956
f  1656/1900/1947 1696/1960/1999 1706/1970/2009
f  1706/1970/2009 1646/1890/1937 1656/1900/1947
f  1652/1896/1943 1702/1966/2005 1697/1961/2000
f  1697/1961/2000 1653/1897/1944 1652/1896/1943
f  1646/1890/1937 1706/1970/2009 1691/1955/1994
f  1691/1955/1994 1647/1891/1938 1646/1890/1937
f  1660/1904/1951 1690/1954/1993 1699/1974/2002
f  1699/1974/2002 1661/1905/1952 1660/1904/1951
f  1649/1893/1940 1687/1951/1990 1690/1954/1993
f  1690/1954/1993 1660/1904/1951 1649/1893/1940
f  1671/1921/1964 1664/1908/1955 1653/1897/1944
f  1653/1897/1944 1697/1961/2000 1671/1921/1964
f  1647/1891/1938 1691/1955/1994 1687/1951/1990
f  1687/1951/1990 1649/1893/1940 1647/1891/1938
f  1661/1912/1952 1699/1963/2002 1702/1966/2005
f  1702/1966/2005 1652/1896/1943 1661/1912/1952
f  1658/1902/1949 1693/1957/1996 1696/1960/1999
f  1696/1960/1999 1656/1900/1947 1658/1902/1949
f  1668/1914/1959 1686/1950/1989 1693/1972/1996
f  1693/1972/1996 1658/1915/1949 1668/1914/1959
f  1685/1949/1988 1713/1981/2016 1714/1982/2017
f  1714/1982/2017 1694/1971/1997 1685/1949/1988
f  1694/1958/1997 1714/1983/2017 1711/1979/2014
f  1711/1979/2014 1695/1959/1998 1694/1958/1997
f  1700/1964/2003 1707/1975/2010 1708/1976/2011
f  1708/1976/2011 1701/1965/2004 1700/1964/2003
f  1692/1956/1995 1715/1984/2018 1709/1977/2012
f  1709/1977/2012 1688/1952/1991 1692/1956/1995
f  1704/1968/2007 1672/1922/1965 1698/1962/2001
f  1698/1962/2001 1703/1967/2006 1704/1968/2007
f  1688/1952/1991 1709/1977/2012 1710/1978/2013
f  1710/1978/2013 1689/1953/1992 1688/1952/1991
f  1689/1953/1992 1710/1978/2013 1707/1986/2010
f  1707/1986/2010 1700/1973/2003 1689/1953/1992
f  1705/1969/2008 1712/1980/2015 1715/1984/2018
f  1715/1984/2018 1692/1956/1995 1705/1969/2008
f  1701/1965/2004 1708/1976/2011 1703/1967/2006
f  1703/1967/2006 1698/1962/2001 1701/1965/2004
f  1695/1959/1998 1711/1979/2014 1712/1980/2015
f  1712/1980/2015 1705/1969/2008 1695/1959/1998
f  1673/1923/1966 1716/1985/2019 1713/1981/2016
f  1713/1981/2016 1685/1949/1988 1673/1923/1966
f  1672/1922/1965 1704/1968/2007 1716/1985/2019
f  1716/1985/2019 1673/1923/1966 1672/1922/1965
f  1644/1928/1971 1676/1927/1970 1684/1946/1987
f  1684/1946/1987 1633/1945/1986 1644/1928/1971
f  1717/1987/2020 1718/1988/2021 1719/1989/2022
f  1719/1989/2022 1720/1990/2023 1717/1987/2020
f  1720/1990/2023 1719/1989/2022 1721/1991/2024
f  1721/1991/2024 1722/1992/2025 1720/1990/2023
f  1722/1992/2025 1721/1991/2024 1723/1993/2026
f  1723/1993/2026 1724/1994/2027 1722/1992/2025
f  1724/1995/2027 1723/1996/2026 1725/1997/2028
f  1725/1997/2028 1726/1998/2029 1724/1995/2027
f  1726/1998/2029 1725/1997/2028 1727/1999/2030
f  1727/1999/2030 1728/2000/2031 1726/1998/2029
f  1728/2000/2031 1727/1999/2030 1729/2001/2032
f  1729/2001/2032 1730/2002/2033 1728/2000/2031
f  1730/2002/2033 1729/2001/2032 1731/2003/2034
f  1731/2003/2034 1732/2004/2035 1730/2002/2033
f  1732/2004/2035 1731/2003/2034 1733/2005/2036
f  1733/2005/2036 1734/2006/2037 1732/2004/2035
f  1734/2006/2037 1733/2005/2036 1735/2007/2038
f  1735/2007/2038 1736/2008/2039 1734/2006/2037
f  1736/2009/2039 1735/2010/2038 1737/2011/2040
f  1737/2011/2040 1738/2012/2041 1736/2009/2039
f  1738/2012/2041 1737/2011/2040 1739/2013/2042
f  1739/2013/2042 1740/2014/2043 1738/2012/2041
f  1740/2014/2043 1739/2013/2042 1718/1988/2021
f  1718/1988/2021 1717/1987/2020 1740/2014/2043
f  1741/2015/2044 1717/1987/2020 1720/1990/2023
f  1720/1990/2023 1742/2016/2045 1741/2015/2044
f  1742/2016/2045 1720/1990/2023 1722/1992/2025
f  1722/1992/2025 1743/2017/2046 1742/2016/2045
f  1743/2017/2046 1722/1992/2025 1724/1994/2027
f  1724/1994/2027 1744/2018/2047 1743/2017/2046
f  1744/2019/2047 1724/1995/2027 1726/1998/2029
f  1726/1998/2029 1745/2020/2048 1744/2019/2047
f  1745/2020/2048 1726/1998/2029 1728/2000/2031
f  1728/2000/2031 1746/2021/2049 1745/2020/2048
f  1746/2021/2049 1728/2000/2031 1730/2002/2033
f  1730/2002/2033 1747/2022/2050 1746/2021/2049
f  1747/2022/2050 1730/2002/2033 1732/2004/2035
f  1732/2004/2035 1748/2023/2051 1747/2022/2050
f  1748/2023/2051 1732/2004/2035 1734/2006/2037
f  1734/2006/2037 1749/2024/2052 1748/2023/2051
f  1749/2024/2052 1734/2006/2037 1736/2008/2039
f  1736/2008/2039 1750/2025/2053 1749/2024/2052
f  1750/2026/2053 1736/2009/2039 1738/2012/2041
f  1738/2012/2041 1751/2027/2054 1750/2026/2053
f  1751/2027/2054 1738/2012/2041 1740/2014/2043
f  1740/2014/2043 1752/2028/2055 1751/2027/2054
f  1752/2028/2055 1740/2014/2043 1717/1987/2020
f  1717/1987/2020 1741/2015/2044 1752/2028/2055
f  1753/2029/2056 1741/2015/2044 1742/2016/2045
f  1742/2016/2045 1754/2030/2057 1753/2029/2056
f  1754/2030/2057 1742/2016/2045 1743/2017/2046
f  1743/2017/2046 1755/2031/2058 1754/2030/2057
f  1755/2031/2058 1743/2017/2046 1744/2018/2047
f  1744/2018/2047 1756/2032/2059 1755/2031/2058
f  1756/2033/2059 1744/2019/2047 1745/2020/2048
f  1745/2020/2048 1757/2034/2060 1756/2033/2059
f  1757/2034/2060 1745/2020/2048 1746/2021/2049
f  1746/2021/2049 1758/2035/2061 1757/2034/2060
f  1758/2035/2061 1746/2021/2049 1747/2022/2050
f  1747/2022/2050 1759/2036/2062 1758/2035/2061
f  1759/2036/2062 1747/2022/2050 1748/2023/2051
f  1748/2023/2051 1760/2037/2063 1759/2036/2062
f  1760/2037/2063 1748/2023/2051 1749/2024/2052
f  1749/2024/2052 1761/2038/2064 1760/2037/2063
f  1761/2038/2064 1749/2024/2052 1750/2025/2053
f  1750/2025/2053 1762/2039/2065 1761/2038/2064
f  1762/2040/2065 1750/2026/2053 1751/2027/2054
f  1751/2027/2054 1763/2041/2066 1762/2040/2065
f  1763/2041/2066 1751/2027/2054 1752/2028/2055
f  1752/2028/2055 1764/2042/2067 1763/2041/2066
f  1764/2042/2067 1752/2028/2055 1741/2015/2044
f  1741/2015/2044 1753/2029/2056 1764/2042/2067
f  1765/2043/2068 1753/2029/2056 1754/2030/2057
f  1754/2030/2057 1766/2044/2069 1765/2043/2068
f  1766/2044/2069 1754/2030/2057 1755/2031/2058
f  1755/2031/2058 1767/2045/2070 1766/2044/2069
f  1767/2045/2070 1755/2031/2058 1756/2032/2059
f  1756/2032/2059 1768/2046/2071 1767/2045/2070
f  1768/2047/2071 1756/2033/2059 1757/2034/2060
f  1757/2034/2060 1769/2048/2072 1768/2047/2071
f  1769/2048/2072 1757/2034/2060 1758/2035/2061
f  1758/2035/2061 1770/2049/2073 1769/2048/2072
f  1770/2049/2073 1758/2035/2061 1759/2036/2062
f  1759/2036/2062 1771/2050/2074 1770/2049/2073
f  1771/2050/2074 1759/2036/2062 1760/2037/2063
f  1760/2037/2063 1772/2051/2075 1771/2050/2074
f  1772/2051/2075 1760/2037/2063 1761/2038/2064
f  1761/2038/2064 1773/2052/2076 1772/2051/2075
f  1773/2052/2076 1761/2038/2064 1762/2039/2065
f  1762/2039/2065 1774/2053/2077 1773/2052/2076
f  1774/2054/2077 1762/2040/2065 1763/2041/2066
f  1763/2041/2066 1775/2055/2078 1774/2054/2077
f  1775/2055/2078 1763/2041/2066 1764/2042/2067
f  1764/2042/2067 1776/2056/2079 1775/2055/2078
f  1776/2056/2079 1764/2042/2067 1753/2029/2056
f  1753/2029/2056 1765/2043/2068 1776/2056/2079
f  1777/2057/2080 1765/2043/2068 1766/2044/2069
f  1766/2044/2069 1778/2058/2081 1777/2057/2080
f  1778/2058/2081 1766/2044/2069 1767/2045/2070
f  1767/2045/2070 1779/2059/2082 1778/2058/2081
f  1779/2059/2082 1767/2045/2070 1768/2046/2071
f  1768/2046/2071 1780/2060/2083 1779/2059/2082
f  1780/2061/2083 1768/2047/2071 1769/2048/2072
f  1769/2048/2072 1781/2062/2084 1780/2061/2083
f  1781/2062/2084 1769/2048/2072 1770/2049/2073
f  1770/2049/2073 1782/2063/2085 1781/2062/2084
f  1782/2063/2085 1770/2049/2073 1771/2050/2074
f  1771/2050/2074 1783/2064/2086 1782/2063/2085
f  1783/2064/2086 1771/2050/2074 1772/2051/2075
f  1772/2051/2075 1784/2065/2087 1783/2064/2086
f  1784/2065/2087 1772/2051/2075 1773/2052/2076
f  1773/2052/2076 1785/2066/2088 1784/2065/2087
f  1785/2066/2088 1773/2052/2076 1774/2053/2077
f  1774/2053/2077 1786/2067/2089 1785/2066/2088
f  1786/2068/2089 1774/2054/2077 1775/2055/2078
f  1775/2055/2078 1787/2069/2090 1786/2068/2089
f  1787/2069/2090 1775/2055/2078 1776/2056/2079
f  1776/2056/2079 1788/2070/2091 1787/2069/2090
f  1788/2070/2091 1776/2056/2079 1765/2043/2068
f  1765/2043/2068 1777/2057/2080 1788/2070/2091
f  1789/2071/2092 1777/2057/2080 1778/2058/2081
f  1778/2058/2081 1790/2072/2093 1789/2071/2092
f  1790/2072/2093 1778/2058/2081 1779/2059/2082
f  1779/2059/2082 1791/2073/2094 1790/2072/2093
f  1791/2073/2094 1779/2059/2082 1780/2060/2083
f  1780/2060/2083 1792/2074/2095 1791/2073/2094
f  1792/2075/2095 1780/2061/2083 1781/2062/2084
f  1781/2062/2084 1793/2076/2096 1792/2075/2095
f  1793/2076/2096 1781/2062/2084 1782/2063/2085
f  1782/2063/2085 1794/2077/2097 1793/2076/2096
f  1794/2077/2097 1782/2063/2085 1783/2064/2086
f  1783/2064/2086 1795/2078/2098 1794/2077/2097
f  1795/2078/2098 1783/2064/2086 1784/2065/2087
f  1784/2065/2087 1796/2079/2099 1795/2078/2098
f  1796/2079/2099 1784/2065/2087 1785/2066/2088
f  1785/2066/2088 1797/2080/2100 1796/2079/2099
f  1797/2080/2100 1785/2066/2088 1786/2067/2089
f  1786/2067/2089 1798/2081/2101 1797/2080/2100
f  1798/2082/2101 1786/2068/2089 1787/2069/2090
f  1787/2069/2090 1799/2083/2102 1798/2082/2101
f  1799/2083/2102 1787/2069/2090 1788/2070/2091
f  1788/2070/2091 1800/2084/2103 1799/2083/2102
f  1800/2084/2103 1788/2070/2091 1777/2057/2080
f  1777/2057/2080 1789/2071/2092 1800/2084/2103
f  1801/2085/2104 1789/2071/2092 1790/2072/2093
f  1790/2072/2093 1802/2086/2105 1801/2085/2104
f  1802/2086/2105 1790/2072/2093 1791/2073/2094
f  1791/2073/2094 1803/2087/2106 1802/2086/2105
f  1803/2087/2106 1791/2073/2094 1792/2074/2095
f  1792/2074/2095 1804/2088/2107 1803/2087/2106
f  1804/2089/2107 1792/2075/2095 1793/2076/2096
f  1793/2076/2096 1805/2090/2108 1804/2089/2107
f  1805/2090/2108 1793/2076/2096 1794/2077/2097
f  1794/2077/2097 1806/2091/2109 1805/2090/2108
f  1806/2091/2109 1794/2077/2097 1795/2078/2098
f  1795/2078/2098 1807/2092/2110 1806/2091/2109
f  1807/2092/2110 1795/2078/2098 1796/2079/2099
f  1796/2079/2099 1808/2093/2111 1807/2092/2110
f  1808/2093/2111 1796/2079/2099 1797/2080/2100
f  1797/2080/2100 1809/2094/2112 1808/2093/2111
f  1809/2094/2112 1797/2080/2100 1798/2081/2101
f  1798/2081/2101 1810/2095/2113 1809/2094/2112
f  1810/2096/2113 1798/2082/2101 1799/2083/2102
f  1799/2083/2102 1811/2097/2114 1810/2096/2113
f  1811/2097/2114 1799/2083/2102 1800/2084/2103
f  1800/2084/2103 1812/2098/2115 1811/2097/2114
f  1812/2098/2115 1800/2084/2103 1789/2071/2092
f  1789/2071/2092 1801/2085/2104 1812/2098/2115
f  1813/2099/2116 1801/2085/2104 1802/2086/2105
f  1802/2086/2105 1814/2100/2117 1813/2099/2116
f  1814/2100/2117 1802/2086/2105 1803/2087/2106
f  1803/2087/2106 1815/2101/2118 1814/2100/2117
f  1815/2101/2118 1803/2087/2106 1804/2088/2107
f  1804/2088/2107 1816/2102/2119 1815/2101/2118
f  1816/2103/2119 1804/2089/2107 1805/2090/2108
f  1805/2090/2108 1817/2104/2120 1816/2103/2119
f  1817/2104/2120 1805/2090/2108 1806/2091/2109
f  1806/2091/2109 1818/2105/2121 1817/2104/2120
f  1818/2105/2121 1806/2091/2109 1807/2092/2110
f  1807/2092/2110 1819/2106/2122 1818/2105/2121
f  1819/2106/2122 1807/2092/2110 1808/2093/2111
f  1808/2093/2111 1820/2107/2123 1819/2106/2122
f  1820/2107/2123 1808/2093/2111 1809/2094/2112
f  1809/2094/2112 1821/2108/2124 1820/2107/2123
f  1821/2108/2124 1809/2094/2112 1810/2095/2113
f  1810/2095/2113 1822/2109/2125 1821/2108/2124
f  1822/2110/2125 1810/2096/2113 1811/2097/2114
f  1811/2097/2114 1823/2111/2126 1822/2110/2125
f  1823/2111/2126 1811/2097/2114 1812/2098/2115
f  1812/2098/2115 1824/2112/2127 1823/2111/2126
f  1824/2112/2127 1812/2098/2115 1801/2085/2104
f  1801/2085/2104 1813/2099/2116 1824/2112/2127
f  1825/2113/2128 1813/2099/2116 1814/2100/2117
f  1814/2100/2117 1826/2114/2129 1825/2113/2128
f  1826/2114/2129 1814/2100/2117 1815/2101/2118
f  1815/2101/2118 1827/2115/2130 1826/2114/2129
f  1827/2115/2130 1815/2101/2118 1816/2102/2119
f  1816/2102/2119 1828/2116/2131 1827/2115/2130
f  1828/2117/2131 1816/2103/2119 1817/2104/2120
f  1817/2104/2120 1829/2118/2132 1828/2117/2131
f  1829/2118/2132 1817/2104/2120 1818/2105/2121
f  1818/2105/2121 1830/2119/2133 1829/2118/2132
f  1830/2119/2133 1818/2105/2121 1819/2106/2122
f  1819/2106/2122 1831/2120/2134 1830/2119/2133
f  1831/2120/2134 1819/2106/2122 1820/2107/2123
f  1820/2107/2123 1832/2121/2135 1831/2120/2134
f  1832/2121/2135 1820/2107/2123 1821/2108/2124
f  1821/2108/2124 1833/2122/2136 1832/2121/2135
f  1833/2122/2136 1821/2108/2124 1822/2109/2125
f  1822/2109/2125 1834/2123/2137 1833/2122/2136
f  1834/2124/2137 1822/2110/2125 1823/2111/2126
f  1823/2111/2126 1835/2125/2138 1834/2124/2137
f  1835/2125/2138 1823/2111/2126 1824/2112/2127
f  1824/2112/2127 1836/2126/2139 1835/2125/2138
f  1836/2126/2139 1824/2112/2127 1813/2099/2116
f  1813/2099/2116 1825/2113/2128 1836/2126/2139
f  1837/2127/2140 1825/2128/2128 1826/2129/2129
f  1826/2129/2129 1838/2130/2141 1837/2127/2140
f  1838/2130/2141 1826/2129/2129 1827/2131/2130
f  1827/2131/2130 1839/2132/2142 1838/2130/2141
f  1839/2132/2142 1827/2131/2130 1828/2133/2131
f  1828/2133/2131 1840/2134/2143 1839/2132/2142
f  1840/2135/2143 1828/2136/2131 1829/2137/2132
f  1829/2137/2132 1841/2138/2144 1840/2135/2143
f  1841/2138/2144 1829/2137/2132 1830/2139/2133
f  1830/2139/2133 1842/2140/2145 1841/2138/2144
f  1842/2140/2145 1830/2139/2133 1831/2141/2134
f  1831/2141/2134 1843/2142/2146 1842/2140/2145
f  1843/2142/2146 1831/2141/2134 1832/2143/2135
f  1832/2143/2135 1844/2144/2147 1843/2142/2146
f  1844/2144/2147 1832/2143/2135 1833/2145/2136
f  1833/2145/2136 1845/2146/2148 1844/2144/2147
f  1845/2146/2148 1833/2145/2136 1834/2147/2137
f  1834/2147/2137 1846/2148/2149 1845/2146/2148
f  1846/2149/2149 1834/2150/2137 1835/2151/2138
f  1835/2151/2138 1847/2152/2150 1846/2149/2149
f  1847/2152/2150 1835/2151/2138 1836/2153/2139
f  1836/2153/2139 1848/2154/2151 1847/2152/2150
f  1848/2154/2151 1836/2153/2139 1825/2128/2128
f  1825/2128/2128 1837/2127/2140 1848/2154/2151
f  1849/2155/2152 1837/2127/2140 1838/2130/2141
f  1838/2130/2141 1850/2156/2153 1849/2155/2152
f  1850/2156/2153 1838/2130/2141 1839/2132/2142
f  1839/2132/2142 1851/2157/2154 1850/2156/2153
f  1851/2157/2154 1839/2132/2142 1840/2134/2143
f  1840/2134/2143 1852/2158/2155 1851/2157/2154
f  1852/2159/2155 1840/2135/2143 1841/2138/2144
f  1841/2138/2144 1853/2160/2156 1852/2159/2155
f  1853/2160/2156 1841/2138/2144 1842/2140/2145
f  1842/2140/2145 1854/2161/2157 1853/2160/2156
f  1854/2161/2157 1842/2140/2145 1843/2142/2146
f  1843/2142/2146 1855/2162/2158 1854/2161/2157
f  1855/2162/2158 1843/2142/2146 1844/2144/2147
f  1844/2144/2147 1856/2163/2159 1855/2162/2158
f  1856/2163/2159 1844/2144/2147 1845/2146/2148
f  1845/2146/2148 1857/2164/2160 1856/2163/2159
f  1857/2164/2160 1845/2146/2148 1846/2148/2149
f  1846/2148/2149 1858/2165/2161 1857/2164/2160
f  1858/2166/2161 1846/2149/2149 1847/2152/2150
f  1847/2152/2150 1859/2167/2162 1858/2166/2161
f  1859/2167/2162 1847/2152/2150 1848/2154/2151
f  1848/2154/2151 1860/2168/2163 1859/2167/2162
f  1860/2168/2163 1848/2154/2151 1837/2127/2140
f  1837/2127/2140 1849/2155/2152 1860/2168/2163
f  1621/1863/1923 1849/2155/2152 1850/2156/2153
f  1850/2156/2153 1622/1864/1924 1621/1863/1923
f  1622/1864/1924 1850/2156/2153 1851/2157/2154
f  1851/2157/2154 1623/1865/1925 1622/1864/1924
f  1623/1865/1925 1851/2157/2154 1852/2158/2155
f  1852/2158/2155 1624/1866/1926 1623/1865/1925
f  1624/1867/1926 1852/2159/2155 1853/2160/2156
f  1853/2160/2156 1625/1868/1927 1624/1867/1926
f  1625/1868/1927 1853/2160/2156 1854/2161/2157
f  1854/2161/2157 1626/1869/1928 1625/1868/1927
f  1626/1869/1928 1854/2161/2157 1855/2162/2158
f  1855/2162/2158 1627/1870/1929 1626/1869/1928
f  1627/1870/1929 1855/2162/2158 1856/2163/2159
f  1856/2163/2159 1628/1871/1930 1627/1870/1929
f  1628/1871/1930 1856/2163/2159 1857/2164/2160
f  1857/2164/2160 1629/1872/1931 1628/1871/1930
f  1629/1872/1931 1857/2164/2160 1858/2165/2161
f  1858/2165/2161 1630/1873/1932 1629/1872/1931
f  1630/1874/1932 1858/2166/2161 1859/2167/2162
f  1859/2167/2162 1631/1875/1933 1630/1874/1932
f  1631/1875/1933 1859/2167/2162 1860/2168/2163
f  1860/2168/2163 1632/1876/1934 1631/1875/1933
f  1632/1876/1934 1860/2168/2163 1849/2155/2152
f  1849/2155/2152 1621/1863/1923 1632/1876/1934
f  1861/2169/2164 1862/2170/2164 1863/2171/2164
f  1861/2169/2164 1863/2171/2164 1864/2172/2164
f  1861/2169/2164 1864/2172/2164 1865/2173/2164
f  1861/2169/2164 1865/2173/2164 1866/2174/2164
f  1861/2169/2164 1866/2174/2164 1867/2175/2164
f  1861/2169/2164 1867/2175/2164 1868/2176/2164
f  1861/2169/2164 1868/2176/2164 1869/2177/2164
f  1861/2169/2164 1869/2177/2164 1870/2178/2164
f  1861/2169/2164 1870/2178/2164 1871/2179/2164
f  1871/2179/2164 1872/2180/2164 1861/2169/2164
f  1873/2181/2165 1874/2182/2166 1875/2183/2167
f  1875/2183/2167 1876/2184/2168 1873/2181/2165
f  1877/2185/2169 1873/2181/2165 1876/2184/2168
f  1876/2184/2168 1878/2186/2170 1877/2185/2169
f  1879/2187/2171 1880/2188/2172 1881/2189/2173
f  1881/2189/2173 1882/2190/2174 1879/2187/2171
f  1874/2182/2166 1883/2191/2175 1884/2192/2176
f  1884/2192/2176 1875/2183/2167 1874/2182/2166
f  1883/2191/2175 1885/2193/2177 1886/2194/2178
f  1886/2194/2178 1884/2192/2176 1883/2191/2175
f  1887/2195/2179 1888/2196/2180 1889/2197/2181
f  1889/2197/2181 1890/2198/2182 1887/2195/2179
f  1891/2199/2183 1892/2200/2184 1893/2201/2185
f  1893/2201/2185 1894/2202/2186 1891/2199/2183
f  1892/2200/2184 1879/2187/2171 1882/2190/2174
f  1882/2190/2174 1893/2201/2185 1892/2200/2184
f  1880/2188/2172 1887/2203/2179 1890/2204/2182
f  1890/2204/2182 1881/2189/2173 1880/2188/2172
f  1885/2205/2177 1895/2206/2187 1896/2207/2188
f  1896/2207/2188 1886/2208/2178 1885/2205/2177
f  1888/2196/2180 1877/2185/2169 1878/2186/2170
f  1878/2186/2170 1889/2197/2181 1888/2196/2180
f  1895/2206/2187 1891/2199/2183 1894/2202/2186
f  1894/2202/2186 1896/2207/2188 1895/2206/2187
f  1897/2209/2189 1898/2210/2190 1871/2211/2191
f  1871/2211/2191 1870/2212/2192 1897/2209/2189
f  1899/2213/2193 1900/2214/2194 1901/2215/2195
f  1901/2215/2195 1902/2216/2196 1899/2213/2193
f  1903/2217/2197 1904/2218/2198 1865/2219/2199
f  1865/2219/2199 1864/2220/2200 1903/2217/2197
f  1905/2221/2201 1906/2222/2202 1868/2223/2203
f  1868/2223/2203 1867/2224/2204 1905/2221/2201
f  1907/2225/2205 1905/2221/2201 1867/2224/2204
f  1867/2224/2204 1866/2226/2206 1907/2225/2205
f  1904/2227/2198 1907/2225/2205 1866/2226/2206
f  1866/2226/2206 1865/2228/2199 1904/2227/2198
f  1908/2229/2207 1897/2209/2189 1870/2212/2192
f  1870/2212/2192 1869/2230/2208 1908/2229/2207
f  1909/2231/2209 1910/2232/2210 1861/2233/2211
f  1861/2233/2211 1872/2234/2212 1909/2231/2209
f  1906/2222/2202 1908/2229/2207 1869/2230/2208
f  1869/2230/2208 1868/2223/2203 1906/2222/2202
f  1910/2232/2210 1911/2235/2213 1862/2236/2214
f  1862/2236/2214 1861/2233/2211 1910/2232/2210
f  1911/2235/2213 1912/2237/2215 1863/2238/2216
f  1863/2238/2216 1862/2236/2214 1911/2235/2213
f  1898/2239/2190 1909/2231/2209 1872/2234/2212
f  1872/2234/2212 1871/2240/2191 1898/2239/2190
f  1913/2241/2217 1899/2213/2193 1902/2216/2196
f  1902/2216/2196 1914/2242/2218 1913/2241/2217
f  1915/2243/2219 1916/2244/2220 1917/2245/2221
f  1917/2245/2221 1918/2246/2222 1915/2243/2219
f  1916/2244/2220 1919/2247/2223 1920/2248/2224
f  1920/2248/2224 1917/2245/2221 1916/2244/2220
f  1921/2249/2225 1922/2250/2226 1923/2251/2227
f  1923/2251/2227 1924/2252/2228 1921/2249/2225
f  1900/2214/2194 1925/2253/2229 1926/2254/2230
f  1926/2254/2230 1901/2215/2195 1900/2214/2194
f  1927/2255/2231 1928/2256/2232 1929/2257/2233
f  1929/2257/2233 1930/2258/2234 1927/2255/2231
f  1718/1988/2021 1739/2013/2042 1931/2259/2235
f  1931/2259/2235 1932/2260/2236 1718/1988/2021
f  1933/2261/2237 1921/2249/2225 1924/2252/2228
f  1924/2252/2228 1934/2262/2238 1933/2261/2237
f  1925/2253/2229 1927/2255/2231 1930/2258/2234
f  1930/2258/2234 1926/2254/2230 1925/2253/2229
f  1922/2263/2226 1913/2241/2217 1914/2242/2218
f  1914/2242/2218 1923/2264/2227 1922/2263/2226
f  1928/2265/2232 1915/2243/2219 1918/2246/2222
f  1918/2246/2222 1929/2266/2233 1928/2265/2232
f  1919/2247/2223 1933/2261/2237 1934/2262/2238
f  1934/2262/2238 1920/2248/2224 1919/2247/2223
f  1737/2011/2040 1735/2010/2038 1935/2267/2239
f  1935/2267/2239 1936/2268/2240 1737/2011/2040
f  1733/2005/2036 1731/2003/2034 1937/2269/2241
f  1937/2269/2241 1938/2270/2242 1733/2005/2036
f  1727/1999/2030 1725/1997/2028 1939/2271/2243
f  1939/2271/2243 1940/2272/2244 1727/1999/2030
f  1723/1993/2026 1721/1991/2024 1941/2273/2245
f  1941/2273/2245 1942/2274/2246 1723/1993/2026
f  1739/2013/2042 1737/2011/2040 1936/2268/2240
f  1936/2268/2240 1931/2259/2235 1739/2013/2042
f  1725/1997/2028 1723/1996/2026 1942/2275/2246
f  1942/2275/2246 1939/2271/2243 1725/1997/2028
f  1731/2003/2034 1729/2001/2032 1943/2276/2247
f  1943/2276/2247 1937/2269/2241 1731/2003/2034
f  1721/1991/2024 1719/1989/2022 1944/2277/2248
f  1944/2277/2248 1941/2273/2245 1721/1991/2024
f  1735/2007/2038 1733/2005/2036 1938/2270/2242
f  1938/2270/2242 1935/2278/2239 1735/2007/2038
f  1729/2001/2032 1727/1999/2030 1940/2272/2244
f  1940/2272/2244 1943/2276/2247 1729/2001/2032
f  1719/1989/2022 1718/1988/2021 1932/2260/2236
f  1932/2260/2236 1944/2277/2248 1719/1989/2022
f  1886/2208/2178 1896/2207/2188 1909/2231/2209
f  1909/2231/2209 1898/2239/2190 1886/2208/2178
f  1884/2192/2176 1886/2194/2178 1898/2210/2190
f  1898/2210/2190 1897/2209/2189 1884/2192/2176
f  1881/2189/2173 1890/2204/2182 1904/2218/2198
f  1904/2218/2198 1903/2217/2197 1881/2189/2173
f  1878/2186/2170 1876/2184/2168 1906/2222/2202
f  1906/2222/2202 1905/2221/2201 1878/2186/2170
f  1912/2237/2215 1911/2235/2213 1893/2201/2185
f  1893/2201/2185 1882/2190/2174 1912/2237/2215
f  1889/2197/2181 1878/2186/2170 1905/2221/2201
f  1905/2221/2201 1907/2225/2205 1889/2197/2181
f  1890/2198/2182 1889/2197/2181 1907/2225/2205
f  1907/2225/2205 1904/2227/2198 1890/2198/2182
f  1876/2184/2168 1875/2183/2167 1908/2229/2207
f  1908/2229/2207 1906/2222/2202 1876/2184/2168
f  1882/2190/2174 1881/2189/2173 1903/2217/2197
f  1903/2217/2197 1912/2237/2215 1882/2190/2174
f  1875/2183/2167 1884/2192/2176 1897/2209/2189
f  1897/2209/2189 1908/2229/2207 1875/2183/2167
f  1896/2207/2188 1894/2202/2186 1910/2232/2210
f  1910/2232/2210 1909/2231/2209 1896/2207/2188
f  1894/2202/2186 1893/2201/2185 1911/2235/2213
f  1911/2235/2213 1910/2232/2210 1894/2202/2186
f  1902/2216/2196 1901/2215/2195 1892/2200/2184
f  1892/2200/2184 1891/2199/2183 1902/2216/2196
f  1914/2242/2218 1902/2216/2196 1891/2199/2183
f  1891/2199/2183 1895/2206/2187 1914/2242/2218
f  1934/2262/2238 1924/2252/2228 1883/2191/2175
f  1883/2191/2175 1874/2182/2166 1934/2262/2238
f  1926/2254/2230 1930/2258/2234 1880/2188/2172
f  1880/2188/2172 1879/2187/2171 1926/2254/2230
f  1920/2248/2224 1934/2262/2238 1874/2182/2166
f  1874/2182/2166 1873/2181/2165 1920/2248/2224
f  1929/2266/2233 1918/2246/2222 1888/2196/2180
f  1888/2196/2180 1887/2195/2179 1929/2266/2233
f  1918/2246/2222 1917/2245/2221 1877/2185/2169
f  1877/2185/2169 1888/2196/2180 1918/2246/2222
f  1879/2187/2171 1892/2200/2184 1901/2215/2195
f  1901/2215/2195 1926/2254/2230 1879/2187/2171
f  1917/2245/2221 1920/2248/2224 1873/2181/2165
f  1873/2181/2165 1877/2185/2169 1917/2245/2221
f  1930/2258/2234 1929/2257/2233 1887/2203/2179
f  1887/2203/2179 1880/2188/2172 1930/2258/2234
f  1924/2252/2228 1923/2251/2227 1885/2193/2177
f  1885/2193/2177 1883/2191/2175 1924/2252/2228
f  1923/2264/2227 1914/2242/2218 1895/2206/2187
f  1895/2206/2187 1885/2205/2177 1923/2264/2227
f  1942/2274/2246 1941/2273/2245 1913/2241/2217
f  1913/2241/2217 1922/2263/2226 1942/2274/2246
f  1939/2271/2243 1942/2275/2246 1922/2250/2226
f  1922/2250/2226 1921/2249/2225 1939/2271/2243
f  1936/2268/2240 1935/2267/2239 1928/2256/2232
f  1928/2256/2232 1927/2255/2231 1936/2268/2240
f  1937/2269/2241 1943/2276/2247 1919/2247/2223
f  1919/2247/2223 1916/2244/2220 1937/2269/2241
f  1925/2253/2229 1900/2214/2194 1932/2260/2236
f  1932/2260/2236 1931/2259/2235 1925/2253/2229
f  1938/2270/2242 1937/2269/2241 1916/2244/2220
f  1916/2244/2220 1915/2243/2219 1938/2270/2242
f  1935/2278/2239 1938/2270/2242 1915/2243/2219
f  1915/2243/2219 1928/2265/2232 1935/2278/2239
f  1943/2276/2247 1940/2272/2244 1933/2261/2237
f  1933/2261/2237 1919/2247/2223 1943/2276/2247
f  1931/2259/2235 1936/2268/2240 1927/2255/2231
f  1927/2255/2231 1925/2253/2229 1931/2259/2235
f  1940/2272/2244 1939/2271/2243 1921/2249/2225
f  1921/2249/2225 1933/2261/2237 1940/2272/2244
f  1941/2273/2245 1944/2277/2248 1899/2213/2193
f  1899/2213/2193 1913/2241/2217 1941/2273/2245
f  1944/2277/2248 1932/2260/2236 1900/2214/2194
f  1900/2214/2194 1899/2213/2193 1944/2277/2248
f  1912/2237/2215 1903/2217/2197 1864/2220/2200
f  1864/2220/2200 1863/2238/2216 1912/2237/2215
f  1945/2279/2249 1946/2280/2250 1947/2281/2251
f  1945/2279/2249 1947/2281/2251 1948/2282/2252
f  1948/2282/2252 1949/2283/2253 1945/2279/2249
f  1950/2284/2254 1951/2285/2255 1952/2286/2256
f  1950/2284/2254 1952/2286/2256 1953/2287/2257
f  1950/2284/2254 1953/2287/2257 1954/2288/2254
f  1954/2288/2254 1955/2289/2254 1950/2284/2254
f  1953/2287/2257 1952/2286/2256 1946/2280/2250
f  1953/2287/2257 1946/2280/2250 1945/2279/2249
f  1945/2279/2249 1956/2290/2258 1953/2287/2257
f  1952/2286/2256 1957/2291/2259 1958/2292/2260
f  1952/2286/2256 1958/2292/2260 1959/2293/2261
f  1959/2293/2261 1946/2280/2250 1952/2286/2256
f  1960/2294/2262 1961/2295/2262 1957/2291/2259
f  1960/2294/2262 1957/2291/2259 1952/2286/2256
f  1960/2294/2262 1952/2286/2256 1951/2285/2255
f  1951/2285/2255 1962/2296/2262 1960/2294/2262
f  1948/2282/2252 1947/2281/2251 1963/2297/2263
f  1948/2282/2252 1963/2297/2263 1964/2298/2264
f  1948/2282/2252 1964/2298/2264 1965/2299/2264
f  1965/2299/2264 1966/2300/2264 1948/2282/2252
f  1947/2281/2251 1967/2301/2265 1968/2302/2266
f  1947/2281/2251 1968/2302/2266 1969/2303/2266
f  1947/2281/2251 1969/2303/2266 1970/2304/2266
f  1970/2304/2266 1963/2297/2263 1947/2281/2251
f  1958/2292/2260 1971/2305/2267 1959/2293/2261
f  1945/2279/2249 1949/2283/2253 1972/2306/2268
f  1972/2306/2268 1956/2290/2258 1945/2279/2249
f  1959/2293/2261 1971/2305/2267 1967/2301/2265
f  1959/2293/2261 1967/2301/2265 1947/2281/2251
f  1947/2281/2251 1946/2280/2250 1959/2293/2261
f  1973/2307/2269 1974/2308/2270 1975/2309/2271
f  1973/2307/2269 1975/2309/2271 1976/2310/2272
f  1976/2310/2272 1977/2311/2273 1973/2307/2269
f  1978/2312/2274 1979/2313/2275 1980/2314/2276
f  1978/2312/2274 1980/2314/2276 1981/2315/2276
f  1978/2312/2274 1981/2315/2276 1982/2316/2276
f  1982/2316/2276 1983/2317/2277 1978/2312/2274
f  1974/2308/2270 1978/2312/2274 1983/2317/2277
f  1974/2308/2270 1983/2317/2277 1984/2318/2278
f  1984/2318/2278 1975/2309/2271 1974/2308/2270
f  1985/2319/2279 1986/2320/2280 1978/2312/2274
f  1985/2319/2279 1978/2312/2274 1974/2308/2270
f  1974/2308/2270 1987/2321/2281 1985/2319/2279
f  1986/2320/2280 1988/2322/2282 1989/2323/2282
f  1986/2320/2280 1989/2323/2282 1990/2324/2282
f  1986/2320/2280 1990/2324/2282 1979/2313/2275
f  1979/2313/2275 1978/2312/2274 1986/2320/2280
f  1991/2325/2283 1973/2307/2269 1977/2311/2273
f  1991/2325/2283 1977/2311/2273 1992/2326/2284
f  1991/2325/2283 1992/2326/2284 1993/2327/2284
f  1993/2327/2284 1994/2328/2284 1991/2325/2283
f  1995/2329/2285 1996/2330/2286 1973/2307/2269
f  1995/2329/2285 1973/2307/2269 1991/2325/2283
f  1995/2329/2285 1991/2325/2283 1997/2331/2285
f  1997/2331/2285 1998/2332/2285 1995/2329/2285
f  1985/2319/2279 1987/2321/2281 1999/2333/2287
f  2000/2334/2288 1976/2310/2272 1975/2309/2271
f  1975/2309/2271 1984/2318/2278 2000/2334/2288
f  1996/2330/2286 1999/2333/2287 1987/2321/2281
f  1996/2330/2286 1987/2321/2281 1974/2308/2270
f  1974/2308/2270 1973/2307/2269 1996/2330/2286
f  1957/2291/2289 1961/2295/2290 1988/2335/2291
f  1988/2335/2291 1986/2336/2292 1957/2291/2289
f  1961/2295/2290 1960/2294/2293 1989/2337/2294
f  1989/2337/2294 1988/2335/2291 1961/2295/2290
f  1968/2302/2295 1967/2301/2296 1996/2338/2297
f  1996/2338/2297 1995/2339/2298 1968/2302/2295
f  1960/2294/2293 1962/2296/2299 1990/2340/2300
f  1990/2340/2300 1989/2337/2294 1960/2294/2293
f  2001/2341/2301 2002/2342/2302 2003/2343/2303
f  2003/2343/2303 2004/2344/2304 2001/2341/2301
f  1963/2297/2305 1970/2304/2306 1997/2345/2307
f  1997/2345/2307 1991/2346/2308 1963/2297/2305
f  1951/2285/2309 1950/2284/2310 1980/2347/2311
f  1980/2347/2311 1979/2348/2312 1951/2285/2309
f  1962/2296/2299 1951/2285/2309 1979/2348/2312
f  1979/2348/2312 1990/2340/2300 1962/2296/2299
f  1970/2304/2306 1969/2303/2313 1998/2349/2314
f  1998/2349/2314 1997/2345/2307 1970/2304/2306
f  1950/2284/2310 1955/2289/2315 1981/2350/2316
f  1981/2350/2316 1980/2347/2311 1950/2284/2310
f  1948/2282/2317 1966/2300/2318 1992/2351/2319
f  1992/2351/2319 1977/2352/2317 1948/2282/2317
f  1969/2303/2313 1968/2302/2295 1995/2339/2298
f  1995/2339/2298 1998/2349/2314 1969/2303/2313
f  1955/2289/2315 1954/2288/2320 1982/2353/2321
f  1982/2353/2321 1981/2350/2316 1955/2289/2315
f  1966/2300/2318 1965/2299/2322 1993/2354/2323
f  1993/2354/2323 1992/2351/2319 1966/2300/2318
f  1967/2301/2296 1971/2305/2324 1999/2355/2325
f  1999/2355/2325 1996/2338/2297 1967/2301/2296
f  1954/2288/2320 1953/2287/2326 1983/2356/2326
f  1983/2356/2326 1982/2353/2321 1954/2288/2320
f  1965/2299/2322 1964/2298/2327 1994/2357/2328
f  1994/2357/2328 1993/2354/2323 1965/2299/2322
f  1971/2305/2324 1958/2292/2329 1985/2358/2330
f  1985/2358/2330 1999/2355/2325 1971/2305/2324
f  1964/2298/2327 1963/2297/2305 1991/2346/2308
f  1991/2346/2308 1994/2357/2328 1964/2298/2327
f  1958/2292/2329 1957/2291/2289 1986/2336/2292
f  1986/2336/2292 1985/2358/2330 1958/2292/2329
f  2005/2359/2331 2006/2360/2332 2002/2342/2333
f  2005/2359/2331 2002/2342/2333 2007/2361/2334
f  2007/2361/2334 2008/2362/2335 2005/2359/2331
f  2009/2363/2336 2010/2364/2337 2011/2365/2338
f  2011/2365/2338 2012/2366/2339 2009/2363/2336
f  2013/2367/2340 2014/2368/2341 2005/2359/2331
f  2013/2367/2340 2005/2359/2331 2008/2362/2335
f  2013/2367/2340 2008/2362/2335 2015/2369/2342
f  2015/2369/2342 2016/2370/2343 2013/2367/2340
f  2017/2371/2344 2018/2372/2345 2014/2368/2341
f  2017/2371/2344 2014/2368/2341 2013/2367/2340
f  2017/2371/2344 2013/2367/2340 2019/2373/2346
f  2019/2373/2346 2020/2374/2347 2017/2371/2344
f  2021/2375/2348 2022/2376/2349 2023/2377/2350
f  2021/2375/2348 2023/2377/2350 2024/2378/2351
f  2021/2375/2348 2024/2378/2351 2025/2379/2352
f  2025/2379/2352 2026/2380/2353 2021/2375/2348
f  2027/2381/2354 2001/2341/2301 2004/2344/2304
f  2004/2344/2304 2021/2382/2355 2027/2381/2354
f  2028/2383/2356 2029/2384/2357 2026/2385/2358
f  2026/2385/2358 2030/2386/2359 2028/2383/2356
f  2011/2365/2338 2028/2383/2356 2030/2386/2359
f  2030/2386/2359 2012/2366/2339 2011/2365/2338
f  2014/2368/2341 1972/2306/2268 1949/2283/2253
f  1949/2283/2253 2005/2359/2331 2014/2368/2341
f  2031/2387/2360 1984/2318/2278 1983/2317/2277
f  1983/2317/2277 2032/2388/2361 2031/2387/2360
f  2033/2389/2362 1953/2287/2257 1956/2290/2258
f  1956/2290/2258 2018/2372/2345 2033/2389/2362
f  2006/2360/2363 1948/2282/2364 1977/2352/2364
f  1977/2352/2364 2034/2390/2365 2006/2360/2363
f  2005/2359/2331 1949/2283/2253 1948/2282/2252
f  1948/2282/2252 2006/2360/2332 2005/2359/2331
f  2034/2391/2366 1977/2311/2273 1976/2310/2272
f  1976/2310/2272 2035/2392/2367 2034/2391/2366
f  2036/2393/2368 2000/2334/2288 1984/2318/2278
f  1984/2318/2278 2031/2387/2360 2036/2393/2368
f  2032/2394/2369 1983/2356/2370 1953/2287/2370
f  1953/2287/2370 2033/2389/2371 2032/2394/2369
f  2037/2395/2372 2038/2396/2373 2039/2397/2374
f  2039/2397/2374 2040/2398/2375 2037/2395/2372
f  2041/2399/2376 2042/2400/2377 2043/2401/2378
f  2043/2401/2378 2044/2402/2379 2041/2399/2376
f  2045/2403/2380 2041/2399/2376 2044/2402/2379
f  2044/2402/2379 2046/2404/2381 2045/2403/2380
f  2047/2405/2382 2045/2403/2380 2046/2404/2381
f  2046/2404/2381 2048/2406/2383 2047/2405/2382
f  2049/2407/2384 2047/2405/2382 2048/2406/2383
f  2048/2406/2383 2050/2408/2385 2049/2407/2384
f  2051/2409/2386 2049/2410/2384 2050/2411/2385
f  2050/2411/2385 2052/2412/2387 2051/2409/2386
f  2053/2413/2388 2051/2409/2386 2052/2412/2387
f  2052/2412/2387 2054/2414/2389 2053/2413/2388
f  2055/2415/2390 2053/2413/2388 2054/2414/2389
f  2054/2414/2389 2056/2416/2391 2055/2415/2390
f  2057/2417/2392 2055/2415/2390 2056/2416/2391
f  2056/2416/2391 2058/2418/2393 2057/2417/2392
f  2059/2419/2394 2057/2417/2392 2058/2418/2393
f  2058/2418/2393 2060/2420/2395 2059/2419/2394
f  2061/2421/2396 2059/2419/2394 2060/2420/2395
f  2060/2420/2395 2062/2422/2397 2061/2421/2396
f  2063/2423/2398 2061/2421/2396 2062/2422/2397
f  2062/2422/2397 2064/2424/2399 2063/2423/2398
f  2065/2425/2400 2063/2423/2398 2064/2424/2399
f  2064/2424/2399 2066/2426/2401 2065/2425/2400
f  2067/2427/2402 2065/2425/2400 2066/2426/2401
f  2066/2426/2401 2068/2428/2403 2067/2427/2402
f  2069/2429/2404 2067/2427/2402 2068/2428/2403
f  2068/2428/2403 2070/2430/2405 2069/2429/2404
f  2038/2396/2373 2069/2429/2404 2070/2430/2405
f  2070/2430/2405 2039/2397/2374 2038/2396/2373
f  2071/2431/2406 2037/2395/2372 2040/2398/2375
f  2040/2398/2375 2072/2432/2407 2071/2431/2406
f  2073/2433/2408 2074/2434/2409 2075/2435/2410
f  2073/2433/2408 2075/2435/2410 2076/2436/2411
f  2073/2433/2408 2076/2436/2411 2077/2437/2412
f  2073/2433/2408 2077/2437/2412 2078/2438/2413
f  2073/2433/2408 2078/2438/2413 2079/2439/2414
f  2073/2433/2408 2079/2439/2414 2080/2440/2415
f  2073/2433/2408 2080/2440/2415 2081/2441/2416
f  2073/2433/2408 2081/2441/2416 2082/2442/2417
f  2073/2433/2408 2082/2442/2417 2083/2443/2418
f  2073/2433/2408 2083/2443/2418 2084/2444/2419
f  2073/2433/2408 2084/2444/2419 2085/2445/2420
f  2073/2433/2408 2085/2445/2420 2086/2446/2421
f  2073/2433/2408 2086/2446/2421 2087/2447/2422
f  2073/2433/2408 2087/2447/2422 2088/2448/2423
f  2073/2433/2408 2088/2448/2423 2089/2449/2424
f  2089/2449/2424 2090/2450/2425 2073/2433/2408
f  2042/2400/2377 2071/2431/2406 2072/2432/2407
f  2072/2432/2407 2043/2401/2378 2042/2400/2377
f  2038/2451/2426 2037/2452/2426 2071/2453/2426
f  2038/2451/2426 2071/2453/2426 2042/2454/2426
f  2038/2451/2426 2042/2454/2426 2041/2455/2426
f  2038/2451/2426 2041/2455/2426 2045/2456/2426
f  2038/2451/2426 2045/2456/2426 2047/2457/2426
f  2038/2451/2426 2047/2457/2426 2049/2458/2426
f  2038/2451/2426 2049/2458/2426 2051/2459/2426
f  2038/2451/2426 2051/2459/2426 2053/2460/2426
f  2038/2451/2426 2053/2460/2426 2055/2461/2426
f  2038/2451/2426 2055/2461/2426 2057/2462/2426
f  2038/2451/2426 2057/2462/2426 2059/2463/2426
f  2038/2451/2426 2059/2463/2426 2061/2464/2426
f  2038/2451/2426 2061/2464/2426 2063/2465/2426
f  2038/2451/2426 2063/2465/2426 2065/2466/2426
f  2038/2451/2426 2065/2466/2426 2067/2467/2426
f  2067/2467/2426 2069/2468/2426 2038/2451/2426
f  2091/2469/2427 2092/2470/2428 2093/2471/2429
f  2093/2471/2429 2094/2472/2430 2091/2469/2427
f  2095/2473/2431 2096/2474/2432 2097/2475/2433
f  2097/2475/2433 2098/2476/2434 2095/2473/2431
f  2099/2477/2435 2095/2478/2431 2098/2479/2434
f  2098/2479/2434 2100/2480/2436 2099/2477/2435
f  2101/2481/2437 2099/2477/2435 2100/2480/2436
f  2100/2480/2436 2102/2482/2438 2101/2481/2437
f  2103/2483/2439 2101/2481/2437 2102/2482/2438
f  2102/2482/2438 2104/2484/2440 2103/2483/2439
f  2105/2485/2441 2103/2483/2439 2104/2484/2440
f  2104/2484/2440 2106/2486/2442 2105/2485/2441
f  2107/2487/2443 2105/2485/2441 2106/2486/2442
f  2106/2486/2442 2108/2488/2444 2107/2487/2443
f  2109/2489/2445 2107/2487/2443 2108/2488/2444
f  2108/2488/2444 2110/2490/2446 2109/2489/2445
f  2111/2491/2447 2109/2489/2445 2110/2490/2446
f  2110/2490/2446 2112/2492/2448 2111/2491/2447
f  2113/2493/2449 2111/2491/2447 2112/2492/2448
f  2112/2492/2448 2114/2494/2450 2113/2493/2449
f  2115/2495/2451 2113/2493/2449 2114/2494/2450
f  2114/2494/2450 2116/2496/2452 2115/2495/2451
f  2117/2497/2453 2115/2495/2451 2116/2496/2452
f  2116/2496/2452 2118/2498/2454 2117/2497/2453
f  2119/2499/2455 2117/2497/2453 2118/2498/2454
f  2118/2498/2454 2120/2500/2456 2119/2499/2455
f  2121/2501/2457 2119/2499/2455 2120/2500/2456
f  2120/2500/2456 2122/2502/2458 2121/2501/2457
f  2123/2503/2459 2121/2501/2457 2122/2502/2458
f  2122/2502/2458 2124/2504/2460 2123/2503/2459
f  2092/2470/2428 2123/2503/2459 2124/2504/2460
f  2124/2504/2460 2093/2471/2429 2092/2470/2428
f  2125/2505/2461 2091/2469/2427 2094/2472/2430
f  2094/2472/2430 2126/2506/2462 2125/2505/2461
f  2127/2507/2463 2128/2508/2464 2129/2509/2465
f  2127/2507/2463 2129/2509/2465 2130/2510/2466
f  2127/2507/2463 2130/2510/2466 2131/2511/2467
f  2127/2507/2463 2131/2511/2467 2132/2512/2468
f  2127/2507/2463 2132/2512/2468 2133/2513/2469
f  2127/2507/2463 2133/2513/2469 2134/2514/2470
f  2127/2507/2463 2134/2514/2470 2135/2515/2471
f  2127/2507/2463 2135/2515/2471 2136/2516/2472
f  2127/2507/2463 2136/2516/2472 2137/2517/2473
f  2127/2507/2463 2137/2517/2473 2138/2518/2474
f  2127/2507/2463 2138/2518/2474 2139/2519/2475
f  2127/2507/2463 2139/2519/2475 2140/2520/2476
f  2127/2507/2463 2140/2520/2476 2141/2521/2477
f  2127/2507/2463 2141/2521/2477 2142/2522/2478
f  2127/2507/2463 2142/2522/2478 2143/2523/2479
f  2143/2523/2479 2144/2524/2480 2127/2507/2463
f  2096/2474/2432 2125/2505/2461 2126/2506/2462
f  2126/2506/2462 2097/2475/2433 2096/2474/2432
f  2092/2525/2481 2091/2526/2481 2125/2527/2481
f  2092/2525/2481 2125/2527/2481 2096/2528/2481
f  2092/2525/2481 2096/2528/2481 2095/2529/2481
f  2092/2525/2481 2095/2529/2481 2099/2530/2481
f  2092/2525/2481 2099/2530/2481 2101/2531/2481
f  2092/2525/2481 2101/2531/2481 2103/2532/2481
f  2092/2525/2481 2103/2532/2481 2105/2533/2481
f  2092/2525/2481 2105/2533/2481 2107/2534/2481
f  2092/2525/2481 2107/2534/2481 2109/2535/2481
f  2092/2525/2481 2109/2535/2481 2111/2536/2481
f  2092/2525/2481 2111/2536/2481 2113/2537/2481
f  2092/2525/2481 2113/2537/2481 2115/2538/2481
f  2092/2525/2481 2115/2538/2481 2117/2539/2481
f  2092/2525/2481 2117/2539/2481 2119/2540/2481
f  2092/2525/2481 2119/2540/2481 2121/2541/2481
f  2121/2541/2481 2123/2542/2481 2092/2525/2481
f  2028/2383/2482 2145/2543/2483 2146/2544/2484
f  2028/2383/2482 2146/2544/2484 2147/2545/2485
f  2028/2383/2482 2147/2545/2485 2148/2546/2486
f  2148/2546/2486 2029/2384/2487 2028/2383/2482
f  2003/2547/2488 2149/2548/2489 2022/2376/2349
f  2003/2547/2488 2022/2376/2349 2021/2375/2348
f  2021/2375/2348 2004/2549/2490 2003/2547/2488
f  2034/2391/2366 2035/2392/2367 2150/2550/2491
f  2034/2391/2366 2150/2550/2491 2149/2548/2489
f  2149/2548/2489 2003/2547/2488 2034/2391/2366
f  2030/2551/2492 2151/2552/2493 2152/2553/2494
f  2030/2551/2492 2152/2553/2494 2009/2554/2495
f  2009/2554/2495 2012/2555/2496 2030/2551/2492
f  2029/2384/2487 2148/2546/2486 2153/2556/2497
f  2029/2384/2487 2153/2556/2497 2154/2557/2498
f  2029/2384/2487 2154/2557/2498 2155/2558/2499
f  2155/2558/2499 2027/2381/2500 2029/2384/2487
f  2032/2394/2369 2033/2389/2371 2010/2364/2337
f  2010/2364/2337 2009/2363/2336 2032/2394/2369
f  2156/2559/2501 2157/2560/2502 2151/2552/2493
f  2156/2559/2501 2151/2552/2493 2030/2551/2492
f  2156/2559/2501 2030/2551/2492 2026/2380/2353
f  2026/2380/2353 2025/2379/2352 2156/2559/2501
f  2002/2342/2302 2006/2360/2363 2034/2390/2365
f  2034/2390/2365 2003/2343/2303 2002/2342/2302
f  2035/2392/2367 2036/2393/2368 2158/2561/2503
f  2035/2392/2367 2158/2561/2503 2159/2562/2504
f  2035/2392/2367 2159/2562/2504 2160/2563/2505
f  2160/2563/2505 2150/2550/2491 2035/2392/2367
f  2161/2564/2506 2162/2565/2507 2020/2566/2508
f  2020/2566/2508 2019/2567/2509 2161/2564/2506
f  2033/2389/2362 2018/2372/2345 2017/2371/2344
f  2033/2389/2362 2017/2371/2344 2163/2568/2510
f  2163/2568/2510 2010/2364/2511 2033/2389/2362
f  2035/2392/2367 1976/2310/2272 2000/2334/2288
f  2000/2334/2288 2036/2393/2368 2035/2392/2367
f  2018/2372/2345 1956/2290/2258 1972/2306/2268
f  1972/2306/2268 2014/2368/2341 2018/2372/2345
f  2029/2384/2357 2027/2381/2354 2021/2382/2355
f  2021/2382/2355 2026/2385/2358 2029/2384/2357
f  2159/2562/2512 2161/2564/2506 2019/2567/2509
f  2019/2567/2509 2016/2569/2513 2159/2562/2512
f  2007/2361/2334 2002/2342/2333 2001/2341/2514
f  2007/2361/2334 2001/2341/2514 2027/2381/2500
f  2027/2381/2500 2155/2558/2499 2007/2361/2334
f  2164/2570/2515 2031/2387/2360 2032/2388/2361
f  2164/2570/2515 2032/2388/2361 2009/2554/2495
f  2009/2554/2495 2152/2553/2494 2164/2570/2515
f  2010/2364/2511 2163/2568/2510 2145/2543/2483
f  2010/2364/2511 2145/2543/2483 2028/2383/2482
f  2028/2383/2482 2011/2365/2516 2010/2364/2511
f  2162/2565/2517 2164/2570/2515 2152/2553/2494
f  2162/2565/2517 2152/2553/2494 2151/2552/2493
f  2151/2552/2493 2157/2560/2502 2162/2565/2517
f  2015/2369/2342 2008/2362/2335 2007/2361/2334
f  2015/2369/2342 2007/2361/2334 2155/2558/2499
f  2155/2558/2499 2154/2557/2498 2015/2369/2342
f  2146/2544/2484 2145/2543/2483 2163/2568/2510
f  2146/2544/2484 2163/2568/2510 2017/2371/2344
f  2017/2371/2344 2020/2374/2347 2146/2544/2484
f  2016/2370/2343 2019/2373/2346 2013/2367/2340
f  2148/2546/2486 2147/2545/2485 2153/2556/2497
f  2150/2550/2491 2160/2563/2505 2023/2377/2350
f  2150/2550/2491 2023/2377/2350 2022/2376/2349
f  2022/2376/2349 2149/2548/2489 2150/2550/2491
f  2159/2562/2504 2158/2561/2503 2161/2564/2518
f  2156/2559/2501 2025/2379/2352 2024/2378/2351
f  2036/2393/2368 2031/2387/2360 2164/2570/2515
f  2036/2393/2368 2164/2570/2515 2162/2565/2517
f  2036/2393/2368 2162/2565/2517 2161/2564/2518
f  2161/2564/2518 2158/2561/2503 2036/2393/2368
f  2160/2563/2519 2159/2562/2512 2016/2569/2513
f  2016/2569/2513 2015/2571/2520 2160/2563/2519
f  2023/2377/2521 2160/2563/2519 2015/2571/2520
f  2015/2571/2520 2154/2572/2522 2023/2377/2521
f  2024/2378/2523 2023/2377/2521 2154/2572/2522
f  2154/2572/2522 2153/2573/2524 2024/2378/2523
f  2156/2559/2525 2024/2378/2523 2153/2573/2524
f  2153/2573/2524 2147/2574/2526 2156/2559/2525
f  2157/2560/2527 2156/2559/2525 2147/2574/2526
f  2147/2574/2526 2146/2575/2528 2157/2560/2527
f  2162/2565/2507 2157/2560/2527 2146/2575/2528
f  2146/2575/2528 2020/2566/2508 2162/2565/2507
f  2165/2576/2529 2166/2577/2530 2167/2578/2531
f  2165/2576/2529 2167/2578/2531 2168/2579/2532
f  2168/2579/2532 2169/2580/2533 2165/2576/2529
f  2170/2581/2534 2171/2582/2535 2172/2583/2536
f  2170/2581/2534 2172/2583/2536 2173/2584/2536
f  2170/2581/2534 2173/2584/2536 2174/2585/2536
f  2174/2585/2536 2175/2586/2537 2170/2581/2534
f  2166/2577/2530 2170/2581/2534 2175/2586/2537
f  2166/2577/2530 2175/2586/2537 2176/2587/2538
f  2176/2587/2538 2167/2578/2531 2166/2577/2530
f  2177/2588/2539 2178/2589/2540 2170/2581/2534
f  2177/2588/2539 2170/2581/2534 2166/2577/2530
f  2166/2577/2530 2179/2590/2541 2177/2588/2539
f  2178/2589/2540 2180/2591/2542 2181/2592/2542
f  2178/2589/2540 2181/2592/2542 2182/2593/2542
f  2178/2589/2540 2182/2593/2542 2171/2582/2535
f  2171/2582/2535 2170/2581/2534 2178/2589/2540
f  2183/2594/2543 2165/2576/2529 2169/2580/2533
f  2183/2594/2543 2169/2580/2533 2184/2595/2544
f  2183/2594/2543 2184/2595/2544 2185/2596/2544
f  2185/2596/2544 2186/2597/2544 2183/2594/2543
f  2187/2598/2545 2188/2599/2546 2165/2576/2529
f  2187/2598/2545 2165/2576/2529 2183/2594/2543
f  2187/2598/2545 2183/2594/2543 2189/2600/2545
f  2189/2600/2545 2190/2601/2545 2187/2598/2545
f  2177/2588/2539 2179/2590/2541 2191/2602/2547
f  2192/2603/2548 2168/2579/2532 2167/2578/2531
f  2167/2578/2531 2176/2587/2538 2192/2603/2548
f  2188/2599/2546 2191/2602/2547 2179/2590/2541
f  2188/2599/2546 2179/2590/2541 2166/2577/2530
f  2166/2577/2530 2165/2576/2529 2188/2599/2546
f  2193/2604/2549 2194/2605/2550 2195/2606/2551
f  2193/2604/2549 2195/2606/2551 2196/2607/2552
f  2196/2607/2552 2197/2608/2553 2193/2604/2549
f  2198/2609/2554 2199/2610/2555 2200/2611/2556
f  2198/2609/2554 2200/2611/2556 2201/2612/2557
f  2198/2609/2554 2201/2612/2557 2202/2613/2554
f  2202/2613/2554 2203/2614/2554 2198/2609/2554
f  2201/2612/2557 2200/2611/2556 2194/2605/2550
f  2201/2612/2557 2194/2605/2550 2193/2604/2549
f  2193/2604/2549 2204/2615/2558 2201/2612/2557
f  2200/2611/2556 2205/2616/2559 2206/2617/2560
f  2200/2611/2556 2206/2617/2560 2207/2618/2561
f  2207/2618/2561 2194/2605/2550 2200/2611/2556
f  2208/2619/2562 2209/2620/2562 2205/2616/2559
f  2208/2619/2562 2205/2616/2559 2200/2611/2556
f  2208/2619/2562 2200/2611/2556 2199/2610/2555
f  2199/2610/2555 2210/2621/2562 2208/2619/2562
f  2196/2607/2552 2195/2606/2551 2211/2622/2563
f  2196/2607/2552 2211/2622/2563 2212/2623/2564
f  2196/2607/2552 2212/2623/2564 2213/2624/2564
f  2213/2624/2564 2214/2625/2564 2196/2607/2552
f  2195/2606/2551 2215/2626/2565 2216/2627/2566
f  2195/2606/2551 2216/2627/2566 2217/2628/2566
f  2195/2606/2551 2217/2628/2566 2218/2629/2566
f  2218/2629/2566 2211/2622/2563 2195/2606/2551
f  2206/2617/2560 2219/2630/2567 2207/2618/2561
f  2193/2604/2549 2197/2608/2553 2220/2631/2568
f  2220/2631/2568 2204/2615/2558 2193/2604/2549
f  2207/2618/2561 2219/2630/2567 2215/2626/2565
f  2207/2618/2561 2215/2626/2565 2195/2606/2551
f  2195/2606/2551 2194/2605/2550 2207/2618/2561
f  2209/2632/2569 2180/2591/2570 2178/2589/2571
f  2178/2589/2571 2205/2633/2572 2209/2632/2569
f  2208/2634/2573 2181/2592/2574 2180/2591/2570
f  2180/2591/2570 2209/2632/2569 2208/2634/2573
f  2215/2635/2575 2188/2599/2576 2187/2598/2577
f  2187/2598/2577 2216/2636/2578 2215/2635/2575
f  2210/2637/2579 2182/2593/2580 2181/2592/2574
f  2181/2592/2574 2208/2634/2573 2210/2637/2579
f  2221/2638/2581 2222/2639/2582 2223/2640/2583
f  2223/2640/2583 2224/2641/2584 2221/2638/2581
f  2218/2642/2585 2189/2600/2586 2183/2594/2587
f  2183/2594/2587 2211/2643/2588 2218/2642/2585
f  2198/2644/2589 2172/2583/2590 2171/2582/2591
f  2171/2582/2591 2199/2645/2592 2198/2644/2589
f  2199/2645/2592 2171/2582/2591 2182/2593/2580
f  2182/2593/2580 2210/2637/2579 2199/2645/2592
f  2217/2646/2593 2190/2601/2594 2189/2600/2586
f  2189/2600/2586 2218/2642/2585 2217/2646/2593
f  2203/2647/2595 2173/2584/2596 2172/2583/2590
f  2172/2583/2590 2198/2644/2589 2203/2647/2595
f  2214/2648/2597 2184/2595/2598 2169/2580/2599
f  2169/2580/2599 2196/2649/2599 2214/2648/2597
f  2216/2636/2578 2187/2598/2577 2190/2601/2594
f  2190/2601/2594 2217/2646/2593 2216/2636/2578
f  2202/2650/2600 2174/2585/2601 2173/2584/2596
f  2173/2584/2596 2203/2647/2595 2202/2650/2600
f  2213/2651/2602 2185/2596/2603 2184/2595/2598
f  2184/2595/2598 2214/2648/2597 2213/2651/2602
f  2219/2652/2604 2191/2602/2605 2188/2599/2576
f  2188/2599/2576 2215/2635/2575 2219/2652/2604
f  2201/2653/2606 2175/2586/2606 2174/2585/2601
f  2174/2585/2601 2202/2650/2600 2201/2653/2606
f  2212/2654/2607 2186/2597/2608 2185/2596/2603
f  2185/2596/2603 2213/2651/2602 2212/2654/2607
f  2206/2655/2609 2177/2588/2610 2191/2602/2605
f  2191/2602/2605 2219/2652/2604 2206/2655/2609
f  2211/2643/2588 2183/2594/2587 2186/2597/2608
f  2186/2597/2608 2212/2654/2607 2211/2643/2588
f  2205/2633/2572 2178/2589/2571 2177/2588/2610
f  2177/2588/2610 2206/2655/2609 2205/2633/2572
f  2222/2639/2611 2225/2656/2612 2226/2657/2613
f  2222/2639/2611 2226/2657/2613 2227/2658/2614
f  2227/2658/2614 2228/2659/2615 2222/2639/2611
f  2229/2660/2616 2230/2661/2617 2231/2662/2618
f  2231/2662/2618 2232/2663/2619 2229/2660/2616
f  2226/2657/2613 2233/2664/2620 2234/2665/2621
f  2226/2657/2613 2234/2665/2621 2235/2666/2622
f  2226/2657/2613 2235/2666/2622 2236/2667/2623
f  2236/2667/2623 2227/2658/2614 2226/2657/2613
f  2233/2664/2620 2237/2668/2624 2238/2669/2625
f  2233/2664/2620 2238/2669/2625 2239/2670/2626
f  2233/2664/2620 2239/2670/2626 2240/2671/2627
f  2240/2671/2627 2234/2665/2621 2233/2664/2620
f  2241/2672/2628 2242/2673/2629 2243/2674/2630
f  2241/2672/2628 2243/2674/2630 2244/2675/2631
f  2241/2672/2628 2244/2675/2631 2245/2676/2632
f  2245/2676/2632 2246/2677/2633 2241/2672/2628
f  2224/2641/2584 2223/2640/2583 2247/2678/2634
f  2247/2678/2634 2243/2679/2635 2224/2641/2584
f  2244/2680/2636 2248/2681/2637 2249/2682/2638
f  2249/2682/2638 2250/2683/2639 2244/2680/2636
f  2250/2683/2639 2249/2682/2638 2229/2660/2616
f  2229/2660/2616 2232/2663/2619 2250/2683/2639
f  2168/2579/2532 2192/2603/2548 2233/2664/2620
f  2233/2664/2620 2226/2657/2613 2168/2579/2532
f  2201/2612/2557 2204/2615/2558 2251/2684/2640
f  2251/2684/2640 2252/2685/2641 2201/2612/2557
f  2176/2587/2538 2175/2586/2537 2253/2686/2642
f  2253/2686/2642 2237/2668/2624 2176/2587/2538
f  2196/2649/2643 2169/2580/2643 2225/2656/2644
f  2225/2656/2644 2254/2687/2645 2196/2649/2643
f  2169/2580/2533 2168/2579/2532 2226/2657/2613
f  2226/2657/2613 2225/2656/2612 2169/2580/2533
f  2197/2608/2553 2196/2607/2552 2254/2688/2646
f  2254/2688/2646 2255/2689/2647 2197/2608/2553
f  2204/2615/2558 2220/2631/2568 2256/2690/2648
f  2256/2690/2648 2251/2684/2640 2204/2615/2558
f  2175/2586/2649 2201/2653/2649 2252/2691/2650
f  2252/2691/2650 2253/2686/2651 2175/2586/2649
f  2257/2692/2652 2258/2693/2653 2259/2694/2654
f  2259/2694/2654 2260/2695/2655 2257/2692/2652
f  2261/2696/2656 2262/2697/2657 2263/2698/2658
f  2263/2698/2658 2264/2699/2659 2261/2696/2656
f  2264/2699/2659 2263/2698/2658 2265/2700/2660
f  2265/2700/2660 2266/2701/2661 2264/2699/2659
f  2266/2701/2661 2265/2700/2660 2267/2702/2662
f  2267/2702/2662 2268/2703/2663 2266/2701/2661
f  2268/2703/2663 2267/2702/2662 2269/2704/2664
f  2269/2704/2664 2270/2705/2665 2268/2703/2663
f  2270/2706/2665 2269/2707/2664 2271/2708/2666
f  2271/2708/2666 2272/2709/2667 2270/2706/2665
f  2272/2709/2667 2271/2708/2666 2273/2710/2668
f  2273/2710/2668 2274/2711/2669 2272/2709/2667
f  2274/2711/2669 2273/2710/2668 2275/2712/2670
f  2275/2712/2670 2276/2713/2671 2274/2711/2669
f  2276/2713/2671 2275/2712/2670 2277/2714/2672
f  2277/2714/2672 2278/2715/2673 2276/2713/2671
f  2278/2715/2673 2277/2714/2672 2279/2716/2674
f  2279/2716/2674 2280/2717/2675 2278/2715/2673
f  2280/2717/2675 2279/2716/2674 2281/2718/2676
f  2281/2718/2676 2282/2719/2677 2280/2717/2675
f  2282/2719/2677 2281/2718/2676 2283/2720/2678
f  2283/2720/2678 2284/2721/2679 2282/2719/2677
f  2284/2721/2679 2283/2720/2678 2285/2722/2680
f  2285/2722/2680 2286/2723/2681 2284/2721/2679
f  2286/2723/2681 2285/2722/2680 2287/2724/2682
f  2287/2724/2682 2288/2725/2683 2286/2723/2681
f  2288/2725/2683 2287/2724/2682 2289/2726/2684
f  2289/2726/2684 2290/2727/2685 2288/2725/2683
f  2290/2727/2685 2289/2726/2684 2258/2693/2653
f  2258/2693/2653 2257/2692/2652 2290/2727/2685
f  2260/2695/2655 2259/2694/2654 2291/2728/2686
f  2291/2728/2686 2292/2729/2687 2260/2695/2655
f  2293/2730/2688 2294/2731/2689 2295/2732/2690
f  2293/2730/2688 2295/2732/2690 2296/2733/2691
f  2293/2730/2688 2296/2733/2691 2297/2734/2692
f  2293/2730/2688 2297/2734/2692 2298/2735/2693
f  2293/2730/2688 2298/2735/2693 2299/2736/2694
f  2293/2730/2688 2299/2736/2694 2300/2737/2695
f  2293/2730/2688 2300/2737/2695 2301/2738/2696
f  2293/2730/2688 2301/2738/2696 2302/2739/2697
f  2293/2730/2688 2302/2739/2697 2303/2740/2698
f  2293/2730/2688 2303/2740/2698 2304/2741/2699
f  2293/2730/2688 2304/2741/2699 2305/2742/2700
f  2293/2730/2688 2305/2742/2700 2306/2743/2701
f  2293/2730/2688 2306/2743/2701 2307/2744/2702
f  2293/2730/2688 2307/2744/2702 2308/2745/2703
f  2293/2730/2688 2308/2745/2703 2309/2746/2704
f  2309/2746/2704 2310/2747/2705 2293/2730/2688
f  2292/2729/2687 2291/2728/2686 2262/2697/2657
f  2262/2697/2657 2261/2696/2656 2292/2729/2687
f  2291/2748/2706 2259/2749/2706 2258/2750/2706
f  2291/2748/2706 2258/2750/2706 2289/2751/2706
f  2291/2748/2706 2289/2751/2706 2287/2752/2706
f  2291/2748/2706 2287/2752/2706 2285/2753/2706
f  2291/2748/2706 2285/2753/2706 2283/2754/2706
f  2291/2748/2706 2283/2754/2706 2281/2755/2706
f  2291/2748/2706 2281/2755/2706 2279/2756/2706
f  2291/2748/2706 2279/2756/2706 2277/2757/2706
f  2291/2748/2706 2277/2757/2706 2275/2758/2706
f  2291/2748/2706 2275/2758/2706 2273/2759/2706
f  2291/2748/2706 2273/2759/2706 2271/2760/2706
f  2291/2748/2706 2271/2760/2706 2269/2761/2706
f  2291/2748/2706 2269/2761/2706 2267/2762/2706
f  2291/2748/2706 2267/2762/2706 2265/2763/2706
f  2291/2748/2706 2265/2763/2706 2263/2764/2706
f  2263/2764/2706 2262/2765/2706 2291/2748/2706
f  2311/2766/2707 2312/2767/2708 2313/2768/2709
f  2313/2768/2709 2314/2769/2710 2311/2766/2707
f  2315/2770/2711 2316/2771/2712 2317/2772/2713
f  2317/2772/2713 2318/2773/2714 2315/2770/2711
f  2318/2774/2714 2317/2775/2713 2319/2776/2715
f  2319/2776/2715 2320/2777/2716 2318/2774/2714
f  2320/2777/2716 2319/2776/2715 2321/2778/2717
f  2321/2778/2717 2322/2779/2718 2320/2777/2716
f  2322/2779/2718 2321/2778/2717 2323/2780/2719
f  2323/2780/2719 2324/2781/2720 2322/2779/2718
f  2324/2781/2720 2323/2780/2719 2325/2782/2721
f  2325/2782/2721 2326/2783/2722 2324/2781/2720
f  2326/2783/2722 2325/2782/2721 2327/2784/2723
f  2327/2784/2723 2328/2785/2724 2326/2783/2722
f  2328/2785/2724 2327/2784/2723 2329/2786/2725
f  2329/2786/2725 2330/2787/2726 2328/2785/2724
f  2330/2787/2726 2329/2786/2725 2331/2788/2727
f  2331/2788/2727 2332/2789/2728 2330/2787/2726
f  2332/2789/2728 2331/2788/2727 2333/2790/2729
f  2333/2790/2729 2334/2791/2730 2332/2789/2728
f  2334/2791/2730 2333/2790/2729 2335/2792/2731
f  2335/2792/2731 2336/2793/2732 2334/2791/2730
f  2336/2793/2732 2335/2792/2731 2337/2794/2733
f  2337/2794/2733 2338/2795/2734 2336/2793/2732
f  2338/2795/2734 2337/2794/2733 2339/2796/2735
f  2339/2796/2735 2340/2797/2736 2338/2795/2734
f  2340/2797/2736 2339/2796/2735 2341/2798/2737
f  2341/2798/2737 2342/2799/2738 2340/2797/2736
f  2342/2799/2738 2341/2798/2737 2343/2800/2739
f  2343/2800/2739 2344/2801/2740 2342/2799/2738
f  2344/2801/2740 2343/2800/2739 2312/2767/2708
f  2312/2767/2708 2311/2766/2707 2344/2801/2740
f  2314/2769/2710 2313/2768/2709 2345/2802/2741
f  2345/2802/2741 2346/2803/2742 2314/2769/2710
f  2346/2803/2742 2345/2802/2741 2316/2771/2712
f  2316/2771/2712 2315/2770/2711 2346/2803/2742
f  2345/2804/2743 2313/2805/2743 2312/2806/2743
f  2345/2804/2743 2312/2806/2743 2343/2807/2743
f  2345/2804/2743 2343/2807/2743 2341/2808/2743
f  2345/2804/2743 2341/2808/2743 2339/2809/2743
f  2345/2804/2743 2339/2809/2743 2337/2810/2743
f  2345/2804/2743 2337/2810/2743 2335/2811/2743
f  2345/2804/2743 2335/2811/2743 2333/2812/2743
f  2345/2804/2743 2333/2812/2743 2331/2813/2743
f  2345/2804/2743 2331/2813/2743 2329/2814/2743
f  2345/2804/2743 2329/2814/2743 2327/2815/2743
f  2345/2804/2743 2327/2815/2743 2325/2816/2743
f  2345/2804/2743 2325/2816/2743 2323/2817/2743
f  2345/2804/2743 2323/2817/2743 2321/2818/2743
f  2345/2804/2743 2321/2818/2743 2319/2819/2743
f  2345/2804/2743 2319/2819/2743 2317/2820/2743
f  2317/2820/2743 2316/2821/2743 2345/2804/2743
f  2347/2822/2744 2348/2823/2745 2249/2682/2746
f  2347/2822/2744 2249/2682/2746 2248/2681/2747
f  2347/2822/2744 2248/2681/2747 2349/2824/2748
f  2349/2824/2748 2350/2825/2749 2347/2822/2744
f  2242/2673/2629 2351/2826/2750 2221/2827/2751
f  2242/2673/2629 2221/2827/2751 2224/2828/2752
f  2224/2828/2752 2243/2674/2630 2242/2673/2629
f  2352/2829/2753 2255/2689/2647 2254/2688/2646
f  2352/2829/2753 2254/2688/2646 2221/2827/2751
f  2221/2827/2751 2351/2826/2750 2352/2829/2753
f  2353/2830/2754 2354/2831/2755 2250/2832/2756
f  2353/2830/2754 2250/2832/2756 2232/2833/2757
f  2232/2833/2757 2231/2834/2758 2353/2830/2754
f  2355/2835/2759 2349/2824/2748 2248/2681/2747
f  2355/2835/2759 2248/2681/2747 2247/2678/2760
f  2355/2835/2759 2247/2678/2760 2356/2836/2761
f  2356/2836/2761 2357/2837/2762 2355/2835/2759
f  2230/2661/2617 2253/2686/2651 2252/2691/2650
f  2252/2691/2650 2231/2662/2618 2230/2661/2617
f  2354/2831/2755 2358/2838/2763 2359/2839/2764
f  2354/2831/2755 2359/2839/2764 2245/2676/2632
f  2354/2831/2755 2245/2676/2632 2244/2675/2631
f  2244/2675/2631 2250/2832/2756 2354/2831/2755
f  2254/2687/2645 2225/2656/2644 2222/2639/2582
f  2222/2639/2582 2221/2638/2581 2254/2687/2645
f  2360/2840/2765 2256/2690/2648 2255/2689/2647
f  2360/2840/2765 2255/2689/2647 2352/2829/2753
f  2360/2840/2765 2352/2829/2753 2361/2841/2766
f  2361/2841/2766 2362/2842/2767 2360/2840/2765
f  2239/2843/2768 2363/2844/2769 2364/2845/2770
f  2364/2845/2770 2240/2846/2771 2239/2843/2768
f  2238/2669/2625 2237/2668/2624 2253/2686/2642
f  2238/2669/2625 2253/2686/2642 2230/2661/2772
f  2230/2661/2772 2365/2847/2773 2238/2669/2625
f  2220/2631/2568 2197/2608/2553 2255/2689/2647
f  2255/2689/2647 2256/2690/2648 2220/2631/2568
f  2192/2603/2548 2176/2587/2538 2237/2668/2624
f  2237/2668/2624 2233/2664/2620 2192/2603/2548
f  2243/2679/2635 2247/2678/2634 2248/2681/2637
f  2248/2681/2637 2244/2680/2636 2243/2679/2635
f  2240/2846/2771 2364/2845/2770 2362/2842/2774
f  2362/2842/2774 2235/2848/2775 2240/2846/2771
f  2223/2640/2776 2222/2639/2611 2228/2659/2615
f  2223/2640/2776 2228/2659/2615 2356/2836/2761
f  2356/2836/2761 2247/2678/2760 2223/2640/2776
f  2252/2685/2641 2251/2684/2640 2366/2849/2777
f  2252/2685/2641 2366/2849/2777 2353/2830/2754
f  2353/2830/2754 2231/2834/2758 2252/2685/2641
f  2348/2823/2745 2365/2847/2773 2230/2661/2772
f  2348/2823/2745 2230/2661/2772 2229/2660/2778
f  2229/2660/2778 2249/2682/2746 2348/2823/2745
f  2353/2830/2754 2366/2849/2777 2363/2844/2779
f  2353/2830/2754 2363/2844/2779 2358/2838/2763
f  2358/2838/2763 2354/2831/2755 2353/2830/2754
f  2228/2659/2615 2227/2658/2614 2236/2667/2623
f  2228/2659/2615 2236/2667/2623 2357/2837/2762
f  2357/2837/2762 2356/2836/2761 2228/2659/2615
f  2365/2847/2773 2348/2823/2745 2347/2822/2744
f  2365/2847/2773 2347/2822/2744 2239/2670/2626
f  2239/2670/2626 2238/2669/2625 2365/2847/2773
f  2235/2666/2622 2234/2665/2621 2240/2671/2627
f  2349/2824/2748 2355/2835/2759 2350/2825/2749
f  2241/2672/2628 2361/2841/2766 2352/2829/2753
f  2241/2672/2628 2352/2829/2753 2351/2826/2750
f  2351/2826/2750 2242/2673/2629 2241/2672/2628
f  2362/2842/2767 2364/2845/2780 2360/2840/2765
f  2359/2839/2764 2246/2677/2633 2245/2676/2632
f  2366/2849/2777 2251/2684/2640 2256/2690/2648
f  2366/2849/2777 2256/2690/2648 2360/2840/2765
f  2366/2849/2777 2360/2840/2765 2364/2845/2780
f  2364/2845/2780 2363/2844/2779 2366/2849/2777
f  2235/2848/2775 2362/2842/2774 2361/2841/2781
f  2361/2841/2781 2236/2850/2782 2235/2848/2775
f  2236/2850/2782 2361/2841/2781 2241/2672/2783
f  2241/2672/2783 2357/2851/2784 2236/2850/2782
f  2357/2851/2784 2241/2672/2783 2246/2677/2785
f  2246/2677/2785 2355/2852/2786 2357/2851/2784
f  2355/2852/2786 2246/2677/2785 2359/2839/2787
f  2359/2839/2787 2350/2853/2788 2355/2852/2786
f  2350/2853/2788 2359/2839/2787 2358/2838/2789
f  2358/2838/2789 2347/2854/2790 2350/2853/2788
f  2347/2854/2790 2358/2838/2789 2363/2844/2769
f  2363/2844/2769 2239/2843/2768 2347/2854/2790
f  2367/2855/2791 2072/2856/2407 2040/2857/2375
f  2040/2857/2375 2368/2858/2792 2367/2855/2791
f  2369/2859/2793 2367/2855/2791 2368/2858/2792
f  2368/2858/2792 2370/2860/2794 2369/2859/2793
f  2371/2861/2795 2043/2862/2378 2072/2856/2407
f  2072/2856/2407 2367/2855/2791 2371/2861/2795
f  2372/2863/2796 2371/2861/2795 2367/2855/2791
f  2367/2855/2791 2369/2859/2793 2372/2863/2796
f  2373/2864/2797 2044/2865/2379 2043/2862/2378
f  2043/2862/2378 2371/2861/2795 2373/2864/2797
f  2374/2866/2798 2373/2864/2797 2371/2861/2795
f  2371/2861/2795 2372/2863/2796 2374/2866/2798
f  2375/2867/2799 2046/2868/2381 2044/2865/2379
f  2044/2865/2379 2373/2864/2797 2375/2867/2799
f  2376/2869/2800 2375/2867/2799 2373/2864/2797
f  2373/2864/2797 2374/2866/2798 2376/2869/2800
f  2377/2870/2801 2048/2871/2383 2046/2868/2381
f  2046/2868/2381 2375/2867/2799 2377/2870/2801
f  2378/2872/2802 2377/2870/2801 2375/2867/2799
f  2375/2867/2799 2376/2869/2800 2378/2872/2802
f  2379/2873/2803 2050/2874/2385 2048/2871/2383
f  2048/2871/2383 2377/2870/2801 2379/2873/2803
f  2380/2875/2804 2379/2873/2803 2377/2870/2801
f  2377/2870/2801 2378/2872/2802 2380/2875/2804
f  2381/2876/2805 2052/2877/2387 2050/2874/2385
f  2050/2874/2385 2379/2873/2803 2381/2876/2805
f  2382/2878/2806 2381/2876/2805 2379/2873/2803
f  2379/2873/2803 2380/2875/2804 2382/2878/2806
f  2383/2879/2807 2054/2880/2389 2052/2877/2387
f  2052/2877/2387 2381/2876/2805 2383/2879/2807
f  2384/2881/2808 2383/2879/2807 2381/2876/2805
f  2381/2876/2805 2382/2878/2806 2384/2881/2808
f  2385/2882/2809 2056/2883/2391 2054/2880/2389
f  2054/2880/2389 2383/2879/2807 2385/2882/2809
f  2386/2884/2810 2385/2882/2809 2383/2879/2807
f  2383/2879/2807 2384/2881/2808 2386/2884/2810
f  2387/2885/2811 2058/2886/2393 2056/2883/2391
f  2056/2883/2391 2385/2882/2809 2387/2885/2811
f  2388/2887/2812 2387/2885/2811 2385/2882/2809
f  2385/2882/2809 2386/2884/2810 2388/2887/2812
f  2389/2888/2813 2060/2889/2395 2058/2886/2393
f  2058/2886/2393 2387/2885/2811 2389/2888/2813
f  2390/2890/2814 2389/2888/2813 2387/2885/2811
f  2387/2885/2811 2388/2887/2812 2390/2890/2814
f  2391/2891/2815 2062/2892/2397 2060/2889/2395
f  2060/2889/2395 2389/2888/2813 2391/2891/2815
f  2392/2893/2816 2391/2891/2815 2389/2888/2813
f  2389/2888/2813 2390/2890/2814 2392/2893/2816
f  2393/2894/2817 2064/2895/2399 2062/2892/2397
f  2062/2892/2397 2391/2891/2815 2393/2894/2817
f  2394/2896/2818 2393/2894/2817 2391/2891/2815
f  2391/2891/2815 2392/2893/2816 2394/2896/2818
f  2395/2897/2819 2066/2898/2401 2064/2895/2399
f  2064/2895/2399 2393/2894/2817 2395/2897/2819
f  2396/2899/2820 2395/2897/2819 2393/2894/2817
f  2393/2894/2817 2394/2896/2818 2396/2899/2820
f  2397/2900/2821 2068/2901/2403 2066/2898/2401
f  2066/2898/2401 2395/2897/2819 2397/2900/2821
f  2398/2902/2822 2397/2900/2821 2395/2897/2819
f  2395/2897/2819 2396/2899/2820 2398/2902/2822
f  2399/2903/2823 2070/2904/2405 2068/2901/2403
f  2068/2901/2403 2397/2900/2821 2399/2903/2823
f  2400/2905/2824 2399/2903/2823 2397/2900/2821
f  2397/2900/2821 2398/2902/2822 2400/2905/2824
f  2401/2906/2825 2039/2907/2374 2070/2904/2405
f  2070/2904/2405 2399/2903/2823 2401/2906/2825
f  2402/2908/2826 2401/2906/2825 2399/2903/2823
f  2399/2903/2823 2400/2905/2824 2402/2908/2826
f  2368/2858/2792 2040/2857/2375 2039/2907/2374
f  2039/2907/2374 2401/2906/2825 2368/2858/2792
f  2370/2860/2794 2368/2858/2792 2401/2906/2825
f  2401/2906/2825 2402/2908/2826 2370/2860/2794
f  2403/2909/2827 2126/2910/2462 2094/2911/2430
f  2094/2911/2430 2404/2912/2828 2403/2909/2827
f  2074/2913/2409 2403/2909/2827 2404/2912/2828
f  2404/2912/2828 2075/2914/2410 2074/2913/2409
f  2405/2915/2829 2097/2916/2433 2126/2910/2462
f  2126/2910/2462 2403/2909/2827 2405/2915/2829
f  2073/2917/2408 2405/2915/2829 2403/2909/2827
f  2403/2909/2827 2074/2913/2409 2073/2917/2408
f  2406/2918/2830 2098/2919/2434 2097/2916/2433
f  2097/2916/2433 2405/2915/2829 2406/2918/2830
f  2090/2920/2425 2406/2918/2830 2405/2915/2829
f  2405/2915/2829 2073/2917/2408 2090/2920/2425
f  2407/2921/2831 2100/2922/2436 2098/2919/2434
f  2098/2919/2434 2406/2918/2830 2407/2921/2831
f  2089/2923/2424 2407/2921/2831 2406/2918/2830
f  2406/2918/2830 2090/2920/2425 2089/2923/2424
f  2408/2924/2832 2102/2925/2438 2100/2922/2436
f  2100/2922/2436 2407/2921/2831 2408/2924/2832
f  2088/2926/2423 2408/2924/2832 2407/2921/2831
f  2407/2921/2831 2089/2923/2424 2088/2926/2423
f  2409/2927/2833 2104/2928/2440 2102/2925/2438
f  2102/2925/2438 2408/2924/2832 2409/2927/2833
f  2087/2929/2422 2409/2927/2833 2408/2924/2832
f  2408/2924/2832 2088/2926/2423 2087/2929/2422
f  2410/2930/2834 2106/2931/2442 2104/2928/2440
f  2104/2928/2440 2409/2927/2833 2410/2930/2834
f  2086/2932/2421 2410/2930/2834 2409/2927/2833
f  2409/2927/2833 2087/2929/2422 2086/2932/2421
f  2411/2933/2835 2108/2934/2444 2106/2931/2442
f  2106/2931/2442 2410/2930/2834 2411/2933/2835
f  2085/2935/2420 2411/2933/2835 2410/2930/2834
f  2410/2930/2834 2086/2932/2421 2085/2935/2420
f  2412/2936/2836 2110/2937/2446 2108/2934/2444
f  2108/2934/2444 2411/2933/2835 2412/2936/2836
f  2084/2938/2419 2412/2936/2836 2411/2933/2835
f  2411/2933/2835 2085/2935/2420 2084/2938/2419
f  2413/2939/2837 2112/2940/2448 2110/2937/2446
f  2110/2937/2446 2412/2936/2836 2413/2939/2837
f  2083/2941/2418 2413/2939/2837 2412/2936/2836
f  2412/2936/2836 2084/2938/2419 2083/2941/2418
f  2414/2942/2838 2114/2943/2450 2112/2940/2448
f  2112/2940/2448 2413/2939/2837 2414/2942/2838
f  2082/2944/2417 2414/2942/2838 2413/2939/2837
f  2413/2939/2837 2083/2941/2418 2082/2944/2417
f  2415/2945/2839 2116/2946/2452 2114/2943/2450
f  2114/2943/2450 2414/2942/2838 2415/2945/2839
f  2081/2947/2416 2415/2945/2839 2414/2942/2838
f  2414/2942/2838 2082/2944/2417 2081/2947/2416
f  2416/2948/2840 2118/2949/2454 2116/2946/2452
f  2116/2946/2452 2415/2945/2839 2416/2948/2840
f  2080/2950/2415 2416/2948/2840 2415/2945/2839
f  2415/2945/2839 2081/2947/2416 2080/2950/2415
f  2417/2951/2841 2120/2952/2456 2118/2949/2454
f  2118/2949/2454 2416/2948/2840 2417/2951/2841
f  2079/2953/2414 2417/2951/2841 2416/2948/2840
f  2416/2948/2840 2080/2950/2415 2079/2953/2414
f  2418/2954/2842 2122/2955/2458 2120/2952/2456
f  2120/2952/2456 2417/2951/2841 2418/2954/2842
f  2078/2956/2413 2418/2954/2842 2417/2951/2841
f  2417/2951/2841 2079/2953/2414 2078/2956/2413
f  2419/2957/2843 2124/2958/2460 2122/2955/2458
f  2122/2955/2458 2418/2954/2842 2419/2957/2843
f  2077/2959/2412 2419/2957/2843 2418/2954/2842
f  2418/2954/2842 2078/2956/2413 2077/2959/2412
f  2420/2960/2844 2093/2961/2429 2124/2958/2460
f  2124/2958/2460 2419/2957/2843 2420/2960/2844
f  2076/2962/2411 2420/2960/2844 2419/2957/2843
f  2419/2957/2843 2077/2959/2412 2076/2962/2411
f  2404/2912/2828 2094/2911/2430 2093/2961/2429
f  2093/2961/2429 2420/2960/2844 2404/2912/2828
f  2075/2914/2410 2404/2912/2828 2420/2960/2844
f  2420/2960/2844 2076/2962/2411 2075/2914/2410
f  2421/2963/2845 2128/2964/2464 2127/2965/2463
f  2127/2965/2463 2422/2966/2846 2421/2963/2845
f  2292/2967/2687 2421/2963/2845 2422/2966/2846
f  2422/2966/2846 2260/2968/2655 2292/2967/2687
f  2423/2969/2847 2129/2970/2465 2128/2964/2464
f  2128/2964/2464 2421/2963/2845 2423/2969/2847
f  2261/2971/2656 2423/2969/2847 2421/2963/2845
f  2421/2963/2845 2292/2967/2687 2261/2971/2656
f  2424/2972/2848 2130/2973/2466 2129/2970/2465
f  2129/2970/2465 2423/2969/2847 2424/2972/2848
f  2264/2974/2659 2424/2972/2848 2423/2969/2847
f  2423/2969/2847 2261/2971/2656 2264/2974/2659
f  2425/2975/2849 2131/2976/2467 2130/2973/2466
f  2130/2973/2466 2424/2972/2848 2425/2975/2849
f  2266/2977/2661 2425/2975/2849 2424/2972/2848
f  2424/2972/2848 2264/2974/2659 2266/2977/2661
f  2426/2978/2850 2132/2979/2468 2131/2976/2467
f  2131/2976/2467 2425/2975/2849 2426/2978/2850
f  2268/2980/2663 2426/2978/2850 2425/2975/2849
f  2425/2975/2849 2266/2977/2661 2268/2980/2663
f  2427/2981/2851 2133/2982/2469 2132/2979/2468
f  2132/2979/2468 2426/2978/2850 2427/2981/2851
f  2270/2983/2665 2427/2981/2851 2426/2978/2850
f  2426/2978/2850 2268/2980/2663 2270/2983/2665
f  2428/2984/2852 2134/2985/2470 2133/2982/2469
f  2133/2982/2469 2427/2981/2851 2428/2984/2852
f  2272/2986/2667 2428/2984/2852 2427/2981/2851
f  2427/2981/2851 2270/2983/2665 2272/2986/2667
f  2429/2987/2853 2135/2988/2471 2134/2985/2470
f  2134/2985/2470 2428/2984/2852 2429/2987/2853
f  2274/2989/2669 2429/2987/2853 2428/2984/2852
f  2428/2984/2852 2272/2986/2667 2274/2989/2669
f  2430/2990/2854 2136/2991/2472 2135/2988/2471
f  2135/2988/2471 2429/2987/2853 2430/2990/2854
f  2276/2992/2671 2430/2990/2854 2429/2987/2853
f  2429/2987/2853 2274/2989/2669 2276/2992/2671
f  2431/2993/2855 2137/2994/2473 2136/2991/2472
f  2136/2991/2472 2430/2990/2854 2431/2993/2855
f  2278/2995/2673 2431/2993/2855 2430/2990/2854
f  2430/2990/2854 2276/2992/2671 2278/2995/2673
f  2432/2996/2856 2138/2997/2474 2137/2994/2473
f  2137/2994/2473 2431/2993/2855 2432/2996/2856
f  2280/2998/2675 2432/2996/2856 2431/2993/2855
f  2431/2993/2855 2278/2995/2673 2280/2998/2675
f  2433/2999/2857 2139/3000/2475 2138/2997/2474
f  2138/2997/2474 2432/2996/2856 2433/2999/2857
f  2282/3001/2677 2433/2999/2857 2432/2996/2856
f  2432/2996/2856 2280/2998/2675 2282/3001/2677
f  2434/3002/2858 2140/3003/2476 2139/3000/2475
f  2139/3000/2475 2433/2999/2857 2434/3002/2858
f  2284/3004/2679 2434/3002/2858 2433/2999/2857
f  2433/2999/2857 2282/3001/2677 2284/3004/2679
f  2435/3005/2859 2141/3006/2477 2140/3003/2476
f  2140/3003/2476 2434/3002/2858 2435/3005/2859
f  2286/3007/2681 2435/3005/2859 2434/3002/2858
f  2434/3002/2858 2284/3004/2679 2286/3007/2681
f  2436/3008/2860 2142/3009/2478 2141/3006/2477
f  2141/3006/2477 2435/3005/2859 2436/3008/2860
f  2288/3010/2683 2436/3008/2860 2435/3005/2859
f  2435/3005/2859 2286/3007/2681 2288/3010/2683
f  2437/3011/2861 2143/3012/2479 2142/3009/2478
f  2142/3009/2478 2436/3008/2860 2437/3011/2861
f  2290/3013/2685 2437/3011/2861 2436/3008/2860
f  2436/3008/2860 2288/3010/2683 2290/3013/2685
f  2438/3014/2862 2144/3015/2480 2143/3012/2479
f  2143/3012/2479 2437/3011/2861 2438/3014/2862
f  2257/3016/2652 2438/3014/2862 2437/3011/2861
f  2437/3011/2861 2290/3013/2685 2257/3016/2652
f  2422/2966/2846 2127/2965/2463 2144/3015/2480
f  2144/3015/2480 2438/3014/2862 2422/2966/2846
f  2260/2968/2655 2422/2966/2846 2438/3014/2862
f  2438/3014/2862 2257/3016/2652 2260/2968/2655
f  2439/3017/2863 2294/3018/2689 2293/3019/2688
f  2293/3019/2688 2440/3020/2864 2439/3017/2863
f  2346/3021/2742 2439/3017/2863 2440/3020/2864
f  2440/3020/2864 2314/3022/2710 2346/3021/2742
f  2441/3023/2865 2295/3024/2690 2294/3018/2689
f  2294/3018/2689 2439/3017/2863 2441/3023/2865
f  2315/3025/2711 2441/3023/2865 2439/3017/2863
f  2439/3017/2863 2346/3021/2742 2315/3025/2711
f  2442/3026/2866 2296/3027/2691 2295/3024/2690
f  2295/3024/2690 2441/3023/2865 2442/3026/2866
f  2318/3028/2714 2442/3026/2866 2441/3023/2865
f  2441/3023/2865 2315/3025/2711 2318/3028/2714
f  2443/3029/2867 2297/3030/2692 2296/3027/2691
f  2296/3027/2691 2442/3026/2866 2443/3029/2867
f  2320/3031/2716 2443/3029/2867 2442/3026/2866
f  2442/3026/2866 2318/3028/2714 2320/3031/2716
f  2444/3032/2868 2298/3033/2693 2297/3030/2692
f  2297/3030/2692 2443/3029/2867 2444/3032/2868
f  2322/3034/2718 2444/3032/2868 2443/3029/2867
f  2443/3029/2867 2320/3031/2716 2322/3034/2718
f  2445/3035/2869 2299/3036/2694 2298/3033/2693
f  2298/3033/2693 2444/3032/2868 2445/3035/2869
f  2324/3037/2720 2445/3035/2869 2444/3032/2868
f  2444/3032/2868 2322/3034/2718 2324/3037/2720
f  2446/3038/2870 2300/3039/2695 2299/3036/2694
f  2299/3036/2694 2445/3035/2869 2446/3038/2870
f  2326/3040/2722 2446/3038/2870 2445/3035/2869
f  2445/3035/2869 2324/3037/2720 2326/3040/2722
f  2447/3041/2871 2301/3042/2696 2300/3039/2695
f  2300/3039/2695 2446/3038/2870 2447/3041/2871
f  2328/3043/2724 2447/3041/2871 2446/3038/2870
f  2446/3038/2870 2326/3040/2722 2328/3043/2724
f  2448/3044/2872 2302/3045/2697 2301/3042/2696
f  2301/3042/2696 2447/3041/2871 2448/3044/2872
f  2330/3046/2726 2448/3044/2872 2447/3041/2871
f  2447/3041/2871 2328/3043/2724 2330/3046/2726
f  2449/3047/2873 2303/3048/2698 2302/3045/2697
f  2302/3045/2697 2448/3044/2872 2449/3047/2873
f  2332/3049/2728 2449/3047/2873 2448/3044/2872
f  2448/3044/2872 2330/3046/2726 2332/3049/2728
f  2450/3050/2874 2304/3051/2699 2303/3048/2698
f  2303/3048/2698 2449/3047/2873 2450/3050/2874
f  2334/3052/2730 2450/3050/2874 2449/3047/2873
f  2449/3047/2873 2332/3049/2728 2334/3052/2730
f  2451/3053/2875 2305/3054/2700 2304/3051/2699
f  2304/3051/2699 2450/3050/2874 2451/3053/2875
f  2336/3055/2732 2451/3053/2875 2450/3050/2874
f  2450/3050/2874 2334/3052/2730 2336/3055/2732
f  2452/3056/2876 2306/3057/2701 2305/3054/2700
f  2305/3054/2700 2451/3053/2875 2452/3056/2876
f  2338/3058/2734 2452/3056/2876 2451/3053/2875
f  2451/3053/2875 2336/3055/2732 2338/3058/2734
f  2453/3059/2877 2307/3060/2702 2306/3057/2701
f  2306/3057/2701 2452/3056/2876 2453/3059/2877
f  2340/3061/2736 2453/3059/2877 2452/3056/2876
f  2452/3056/2876 2338/3058/2734 2340/3061/2736
f  2454/3062/2878 2308/3063/2703 2307/3060/2702
f  2307/3060/2702 2453/3059/2877 2454/3062/2878
f  2342/3064/2738 2454/3062/2878 2453/3059/2877
f  2453/3059/2877 2340/3061/2736 2342/3064/2738
f  2455/3065/2879 2309/3066/2704 2308/3063/2703
f  2308/3063/2703 2454/3062/2878 2455/3065/2879
f  2344/3067/2740 2455/3065/2879 2454/3062/2878
f  2454/3062/2878 2342/3064/2738 2344/3067/2740
f  2456/3068/2880 2310/3069/2705 2309/3066/2704
f  2309/3066/2704 2455/3065/2879 2456/3068/2880
f  2311/3070/2707 2456/3068/2880 2455/3065/2879
f  2455/3065/2879 2344/3067/2740 2311/3070/2707
f  2440/3020/2864 2293/3019/2688 2310/3069/2705
f  2310/3069/2705 2456/3068/2880 2440/3020/2864
f  2314/3022/2710 2440/3020/2864 2456/3068/2880
f  2456/3068/2880 2311/3070/2707 2314/3022/2710
f  2372/3071/2796 2369/3072/2793 2370/3073/2794
f  2372/3071/2796 2370/3073/2794 2402/3074/2826
f  2372/3071/2796 2402/3074/2826 2400/3075/2824
f  2372/3071/2796 2400/3075/2824 2398/3076/2822
f  2372/3071/2796 2398/3076/2822 2396/3077/2820
f  2372/3071/2796 2396/3077/2820 2394/3078/2818
f  2372/3071/2796 2394/3078/2818 2392/3079/2816
f  2372/3071/2796 2392/3079/2816 2390/3080/2814
f  2372/3071/2796 2390/3080/2814 2388/3081/2812
f  2372/3071/2796 2388/3081/2812 2386/3082/2810
f  2372/3071/2796 2386/3082/2810 2384/3083/2808
f  2372/3071/2796 2384/3083/2808 2382/3084/2806
f  2372/3071/2796 2382/3084/2806 2380/3085/2804
f  2372/3071/2796 2380/3085/2804 2378/3086/2802
f  2372/3071/2796 2378/3086/2802 2376/3087/2800
f  2376/3087/2800 2374/3088/2798 2372/3071/2796
f  2457/3089/2881 446/446/2882 445/445/2883
f  445/445/2883 2458/3090/2884 2457/3089/2881
f  2459/3091/2885 198/198/203 196/196/201
f  196/196/201 2460/3092/2886 2459/3091/2885
f  2458/3090/2884 445/445/2883 444/444/2887
f  444/444/2887 2461/3093/2888 2458/3090/2884
f  2462/3094/2889 200/200/205 198/198/203
f  198/198/203 2459/3091/2885 2462/3094/2889
f  2461/3093/2888 444/444/2887 443/443/2890
f  443/443/2890 2463/3095/2891 2461/3093/2888
f  2464/3096/2892 202/202/207 200/200/205
f  200/200/205 2462/3094/2889 2464/3096/2892
f  2463/3095/2891 443/443/2890 442/442/2893
f  442/442/2893 2465/3097/2894 2463/3095/2891
f  2466/3098/2895 204/204/209 202/202/207
f  202/202/207 2464/3096/2892 2466/3098/2895
f  2465/3097/2894 442/442/2893 441/441/2896
f  441/441/2896 2467/3099/2897 2465/3097/2894
f  2468/3100/2898 206/206/211 204/204/209
f  204/204/209 2466/3098/2895 2468/3100/2898
f  2467/3099/2897 441/441/2896 440/440/2899
f  440/440/2899 2469/3101/2900 2467/3099/2897
f  2470/3102/2901 208/208/213 206/206/211
f  206/206/211 2468/3100/2898 2470/3102/2901
f  2469/3101/2900 440/440/2899 439/439/2902
f  439/439/2902 2471/3103/2903 2469/3101/2900
f  2472/3104/2904 684/735/720 1302/1470/1594
f  1302/1470/1594 2473/3105/2905 2472/3104/2904
f  2474/3106/2906 210/210/215 208/208/213
f  208/208/213 2470/3102/2901 2474/3106/2906
f  2471/3103/2903 439/439/2902 438/438/2907
f  438/438/2907 2475/3107/2908 2471/3103/2903
f  2476/3108/2909 212/212/217 210/210/215
f  210/210/215 2474/3106/2906 2476/3108/2909
f  2475/3107/2908 438/438/2907 437/437/2910
f  437/437/2910 2477/3109/2911 2475/3107/2908
f  2478/3110/2912 154/154/157 684/735/720
f  684/735/720 2472/3104/2904 2478/3110/2912
f  2479/3111/2913 214/214/219 212/212/217
f  212/212/217 2476/3108/2909 2479/3111/2913
f  2480/3112/2914 433/433/2915 432/432/2916
f  432/432/2916 2481/3113/2917 2480/3112/2914
f  2482/3114/2918 216/216/221 214/214/219
f  214/214/219 2479/3111/2913 2482/3114/2918
f  2481/3113/2917 432/432/2916 431/431/2919
f  431/431/2919 2483/3115/2920 2481/3113/2917
f  2484/3116/2921 1329/1499/1622 216/216/221
f  216/216/221 2482/3114/2918 2484/3116/2921
f  2485/3117/2922 78/78/78 77/77/77
f  77/77/77 2486/3118/2923 2485/3117/2922
f  2483/3115/2920 431/431/2919 430/430/2924
f  430/430/2924 2487/3119/2925 2483/3115/2920
f  2488/3120/2926 1331/1501/1624 1329/1499/1622
f  1329/1499/1622 2484/3116/2921 2488/3120/2926
f  2487/3119/2925 430/430/2924 429/429/2927
f  429/429/2927 2489/3121/2928 2487/3119/2925
f  2490/3122/2929 159/159/163 78/78/78
f  78/78/78 2485/3117/2922 2490/3122/2929
f  2489/3121/2928 429/429/2927 428/428/2930
f  428/428/2930 2491/3123/2931 2489/3121/2928
f  2492/3124/2932 161/161/165 159/159/163
f  159/159/163 2490/3122/2929 2492/3124/2932
f  2477/3109/2911 437/437/2910 436/436/2933
f  436/436/2933 2493/3125/2934 2477/3109/2911
f  2494/3126/2935 688/1486/725 218/218/223
f  218/218/223 2495/3127/2936 2494/3126/2935
f  2491/3123/2931 428/428/2930 427/427/2937
f  427/427/2937 2496/3128/2938 2491/3123/2931
f  2497/3129/2939 163/163/167 161/161/165
f  161/161/165 2492/3124/2932 2497/3129/2939
f  2498/3130/2940 434/434/2941 433/433/2915
f  433/433/2915 2480/3112/2914 2498/3130/2940
f  2484/3131/2942 2499/3132/2943 2500/3133/2944
f  2500/3133/2944 2488/3134/2945 2484/3131/2942
f  2482/3135/2946 2501/3136/2947 2499/3132/2943
f  2499/3132/2943 2484/3131/2942 2482/3135/2946
f  2479/3137/2948 2502/3138/2949 2501/3136/2947
f  2501/3136/2947 2482/3135/2946 2479/3137/2948
f  2476/3139/2950 2503/3140/2951 2502/3138/2949
f  2502/3138/2949 2479/3137/2948 2476/3139/2950
f  2474/3141/2952 2504/3142/2953 2503/3140/2951
f  2503/3140/2951 2476/3139/2950 2474/3141/2952
f  2470/3143/2954 2505/3144/2955 2504/3142/2953
f  2504/3142/2953 2474/3141/2952 2470/3143/2954
f  2468/3145/2956 2506/3146/2956 2505/3144/2955
f  2505/3144/2955 2470/3143/2954 2468/3145/2956
f  2466/3147/2957 2496/3128/2958 2506/3146/2956
f  2506/3146/2956 2468/3145/2956 2466/3147/2957
f  2464/3148/2959 2491/3123/2959 2496/3128/2958
f  2496/3128/2958 2466/3147/2957 2464/3148/2959
f  2462/3149/2960 2489/3121/2961 2491/3123/2959
f  2491/3123/2959 2464/3148/2959 2462/3149/2960
f  2459/3150/2962 2487/3119/2963 2489/3121/2961
f  2489/3121/2961 2462/3149/2960 2459/3150/2962
f  2460/3151/2964 2483/3115/2965 2487/3119/2963
f  2487/3119/2963 2459/3150/2962 2460/3151/2964
f  2507/3152/2966 2481/3113/2966 2483/3115/2965
f  2483/3115/2965 2460/3151/2964 2507/3152/2966
f  2508/3153/2967 2480/3112/2967 2481/3113/2966
f  2481/3113/2966 2507/3152/2966 2508/3153/2967
f  2509/3154/2968 2475/3107/2969 2477/3109/2970
f  2477/3109/2970 2495/3155/2971 2509/3154/2968
f  2510/3156/2972 2471/3103/2973 2475/3107/2969
f  2475/3107/2969 2509/3154/2968 2510/3156/2972
f  2511/3157/2974 2469/3101/2975 2471/3103/2973
f  2471/3103/2973 2510/3156/2972 2511/3157/2974
f  2512/3158/2976 2467/3099/2977 2469/3101/2975
f  2469/3101/2975 2511/3157/2974 2512/3158/2976
f  2513/3159/2978 2465/3097/2979 2467/3099/2977
f  2467/3099/2977 2512/3158/2976 2513/3159/2978
f  2514/3160/2980 2463/3095/2981 2465/3097/2979
f  2465/3097/2979 2513/3159/2978 2514/3160/2980
f  2515/3161/2982 2461/3093/2982 2463/3095/2981
f  2463/3095/2981 2514/3160/2980 2515/3161/2982
f  2516/3162/2983 2458/3090/2984 2461/3093/2982
f  2461/3093/2982 2515/3161/2982 2516/3162/2983
f  2517/3163/2985 2457/3089/2986 2458/3090/2984
f  2458/3090/2984 2516/3162/2983 2517/3163/2985
f  2497/3164/2987 2518/3165/2987 2457/3089/2986
f  2457/3089/2986 2517/3163/2985 2497/3164/2987
f  2492/3166/2988 2519/3167/2989 2518/3165/2987
f  2518/3165/2987 2497/3164/2987 2492/3166/2988
f  2490/3168/2990 2520/3169/2991 2519/3167/2989
f  2519/3167/2989 2492/3166/2988 2490/3168/2990
f  2485/3170/2992 2521/3171/2993 2520/3169/2991
f  2520/3169/2991 2490/3168/2990 2485/3170/2992
f  2486/3172/2994 2522/3173/2995 2521/3171/2993
f  2521/3171/2993 2485/3170/2992 2486/3172/2994
f  2472/3174/2996 2523/3175/2997 2524/3176/2998
f  2524/3176/2998 2478/3177/2999 2472/3174/2996
f  2473/3178/3000 2525/3179/3001 2523/3175/2997
f  2523/3175/2997 2472/3174/2996 2473/3178/3000
f  2494/3180/3002 2493/3125/3003 2526/3181/3004
f  2526/3181/3004 2527/3182/3005 2494/3180/3002
f  2527/3182/3005 2526/3181/3004 2498/3130/3006
f  2498/3130/3006 2528/3183/3007 2527/3182/3005
f  2488/3134/2945 2500/3133/2944 2525/3179/3001
f  2525/3179/3001 2473/3178/3000 2488/3134/2945
f  2478/3177/2999 2524/3176/2998 2522/3173/2995
f  2522/3173/2995 2486/3172/2994 2478/3177/2999
f  2528/3183/3007 2498/3130/3006 2480/3112/2967
f  2480/3112/2967 2508/3153/2967 2528/3183/3007
f  2495/3155/2971 2477/3109/2970 2493/3125/3003
f  2493/3125/3003 2494/3180/3002 2495/3155/2971
f  2460/3092/2886 196/196/201 194/194/199
f  194/194/199 2507/3184/3008 2460/3092/2886
f  2518/3165/3009 447/447/3010 446/446/2882
f  446/446/2882 2457/3089/2881 2518/3165/3009
f  2507/3184/3008 194/194/199 191/191/196
f  191/191/196 2508/3185/3011 2507/3184/3008
f  2519/3167/3012 448/448/3013 447/447/3010
f  447/447/3010 2518/3165/3009 2519/3167/3012
f  2495/3127/2936 218/218/223 188/188/193
f  188/188/193 2509/3186/3014 2495/3127/2936
f  2520/3169/3015 449/449/3016 448/448/3013
f  448/448/3013 2519/3167/3012 2520/3169/3015
f  2509/3186/3014 188/188/193 179/179/183
f  179/179/183 2510/3187/3017 2509/3186/3014
f  2527/3188/3018 689/740/726 688/739/725
f  688/739/725 2494/3189/2935 2527/3188/3018
f  2521/3171/3019 450/450/3020 449/449/3016
f  449/449/3016 2520/3169/3015 2521/3171/3019
f  2499/3132/3021 420/420/3022 419/419/3023
f  419/419/3023 2500/3133/3024 2499/3132/3021
f  2510/3187/3017 179/179/183 177/177/181
f  177/177/181 2511/3190/3025 2510/3187/3017
f  2522/3173/3026 415/415/3027 450/450/3020
f  450/450/3020 2521/3171/3019 2522/3173/3026
f  2501/3136/3028 421/421/3029 420/420/3022
f  420/420/3022 2499/3132/3021 2501/3136/3028
f  2511/3190/3025 177/177/181 175/175/179
f  175/175/179 2512/3191/3030 2511/3190/3025
f  2528/3192/3031 190/190/195 689/740/726
f  689/740/726 2527/3188/3018 2528/3192/3031
f  2523/3175/3032 417/417/3033 416/416/3034
f  416/416/3034 2524/3176/3035 2523/3175/3032
f  2502/3138/3036 422/422/3037 421/421/3029
f  421/421/3029 2501/3136/3028 2502/3138/3036
f  2512/3191/3030 175/175/179 173/173/177
f  173/173/177 2513/3193/3038 2512/3191/3030
f  2525/3179/3039 418/418/3040 417/417/3033
f  417/417/3033 2523/3175/3032 2525/3179/3039
f  2503/3140/3041 423/423/3042 422/422/3037
f  422/422/3037 2502/3138/3036 2503/3140/3041
f  2513/3193/3038 173/173/177 171/171/175
f  171/171/175 2514/3194/3043 2513/3193/3038
f  2493/3125/2934 436/436/2933 435/435/3044
f  435/435/3044 2526/3181/3045 2493/3125/2934
f  2504/3142/3046 424/424/3047 423/423/3042
f  423/423/3042 2503/3140/3041 2504/3142/3046
f  2514/3194/3043 171/171/175 169/169/173
f  169/169/173 2515/3195/3048 2514/3194/3043
f  2473/3105/2905 1302/1470/1594 1331/1501/1624
f  1331/1501/1624 2488/3120/2926 2473/3105/2905
f  2526/3181/3045 435/435/3044 434/434/2941
f  434/434/2941 2498/3130/2940 2526/3181/3045
f  2505/3144/3049 425/425/3050 424/424/3047
f  424/424/3047 2504/3142/3046 2505/3144/3049
f  2515/3195/3048 169/169/173 167/167/171
f  167/167/171 2516/3196/3051 2515/3195/3048
f  2500/3133/3024 419/419/3023 418/418/3040
f  418/418/3040 2525/3179/3039 2500/3133/3024
f  2516/3196/3051 167/167/171 165/165/169
f  165/165/169 2517/3197/3052 2516/3196/3051
f  2506/3146/3053 426/426/3054 425/425/3050
f  425/425/3050 2505/3144/3049 2506/3146/3053
f  2486/3118/2923 77/77/77 154/154/157
f  154/154/157 2478/3110/2912 2486/3118/2923
f  2524/3176/3035 416/416/3034 415/415/3027
f  415/415/3027 2522/3173/3026 2524/3176/3035
f  2517/3197/3052 165/165/169 163/163/167
f  163/163/167 2497/3129/2939 2517/3197/3052
f  2496/3128/2938 427/427/2937 426/426/3054
f  426/426/3054 2506/3146/3053 2496/3128/2938
f  2508/3185/3011 191/191/196 190/190/195
f  190/190/195 2528/3192/3031 2508/3185/3011
f  460/461/460 456/456/456 455/455/455
f  455/455/455 458/460/458 460/461/460
f  462/463/462 459/459/459 456/456/456
f  456/456/456 460/461/460 462/463/462
f  464/466/464 461/462/461 459/459/459
f  459/459/459 462/463/462 464/466/464
f  466/468/466 463/465/463 461/464/461
f  461/464/461 464/466/464 466/468/466
f  468/471/468 465/467/465 463/465/463
f  463/465/463 466/468/466 468/471/468
f  470/474/470 467/470/467 465/469/465
f  465/469/465 468/471/468 470/474/470
f  472/477/472 469/473/469 467/472/467
f  467/472/467 470/474/470 472/477/472
f  474/480/474 471/476/471 469/475/469
f  469/475/469 472/479/472 474/480/474
f  476/482/476 473/478/473 471/476/471
f  471/476/471 474/480/474 476/482/476
f  478/485/478 475/481/475 473/478/473
f  473/478/473 476/482/476 478/485/478
f  480/487/480 477/484/477 475/483/475
f  475/483/475 478/485/478 480/487/480
f  451/490/451 479/486/479 477/484/477
f  477/484/477 480/489/480 451/490/451
f  452/452/452 481/488/481 479/486/479
f  479/486/479 451/451/451 452/452/452
f  488/497/488 482/491/482 481/488/481
f  481/488/481 452/452/452 488/497/488
f  494/504/494 490/500/490 485/499/485
f  485/499/485 492/502/492 494/504/494
f  496/506/496 493/503/493 490/500/490
f  490/500/490 494/504/494 496/506/496
f  498/509/498 495/505/495 493/503/493
f  493/503/493 496/508/496 498/509/498
f  500/512/500 497/507/497 495/505/495
f  495/505/495 498/511/498 500/512/500
f  502/515/502 499/510/499 497/507/497
f  497/507/497 500/512/500 502/515/502
f  504/519/504 501/514/501 499/513/499
f  499/513/499 502/518/502 504/519/504
f  506/521/506 503/517/503 501/516/501
f  501/516/501 504/519/504 506/521/506
f  508/524/508 505/520/505 503/517/503
f  503/517/503 506/521/506 508/524/508
f  510/527/510 507/523/507 505/522/505
f  505/522/505 508/524/508 510/527/510
f  512/530/512 509/526/509 507/525/507
f  507/525/507 510/527/510 512/530/512
f  514/533/514 511/529/511 509/528/509
f  509/528/509 512/530/512 514/533/514
f  453/453/453 513/532/513 511/531/511
f  511/531/511 514/535/514 453/453/453
f  454/454/454 515/534/515 513/532/513
f  513/532/513 453/453/453 454/454/454
f  369/369/404 516/536/516 515/534/515
f  515/534/515 454/3198/454 369/369/404
f  529/551/529 524/545/524 523/544/523
f  523/544/523 527/548/527 529/551/529
f  531/555/531 528/550/528 524/549/524
f  524/549/524 529/554/529 531/555/531
f  533/558/533 530/553/530 528/552/528
f  528/552/528 531/557/531 533/558/533
f  535/561/535 532/556/532 530/553/530
f  530/553/530 533/558/533 535/561/535
f  537/565/537 534/560/534 532/559/532
f  532/559/532 535/564/535 537/565/537
f  539/567/539 536/563/536 534/562/534
f  534/562/534 537/565/537 539/567/539
f  541/571/541 538/566/538 536/563/536
f  536/563/536 539/570/539 541/571/541
f  543/575/543 540/569/540 538/568/538
f  538/568/538 541/574/541 543/575/543
f  545/577/545 542/573/542 540/572/540
f  540/572/540 543/575/543 545/577/545
f  547/580/547 544/576/544 542/573/542
f  542/573/542 545/579/545 547/580/547
f  549/582/549 546/578/546 544/576/544
f  544/576/544 547/580/547 549/582/549
f  520/541/520 548/581/548 546/578/546
f  546/578/546 549/584/549 520/541/520
f  521/542/521 550/583/550 548/581/548
f  548/581/548 520/541/520 521/542/521
f  559/595/559 551/586/551 550/585/550
f  550/585/550 521/542/521 559/595/559
f  565/602/565 561/597/561 556/592/556
f  556/592/556 563/599/563 565/602/565
f  567/605/567 564/601/564 561/600/561
f  561/600/561 565/602/565 567/605/567
f  569/608/569 566/604/566 564/603/564
f  564/603/564 567/605/567 569/608/569
f  571/611/571 568/607/568 566/606/566
f  566/606/566 569/610/569 571/611/571
f  573/614/573 570/609/570 568/607/568
f  568/607/568 571/613/571 573/614/573
f  575/617/575 572/612/572 570/609/570
f  570/609/570 573/616/573 575/617/575
f  577/619/577 574/615/574 572/612/572
f  572/612/572 575/617/575 577/619/577
f  579/622/579 576/618/576 574/615/574
f  574/615/574 577/619/577 579/622/579
f  581/625/581 578/621/578 576/620/576
f  576/620/576 579/622/579 581/625/581
f  583/628/583 580/624/580 578/623/578
f  578/623/578 581/627/581 583/628/583
f  585/630/585 582/626/582 580/624/580
f  580/624/580 583/628/583 585/630/585
f  522/634/522 584/629/584 582/626/582
f  582/626/582 585/633/585 522/634/522
f  519/539/519 586/632/586 584/631/584
f  584/631/584 522/543/522 519/539/519
f  486/540/486 587/635/587 586/632/586
f  586/632/586 519/539/519 486/540/486
f  698/754/741 592/753/593 517/537/517
f  517/537/517 370/755/405 698/754/741
f  457/457/743 518/643/594 592/642/593
f  592/642/593 698/754/741 457/457/743
f  491/501/491 484/493/484 700/757/745
f  700/757/745 697/752/740 491/501/491
f  697/752/740 700/762/745 483/761/751
f  483/761/751 489/765/754 697/752/740
f  706/770/757 703/760/749 588/769/588
f  588/769/588 487/771/487 706/770/757
f  525/546/759 590/639/750 703/760/749
f  703/760/749 706/773/757 525/546/759
f  562/767/562 555/775/555 708/774/761
f  708/774/761 705/768/756 562/767/562
f  705/781/756 708/778/761 552/777/763
f  552/777/763 560/782/766 705/781/756
f  516/536/516 369/369/404 370/370/405
f  370/370/405 517/537/517 516/536/516
f  518/538/518 457/457/457 458/458/458
f  458/458/458 455/455/455 518/538/518
f  489/498/489 483/492/483 482/491/482
f  482/491/482 488/497/488 489/498/489
f  492/502/492 485/494/485 484/493/484
f  484/493/484 491/501/491 492/502/492
f  587/636/587 486/495/486 487/496/487
f  487/496/487 588/637/588 587/636/587
f  590/639/590 525/546/525 527/548/527
f  527/548/527 523/640/523 590/639/590
f  560/596/560 552/588/552 551/587/551
f  551/587/551 559/595/559 560/596/560
f  563/599/563 556/592/556 555/591/555
f  555/591/555 562/598/562 563/599/563
f  454/3198/454 312/312/344 221/221/226
f  221/221/226 369/369/404 454/3198/454
f  1416/1590/1714 1406/1578/1704 1405/1577/1703
f  1405/1577/1703 1474/1674/1775 1416/1590/1714
f  1412/1585/1710 1409/1581/1707 1408/1580/1706
f  1408/1580/1706 1411/1584/1709 1412/1585/1710
f  1414/1588/1712 1410/1583/1708 1409/1582/1707
f  1409/1582/1707 1412/1587/1710 1414/1588/1712
f  1417/1591/1715 1413/1586/1711 1406/1578/1704
f  1406/1578/1704 1416/1590/1714 1417/1591/1715
f  1472/1670/1772 1415/1589/1713 1413/1586/1711
f  1413/1586/1711 1417/1591/1715 1472/1670/1772
f  1445/1627/1743 1418/1592/1716 1411/1584/1709
f  1411/1584/1709 1408/1630/1706 1445/1627/1743
f  1476/1680/1778 1407/1579/1705 1421/1595/1719
f  1421/1595/1719 1423/1679/1721 1476/1680/1778
f  1423/1597/1721 1421/1595/1719 1424/1598/1722
f  1424/1598/1722 1422/1596/1720 1423/1597/1721
f  1422/1600/1720 1424/1602/1722 1426/1601/1724
f  1426/1601/1724 1425/1599/1723 1422/1600/1720
f  1425/1599/1723 1426/1601/1724 1428/1604/1726
f  1428/1604/1726 1427/1603/1725 1425/1599/1723
f  1427/1603/1725 1428/1604/1726 1430/1606/1728
f  1430/1606/1728 1429/1605/1727 1427/1603/1725
f  1429/1605/1727 1430/1606/1728 1432/1608/1730
f  1432/1608/1730 1431/1607/1729 1429/1605/1727
f  1431/1610/1729 1432/1608/1730 1434/1611/1732
f  1434/1611/1732 1433/1609/1731 1431/1610/1729
f  1433/1609/1731 1434/1614/1732 1436/1613/1734
f  1436/1613/1734 1435/1612/1733 1433/1609/1731
f  1435/1616/1733 1436/1613/1734 1438/1617/1736
f  1438/1617/1736 1437/1615/1735 1435/1616/1733
f  1437/1619/1735 1438/1617/1736 1440/1620/1738
f  1440/1620/1738 1439/1618/1737 1437/1619/1735
f  1439/1622/1737 1440/1620/1738 1442/1623/1740
f  1442/1623/1740 1441/1621/1739 1439/1622/1737
f  1441/1621/1739 1442/1626/1740 1444/1625/1742
f  1444/1625/1742 1443/1624/1741 1441/1621/1739
f  1443/1624/1741 1444/1629/1742 1418/1628/1716
f  1418/1628/1716 1445/1627/1743 1443/1624/1741
f  1410/1635/1747 1414/1632/1745 1446/1631/1744
f  1446/1631/1744 1420/1594/1718 1410/1635/1747
f  1420/1594/1718 1446/1634/1744 1447/1633/1746
f  1447/1633/1746 1419/1593/1717 1420/1594/1718
f  1419/1637/1717 1447/1639/1746 1449/1638/1749
f  1449/1638/1749 1448/1636/1748 1419/1637/1717
f  1448/1641/1748 1449/1643/1749 1451/1642/1751
f  1451/1642/1751 1450/1640/1750 1448/1641/1748
f  1450/1640/1750 1451/1646/1751 1453/1645/1753
f  1453/1645/1753 1452/1644/1752 1450/1640/1750
f  1452/1644/1752 1453/1645/1753 1455/1648/1755
f  1455/1648/1755 1454/1647/1754 1452/1644/1752
f  1454/1647/1754 1455/1648/1755 1457/1650/1757
f  1457/1650/1757 1456/1649/1756 1454/1647/1754
f  1456/1649/1756 1457/1650/1757 1459/1652/1759
f  1459/1652/1759 1458/1651/1758 1456/1649/1756
f  1458/1651/1758 1459/1652/1759 1461/1654/1761
f  1461/1654/1761 1460/1653/1760 1458/1651/1758
f  1460/1656/1760 1461/1654/1761 1463/1657/1763
f  1463/1657/1763 1462/1655/1762 1460/1656/1760
f  1462/1655/1762 1463/1657/1763 1465/1659/1765
f  1465/1659/1765 1464/1658/1764 1462/1655/1762
f  1464/1658/1764 1465/1662/1765 1467/1661/1767
f  1467/1661/1767 1466/1660/1766 1464/1658/1764
f  1466/1664/1766 1467/1666/1767 1469/1665/1769
f  1469/1665/1769 1468/1663/1768 1466/1664/1766
f  1468/1668/1768 1469/1665/1769 1471/1669/1771
f  1471/1669/1771 1470/1667/1770 1468/1668/1768
f  1470/1678/1770 1471/1672/1771 1473/1671/1773
f  1473/1671/1773 1475/1677/1777 1470/1678/1770
f  1474/1674/1775 1405/1577/1703 1407/1579/1705
f  1407/1579/1705 1476/1680/1778 1474/1674/1775
f  1475/1676/1777 1473/1673/1773 1415/1589/1774
f  1415/1589/1774 1472/1675/1776 1475/1676/1777
f  1476/1680/1778 1335/1505/1629 1334/1504/1628
f  1334/1504/1628 1474/1674/1775 1476/1680/1778

